model,K,spk,local_t,gi,restart,start_id,objective,weights
timbrewm,8,chinese:SSB0005,0,0,0,0,0.0000032343,0.16098664;0.10407643;0.00000000;0.20241874;0.08995773;0.09736441;0.34519606;0.00000000
timbrewm,8,chinese:SSB0005,0,0,0,1,0.0000032344,0.16414351;0.10472997;0.00000000;0.21116789;0.08388389;0.09011959;0.34595515;0.00000000
timbrewm,8,chinese:SSB0005,0,0,0,2,0.0000032344,0.16034349;0.10822136;0.00000000;0.20495277;0.08431332;0.09845508;0.34371397;0.00000000
timbrewm,8,chinese:SSB0005,0,0,0,3,0.0000032344,0.15894214;0.10678763;0.00000000;0.21744512;0.08754602;0.08471999;0.34455910;0.00000000
timbrewm,8,chinese:SSB0005,0,0,0,4,0.0000032337,0.16625897;0.09913744;0.00000000;0.19573801;0.09109791;0.10039382;0.34737385;0.00000000
timbrewm,8,chinese:SSB0005,0,0,0,5,0.0000032344,0.15705112;0.10476789;0.00000000;0.20865999;0.08806087;0.09521123;0.34624890;0.00000000
timbrewm,8,chinese:SSB0005,0,0,0,6,0.0000032344,0.16414351;0.10472997;0.00000000;0.21116789;0.08388389;0.09011959;0.34595515;0.00000000
timbrewm,8,chinese:SSB0005,0,0,1,0,0.0000032343,0.16098664;0.10407643;0.00000000;0.20241874;0.08995773;0.09736441;0.34519606;0.00000000
timbrewm,8,chinese:SSB0005,0,0,1,1,0.0000032344,0.16414351;0.10472997;0.00000000;0.21116789;0.08388389;0.09011959;0.34595515;0.00000000
timbrewm,8,chinese:SSB0005,0,0,1,2,0.0000032344,0.16034349;0.10822136;0.00000000;0.20495277;0.08431332;0.09845508;0.34371397;0.00000000
timbrewm,8,chinese:SSB0005,0,0,1,3,0.0000032344,0.15588347;0.10535729;0.00000000;0.20966961;0.08892668;0.09464300;0.34551995;0.00000000
timbrewm,8,chinese:SSB0005,0,0,1,4,0.0000032345,0.15805011;0.11080092;0.00000000;0.21166204;0.08404432;0.09309842;0.34234419;0.00000000
timbrewm,8,chinese:SSB0005,0,0,1,5,0.0000032345,0.15934944;0.10660231;0.00000000;0.20942584;0.08786938;0.09250019;0.34425285;0.00000000
timbrewm,8,chinese:SSB0005,0,0,1,6,0.0000032333,0.16720432;0.11139653;0.00000000;0.18627482;0.08003854;0.11465276;0.34043302;0.00000000
timbrewm,8,chinese:SSB0005,0,0,2,0,0.0000032343,0.16098664;0.10407643;0.00000000;0.20241874;0.08995773;0.09736441;0.34519606;0.00000000
timbrewm,8,chinese:SSB0005,0,0,2,1,0.0000032344,0.16414351;0.10472997;0.00000000;0.21116789;0.08388389;0.09011959;0.34595515;0.00000000
timbrewm,8,chinese:SSB0005,0,0,2,2,0.0000032333,0.16720432;0.11139653;0.00000000;0.18627482;0.08003854;0.11465276;0.34043302;0.00000000
timbrewm,8,chinese:SSB0005,0,0,2,3,0.0000032345,0.15805011;0.11080092;0.00000000;0.21166204;0.08404432;0.09309842;0.34234419;0.00000000
timbrewm,8,chinese:SSB0005,0,0,2,4,0.0000032344,0.15665878;0.10726019;0.00000000;0.21945583;0.08742047;0.08478162;0.34442310;0.00000000
timbrewm,8,chinese:SSB0005,0,0,2,5,0.0000032344,0.15588347;0.10535729;0.00000000;0.20966961;0.08892668;0.09464300;0.34551995;0.00000000
timbrewm,8,chinese:SSB0005,0,0,2,6,0.0000032331,0.16626184;0.10591083;0.00000000;0.18781139;0.07755726;0.11669750;0.34576118;0.00000000
timbrewm,8,chinese:SSB0005,0,0,3,0,0.0000032343,0.16098664;0.10407643;0.00000000;0.20241874;0.08995773;0.09736441;0.34519606;0.00000000
timbrewm,8,chinese:SSB0005,0,0,3,1,0.0000032344,0.16414351;0.10472997;0.00000000;0.21116789;0.08388389;0.09011959;0.34595515;0.00000000
timbrewm,8,chinese:SSB0005,0,0,3,2,0.0000032344,0.16034349;0.10822136;0.00000000;0.20495277;0.08431332;0.09845508;0.34371397;0.00000000
timbrewm,8,chinese:SSB0005,0,0,3,3,0.0000032337,0.16625897;0.09913744;0.00000000;0.19573801;0.09109791;0.10039382;0.34737385;0.00000000
timbrewm,8,chinese:SSB0005,0,0,3,4,0.0000032335,0.16154384;0.10251446;0.00000000;0.22829356;0.09203317;0.06889220;0.34672278;0.00000000
timbrewm,8,chinese:SSB0005,0,0,3,5,0.0000032344,0.16414351;0.10472997;0.00000000;0.21116789;0.08388389;0.09011959;0.34595515;0.00000000
timbrewm,8,chinese:SSB0005,0,0,3,6,0.0000032345,0.15805011;0.11080092;0.00000000;0.21166204;0.08404432;0.09309842;0.34234419;0.00000000
timbrewm,8,chinese:SSB0009,0,1,0,0,0.0000046232,0.32433584;0.22683118;0.09688302;0.08603260;0.00000000;0.07508401;0.10300199;0.08783136
timbrewm,8,chinese:SSB0009,0,1,0,1,0.0000046230,0.32654650;0.22917002;0.09896612;0.07064924;0.00000000;0.07113669;0.08779240;0.11573904
timbrewm,8,chinese:SSB0009,0,1,0,2,0.0000046235,0.32411837;0.22352646;0.09698461;0.08365717;0.00000000;0.07590581;0.10502709;0.09078047
timbrewm,8,chinese:SSB0009,0,1,0,3,0.0000046238,0.32518165;0.22636304;0.09788762;0.07760430;0.00000000;0.07250646;0.09867798;0.10177896
timbrewm,8,chinese:SSB0009,0,1,0,4,0.0000046238,0.32706425;0.22917223;0.09265872;0.07892859;0.00000000;0.07551189;0.09530868;0.10135563
timbrewm,8,chinese:SSB0009,0,1,0,5,0.0000046234,0.32576485;0.22795671;0.09189737;0.07845201;0.00000000;0.08207140;0.10317261;0.09068505
timbrewm,8,chinese:SSB0009,0,1,0,6,0.0000046238,0.32565593;0.22882238;0.09602220;0.07568687;0.00000000;0.07272616;0.09707874;0.10400771
timbrewm,8,chinese:SSB0009,0,1,1,0,0.0000046232,0.32433584;0.22683118;0.09688302;0.08603260;0.00000000;0.07508401;0.10300199;0.08783136
timbrewm,8,chinese:SSB0009,0,1,1,1,0.0000046230,0.32654650;0.22917002;0.09896612;0.07064924;0.00000000;0.07113669;0.08779240;0.11573904
timbrewm,8,chinese:SSB0009,0,1,1,2,0.0000046238,0.32474839;0.22373245;0.09887286;0.07838482;0.00000000;0.07594270;0.10001425;0.09830451
timbrewm,8,chinese:SSB0009,0,1,1,3,0.0000046236,0.32758304;0.22665358;0.09165644;0.08406154;0.00000000;0.07803885;0.09514323;0.09686333
timbrewm,8,chinese:SSB0009,0,1,1,4,0.0000046238,0.32616171;0.22792168;0.09400381;0.07726807;0.00000000;0.07730607;0.09805418;0.09928447
timbrewm,8,chinese:SSB0009,0,1,1,5,0.0000046237,0.32410264;0.22895716;0.09348630;0.08038008;0.00000000;0.07288140;0.10160255;0.09858986
timbrewm,8,chinese:SSB0009,0,1,1,6,0.0000046237,0.32410264;0.22895716;0.09348630;0.08038008;0.00000000;0.07288140;0.10160255;0.09858986
timbrewm,8,chinese:SSB0009,0,1,2,0,0.0000046232,0.32433584;0.22683118;0.09688302;0.08603260;0.00000000;0.07508401;0.10300199;0.08783136
timbrewm,8,chinese:SSB0009,0,1,2,1,0.0000046230,0.32654650;0.22917002;0.09896612;0.07064924;0.00000000;0.07113669;0.08779240;0.11573904
timbrewm,8,chinese:SSB0009,0,1,2,2,0.0000046234,0.32294197;0.22695134;0.09793808;0.08382028;0.00000000;0.06865850;0.10473537;0.09495446
timbrewm,8,chinese:SSB0009,0,1,2,3,0.0000046238,0.32655528;0.22723457;0.09376785;0.08013306;0.00000000;0.07678761;0.09809477;0.09742685
timbrewm,8,chinese:SSB0009,0,1,2,4,0.0000046237,0.32682814;0.23116758;0.09303799;0.07533175;0.00000000;0.07259190;0.09458749;0.10645514
timbrewm,8,chinese:SSB0009,0,1,2,5,0.0000046238,0.32474839;0.22373245;0.09887286;0.07838482;0.00000000;0.07594270;0.10001425;0.09830451
timbrewm,8,chinese:SSB0009,0,1,2,6,0.0000046238,0.32655528;0.22723457;0.09376785;0.08013306;0.00000000;0.07678761;0.09809477;0.09742685
timbrewm,8,chinese:SSB0009,0,1,3,0,0.0000046232,0.32433584;0.22683118;0.09688302;0.08603260;0.00000000;0.07508401;0.10300199;0.08783136
timbrewm,8,chinese:SSB0009,0,1,3,1,0.0000046230,0.32654650;0.22917002;0.09896612;0.07064924;0.00000000;0.07113669;0.08779240;0.11573904
timbrewm,8,chinese:SSB0009,0,1,3,2,0.0000046237,0.32365680;0.22526303;0.09889685;0.07776639;0.00000000;0.07479064;0.10299649;0.09662980
timbrewm,8,chinese:SSB0009,0,1,3,3,0.0000046238,0.32504149;0.22618161;0.09620774;0.07841868;0.00000000;0.07665214;0.10178884;0.09570950
timbrewm,8,chinese:SSB0009,0,1,3,4,0.0000046234,0.32294197;0.22695134;0.09793808;0.08382028;0.00000000;0.06865850;0.10473537;0.09495446
timbrewm,8,chinese:SSB0009,0,1,3,5,0.0000046238,0.32616171;0.22792168;0.09400381;0.07726807;0.00000000;0.07730607;0.09805418;0.09928447
timbrewm,8,chinese:SSB0009,0,1,3,6,0.0000046230,0.32654650;0.22917002;0.09896612;0.07064924;0.00000000;0.07113669;0.08779240;0.11573904
timbrewm,8,chinese:SSB0011,0,2,0,0,0.0000011234,0.12745718;0.13147316;0.17990237;0.16895332;0.00000000;0.26296786;0.00000000;0.12924611
timbrewm,8,chinese:SSB0011,0,2,0,1,0.0000011246,0.09229812;0.11633481;0.22318705;0.19430259;0.00000000;0.25205359;0.00000000;0.12182385
timbrewm,8,chinese:SSB0011,0,2,0,2,0.0000011243,0.11289491;0.14196873;0.19269800;0.17805472;0.00000000;0.26382007;0.00000000;0.11056357
timbrewm,8,chinese:SSB0011,0,2,0,3,0.0000011246,0.09049199;0.11840370;0.22597274;0.19043532;0.00000000;0.26520660;0.00000000;0.10948966
timbrewm,8,chinese:SSB0011,0,2,0,4,0.0000011247,0.11087708;0.12713914;0.20847745;0.17369999;0.00000000;0.26989715;0.00000000;0.10990919
timbrewm,8,chinese:SSB0011,0,2,0,5,0.0000011246,0.10573595;0.11181692;0.21531205;0.18330274;0.00000000;0.25807072;0.00000000;0.12576161
timbrewm,8,chinese:SSB0011,0,2,0,6,0.0000011245,0.11674237;0.13269307;0.19982423;0.18041346;0.00000000;0.26727342;0.00000000;0.10305345
timbrewm,8,chinese:SSB0011,0,2,1,0,0.0000011234,0.12745718;0.13147316;0.17990237;0.16895332;0.00000000;0.26296786;0.00000000;0.12924611
timbrewm,8,chinese:SSB0011,0,2,1,1,0.0000011246,0.09229812;0.11633481;0.22318705;0.19430259;0.00000000;0.25205359;0.00000000;0.12182385
timbrewm,8,chinese:SSB0011,0,2,1,2,0.0000011243,0.11717863;0.13854712;0.18985181;0.18004933;0.00000000;0.25531314;0.00000000;0.11905996
timbrewm,8,chinese:SSB0011,0,2,1,3,0.0000011233,0.13416835;0.13859350;0.18106771;0.17750978;0.00000000;0.26732390;0.00000000;0.10133675
timbrewm,8,chinese:SSB0011,0,2,1,4,0.0000011239,0.11534602;0.13427116;0.20240476;0.16175727;0.00000000;0.27575384;0.00000000;0.11046695
timbrewm,8,chinese:SSB0011,0,2,1,5,0.0000011246,0.11651317;0.12155465;0.20828695;0.17760214;0.00000000;0.26899804;0.00000000;0.10704506
timbrewm,8,chinese:SSB0011,0,2,1,6,0.0000011248,0.10622654;0.12700881;0.20336540;0.19108964;0.00000000;0.25521881;0.00000000;0.11709080
timbrewm,8,chinese:SSB0011,0,2,2,0,0.0000011234,0.12745718;0.13147316;0.17990237;0.16895332;0.00000000;0.26296786;0.00000000;0.12924611
timbrewm,8,chinese:SSB0011,0,2,2,1,0.0000011246,0.09229812;0.11633481;0.22318705;0.19430259;0.00000000;0.25205359;0.00000000;0.12182385
timbrewm,8,chinese:SSB0011,0,2,2,2,0.0000011243,0.11289491;0.14196873;0.19269800;0.17805472;0.00000000;0.26382007;0.00000000;0.11056357
timbrewm,8,chinese:SSB0011,0,2,2,3,0.0000011243,0.11717863;0.13854712;0.18985181;0.18004933;0.00000000;0.25531314;0.00000000;0.11905996
timbrewm,8,chinese:SSB0011,0,2,2,4,0.0000011246,0.10928837;0.12524043;0.20448705;0.17943755;0.00000000;0.25251717;0.00000000;0.12902943
timbrewm,8,chinese:SSB0011,0,2,2,5,0.0000011246,0.09049199;0.11840370;0.22597274;0.19043532;0.00000000;0.26520660;0.00000000;0.10948966
timbrewm,8,chinese:SSB0011,0,2,2,6,0.0000011250,0.10324975;0.12411949;0.21033432;0.18661564;0.00000000;0.25860071;0.00000000;0.11708009
timbrewm,8,chinese:SSB0011,0,2,3,0,0.0000011234,0.12745718;0.13147316;0.17990237;0.16895332;0.00000000;0.26296786;0.00000000;0.12924611
timbrewm,8,chinese:SSB0011,0,2,3,1,0.0000011246,0.09229812;0.11633481;0.22318705;0.19430259;0.00000000;0.25205359;0.00000000;0.12182385
timbrewm,8,chinese:SSB0011,0,2,3,2,0.0000011248,0.11180207;0.12050450;0.20570110;0.19064056;0.00000000;0.26041583;0.00000000;0.11093595
timbrewm,8,chinese:SSB0011,0,2,3,3,0.0000011249,0.10051366;0.12533946;0.21053094;0.19288922;0.00000000;0.25851991;0.00000000;0.11220681
timbrewm,8,chinese:SSB0011,0,2,3,4,0.0000011224,0.12761385;0.14362270;0.16678702;0.18639556;0.00000000;0.24715192;0.00000000;0.12842894
timbrewm,8,chinese:SSB0011,0,2,3,5,0.0000011233,0.13416835;0.13859350;0.18106771;0.17750978;0.00000000;0.26732390;0.00000000;0.10133675
timbrewm,8,chinese:SSB0011,0,2,3,6,0.0000011247,0.09082565;0.12202402;0.22128775;0.19577319;0.00000000;0.25905508;0.00000000;0.11103432
timbrewm,8,chinese:SSB0012,0,3,0,0,0.0000034837,0.25617151;0.06906336;0.02212856;0.01703093;0.07153154;0.25334378;0.17444808;0.13628224
timbrewm,8,chinese:SSB0012,0,3,0,1,0.0000034835,0.25660178;0.06611341;0.01606678;0.02170344;0.07148852;0.25646031;0.17662502;0.13494074
timbrewm,8,chinese:SSB0012,0,3,0,2,0.0000034831,0.25717623;0.06585011;0.00795867;0.02398391;0.07447252;0.25645439;0.18327599;0.13082817
timbrewm,8,chinese:SSB0012,0,3,0,3,0.0000034835,0.25500189;0.07243448;0.02082976;0.01324103;0.07613522;0.25343789;0.16981336;0.13910636
timbrewm,8,chinese:SSB0012,0,3,0,4,0.0000034832,0.25389900;0.07615602;0.03001413;0.01453366;0.07302741;0.24724854;0.16032624;0.14479501
timbrewm,8,chinese:SSB0012,0,3,0,5,0.0000034829,0.25634301;0.06217920;0.00918608;0.02033403;0.07324399;0.26217390;0.19112800;0.12541178
timbrewm,8,chinese:SSB0012,0,3,0,6,0.0000034828,0.26143372;0.05990671;0.01167087;0.01391565;0.07317856;0.26264294;0.19405989;0.12319166
timbrewm,8,chinese:SSB0012,0,3,1,0,0.0000034837,0.25617151;0.06906336;0.02212856;0.01703093;0.07153154;0.25334378;0.17444808;0.13628224
timbrewm,8,chinese:SSB0012,0,3,1,1,0.0000034835,0.25660178;0.06611341;0.01606678;0.02170344;0.07148852;0.25646031;0.17662502;0.13494074
timbrewm,8,chinese:SSB0012,0,3,1,2,0.0000034834,0.25282187;0.07658868;0.02923795;0.01490096;0.07419602;0.24932847;0.16328544;0.13964061
timbrewm,8,chinese:SSB0012,0,3,1,3,0.0000034828,0.26143372;0.05990671;0.01167087;0.01391565;0.07317856;0.26264294;0.19405989;0.12319166
timbrewm,8,chinese:SSB0012,0,3,1,4,0.0000034835,0.25500189;0.07243448;0.02082976;0.01324103;0.07613522;0.25343789;0.16981336;0.13910636
timbrewm,8,chinese:SSB0012,0,3,1,5,0.0000034830,0.25254575;0.07613691;0.03167113;0.01777201;0.07151218;0.24589348;0.15691433;0.14755420
timbrewm,8,chinese:SSB0012,0,3,1,6,0.0000034834,0.25866608;0.07126163;0.02304230;0.01469407;0.06638473;0.25688353;0.17045106;0.13861660
timbrewm,8,chinese:SSB0012,0,3,2,0,0.0000034837,0.25617151;0.06906336;0.02212856;0.01703093;0.07153154;0.25334378;0.17444808;0.13628224
timbrewm,8,chinese:SSB0012,0,3,2,1,0.0000034835,0.25660178;0.06611341;0.01606678;0.02170344;0.07148852;0.25646031;0.17662502;0.13494074
timbrewm,8,chinese:SSB0012,0,3,2,2,0.0000034836,0.25596217;0.06901761;0.02547718;0.01335822;0.07602189;0.25152235;0.17452505;0.13411553
timbrewm,8,chinese:SSB0012,0,3,2,3,0.0000034829,0.25764917;0.06371305;0.00876700;0.01260607;0.07372999;0.26460721;0.18846290;0.13046461
timbrewm,8,chinese:SSB0012,0,3,2,4,0.0000034829,0.25634301;0.06217920;0.00918608;0.02033403;0.07324399;0.26217390;0.19112800;0.12541178
timbrewm,8,chinese:SSB0012,0,3,2,5,0.0000034835,0.25660178;0.06611341;0.01606678;0.02170344;0.07148852;0.25646031;0.17662502;0.13494074
timbrewm,8,chinese:SSB0012,0,3,2,6,0.0000034837,0.25510235;0.07041739;0.02328789;0.01616781;0.07092625;0.25279585;0.17559670;0.13570578
timbrewm,8,chinese:SSB0012,0,3,3,0,0.0000034837,0.25617151;0.06906336;0.02212856;0.01703093;0.07153154;0.25334378;0.17444808;0.13628224
timbrewm,8,chinese:SSB0012,0,3,3,1,0.0000034835,0.25660178;0.06611341;0.01606678;0.02170344;0.07148852;0.25646031;0.17662502;0.13494074
timbrewm,8,chinese:SSB0012,0,3,3,2,0.0000034831,0.25717623;0.06585011;0.00795867;0.02398391;0.07447252;0.25645439;0.18327599;0.13082817
timbrewm,8,chinese:SSB0012,0,3,3,3,0.0000034830,0.25254575;0.07613691;0.03167113;0.01777201;0.07151218;0.24589348;0.15691433;0.14755420
timbrewm,8,chinese:SSB0012,0,3,3,4,0.0000034835,0.25660178;0.06611341;0.01606678;0.02170344;0.07148852;0.25646031;0.17662502;0.13494074
timbrewm,8,chinese:SSB0012,0,3,3,5,0.0000034834,0.25634927;0.06983107;0.02387562;0.02011319;0.07253273;0.25649091;0.16920928;0.13159793
timbrewm,8,chinese:SSB0012,0,3,3,6,0.0000034836,0.25596217;0.06901761;0.02547718;0.01335822;0.07602189;0.25152235;0.17452505;0.13411553
timbrewm,8,chinese:SSB0016,0,4,0,0,0.0000004562,0.00000000;0.19636061;0.14629562;0.10118132;0.10079406;0.18343223;0.21468640;0.05724975
timbrewm,8,chinese:SSB0016,0,4,0,1,0.0000004611,0.00000000;0.09415497;0.17642704;0.12034319;0.00000000;0.30453754;0.30453726;0.00000001
timbrewm,8,chinese:SSB0016,0,4,0,2,0.0000004587,0.00000000;0.14005747;0.13436805;0.13071136;0.05854520;0.26297920;0.24964747;0.02369126
timbrewm,8,chinese:SSB0016,0,4,0,3,0.0000004610,0.00000000;0.18178247;0.25950374;0.02335079;0.00000000;0.25950470;0.26723307;0.00862522
timbrewm,8,chinese:SSB0016,0,4,0,4,0.0000004611,0.00000000;0.09415497;0.17642704;0.12034319;0.00000000;0.30453754;0.30453726;0.00000001
timbrewm,8,chinese:SSB0016,0,4,0,5,0.0000004640,0.00000000;0.14877418;0.17436553;0.05915812;0.00000000;0.29998237;0.27998022;0.03773957
timbrewm,8,chinese:SSB0016,0,4,0,6,0.0000004561,0.00000000;0.15070415;0.13989543;0.12009438;0.11074900;0.18829504;0.26885694;0.02140505
timbrewm,8,chinese:SSB0016,0,4,1,0,0.0000004562,0.00000000;0.19636061;0.14629562;0.10118132;0.10079406;0.18343223;0.21468640;0.05724975
timbrewm,8,chinese:SSB0016,0,4,1,1,0.0000004611,0.00000000;0.09415497;0.17642704;0.12034319;0.00000000;0.30453754;0.30453726;0.00000001
timbrewm,8,chinese:SSB0016,0,4,1,2,0.0000004616,0.00000000;0.20029693;0.20198726;0.04986622;0.03102647;0.25230045;0.21254169;0.05198097
timbrewm,8,chinese:SSB0016,0,4,1,3,0.0000004581,0.00000000;0.14895627;0.20607228;0.09140165;0.10066158;0.19096912;0.24596181;0.01597728
timbrewm,8,chinese:SSB0016,0,4,1,4,0.0000004610,0.00000000;0.18178247;0.25950374;0.02335079;0.00000000;0.25950470;0.26723307;0.00862522
timbrewm,8,chinese:SSB0016,0,4,1,5,0.0000004555,0.00000000;0.17989944;0.16770731;0.08330730;0.09448759;0.17145294;0.20600132;0.09714409
timbrewm,8,chinese:SSB0016,0,4,1,6,0.0000004574,0.00000000;0.20267934;0.25881078;0.03242774;0.05741493;0.19392485;0.21391676;0.04082559
timbrewm,8,chinese:SSB0016,0,4,2,0,0.0000004562,0.00000000;0.19636061;0.14629562;0.10118132;0.10079406;0.18343223;0.21468640;0.05724975
timbrewm,8,chinese:SSB0016,0,4,2,1,0.0000004611,0.00000000;0.09415497;0.17642704;0.12034319;0.00000000;0.30453754;0.30453726;0.00000001
timbrewm,8,chinese:SSB0016,0,4,2,2,0.0000004600,0.00000000;0.14179880;0.18006626;0.11441341;0.06416388;0.23677859;0.25659618;0.00618288
timbrewm,8,chinese:SSB0016,0,4,2,3,0.0000004617,0.00000000;0.17819902;0.18926867;0.05275208;0.05612130;0.25079046;0.27286841;0.00000007
timbrewm,8,chinese:SSB0016,0,4,2,4,0.0000004594,0.00000000;0.19180472;0.20847101;0.05260528;0.09085944;0.19599757;0.23460101;0.02566097
timbrewm,8,chinese:SSB0016,0,4,2,5,0.0000004593,0.00000000;0.20795780;0.17019232;0.07514405;0.05136685;0.20910517;0.23504081;0.05119299
timbrewm,8,chinese:SSB0016,0,4,2,6,0.0000004534,0.00000000;0.16181481;0.15169631;0.08471679;0.14343691;0.14291688;0.24303579;0.07238251
timbrewm,8,chinese:SSB0016,0,4,3,0,0.0000004562,0.00000000;0.19636061;0.14629562;0.10118132;0.10079406;0.18343223;0.21468640;0.05724975
timbrewm,8,chinese:SSB0016,0,4,3,1,0.0000004611,0.00000000;0.09415497;0.17642704;0.12034319;0.00000000;0.30453754;0.30453726;0.00000001
timbrewm,8,chinese:SSB0016,0,4,3,2,0.0000004594,0.00000000;0.19180472;0.20847101;0.05260528;0.09085944;0.19599757;0.23460101;0.02566097
timbrewm,8,chinese:SSB0016,0,4,3,3,0.0000004616,0.00000000;0.20029693;0.20198726;0.04986622;0.03102647;0.25230045;0.21254169;0.05198097
timbrewm,8,chinese:SSB0016,0,4,3,4,0.0000004586,0.00000000;0.20972961;0.14224394;0.07071060;0.07937586;0.22787422;0.24917521;0.02089056
timbrewm,8,chinese:SSB0016,0,4,3,5,0.0000004608,0.00000000;0.19023046;0.18554717;0.07734426;0.01811904;0.24553555;0.20815755;0.07506597
timbrewm,8,chinese:SSB0016,0,4,3,6,0.0000004589,0.00000000;0.17971852;0.21636931;0.02444330;0.08773771;0.20692905;0.28242093;0.00238119
timbrewm,8,chinese:SSB0018,0,5,0,0,0.0000014908,0.26390323;0.04269569;0.21683719;0.08682381;0.08716325;0.06305965;0.10533312;0.13418405
timbrewm,8,chinese:SSB0018,0,5,0,1,0.0000014927,0.25408254;0.03869894;0.24811340;0.09588173;0.11297178;0.00000002;0.13478897;0.11546263
timbrewm,8,chinese:SSB0018,0,5,0,2,0.0000014915,0.25203904;0.05602018;0.22485011;0.07175605;0.10918636;0.03586799;0.12550093;0.12477934
timbrewm,8,chinese:SSB0018,0,5,0,3,0.0000014925,0.25349727;0.03895526;0.22688873;0.08881304;0.10432100;0.03350302;0.12062108;0.13340059
timbrewm,8,chinese:SSB0018,0,5,0,4,0.0000014919,0.27436865;0.02137450;0.22022090;0.09969341;0.08973179;0.04580075;0.13199087;0.11681913
timbrewm,8,chinese:SSB0018,0,5,0,5,0.0000014925,0.26833257;0.02380453;0.24372914;0.09983535;0.09571560;0.02749993;0.11805147;0.12303140
timbrewm,8,chinese:SSB0018,0,5,0,6,0.0000014917,0.25915729;0.05409432;0.22564116;0.09473808;0.10376427;0.03642006;0.10582580;0.12035901
timbrewm,8,chinese:SSB0018,0,5,1,0,0.0000014908,0.26390323;0.04269569;0.21683719;0.08682381;0.08716325;0.06305965;0.10533312;0.13418405
timbrewm,8,chinese:SSB0018,0,5,1,1,0.0000014927,0.25408254;0.03869894;0.24811340;0.09588173;0.11297178;0.00000002;0.13478897;0.11546263
timbrewm,8,chinese:SSB0018,0,5,1,2,0.0000014915,0.25203904;0.05602018;0.22485011;0.07175605;0.10918636;0.03586799;0.12550093;0.12477934
timbrewm,8,chinese:SSB0018,0,5,1,3,0.0000014919,0.27276017;0.01895875;0.22286762;0.11277973;0.08893517;0.04271927;0.12710923;0.11387006
timbrewm,8,chinese:SSB0018,0,5,1,4,0.0000014926,0.24774976;0.04154658;0.24531965;0.08699542;0.10669298;0.01811064;0.12904416;0.12454080
timbrewm,8,chinese:SSB0018,0,5,1,5,0.0000014922,0.27433114;0.03130463;0.23339027;0.09367495;0.10073962;0.03889400;0.11865264;0.10901275
timbrewm,8,chinese:SSB0018,0,5,1,6,0.0000014926,0.26130424;0.01733155;0.23929058;0.10010962;0.10217394;0.01878144;0.13563254;0.12537609
timbrewm,8,chinese:SSB0018,0,5,2,0,0.0000014908,0.26390323;0.04269569;0.21683719;0.08682381;0.08716325;0.06305965;0.10533312;0.13418405
timbrewm,8,chinese:SSB0018,0,5,2,1,0.0000014927,0.25408254;0.03869894;0.24811340;0.09588173;0.11297178;0.00000002;0.13478897;0.11546263
timbrewm,8,chinese:SSB0018,0,5,2,2,0.0000014930,0.25909655;0.03450942;0.23716999;0.09278767;0.11060611;0.02077773;0.12514374;0.11990880
timbrewm,8,chinese:SSB0018,0,5,2,3,0.0000014930,0.26163545;0.03231809;0.23995201;0.09527852;0.10484461;0.02047964;0.12499892;0.12049275
timbrewm,8,chinese:SSB0018,0,5,2,4,0.0000014928,0.25072360;0.04458874;0.22998324;0.08722724;0.10673844;0.01832181;0.13454546;0.12787147
timbrewm,8,chinese:SSB0018,0,5,2,5,0.0000014926,0.26130424;0.01733155;0.23929058;0.10010962;0.10217394;0.01878144;0.13563254;0.12537609
timbrewm,8,chinese:SSB0018,0,5,2,6,0.0000014925,0.25349727;0.03895526;0.22688873;0.08881304;0.10432100;0.03350302;0.12062108;0.13340059
timbrewm,8,chinese:SSB0018,0,5,3,0,0.0000014908,0.26390323;0.04269569;0.21683719;0.08682381;0.08716325;0.06305965;0.10533312;0.13418405
timbrewm,8,chinese:SSB0018,0,5,3,1,0.0000014927,0.25408254;0.03869894;0.24811340;0.09588173;0.11297178;0.00000002;0.13478897;0.11546263
timbrewm,8,chinese:SSB0018,0,5,3,2,0.0000014927,0.26270105;0.02933332;0.22699686;0.09793037;0.09852844;0.03892916;0.11872270;0.12685809
timbrewm,8,chinese:SSB0018,0,5,3,3,0.0000014922,0.27433114;0.03130463;0.23339027;0.09367495;0.10073962;0.03889400;0.11865264;0.10901275
timbrewm,8,chinese:SSB0018,0,5,3,4,0.0000014917,0.25915729;0.05409432;0.22564116;0.09473808;0.10376427;0.03642006;0.10582580;0.12035901
timbrewm,8,chinese:SSB0018,0,5,3,5,0.0000014917,0.24633284;0.05110070;0.21239224;0.09895200;0.11326994;0.03665853;0.12705834;0.11423542
timbrewm,8,chinese:SSB0018,0,5,3,6,0.0000014927,0.25488678;0.04060965;0.22902714;0.09460692;0.11316527;0.02802925;0.11954950;0.12012548
timbrewm,8,chinese:SSB0033,0,6,0,0,0.0000023905,0.00000000;0.34810861;0.33532402;0.00000000;0.00000000;0.02175766;0.29480971;0.00000000
timbrewm,8,chinese:SSB0033,0,6,0,1,0.0000023905,0.00000000;0.34871322;0.33302159;0.00000000;0.00000000;0.02377074;0.29449444;0.00000000
timbrewm,8,chinese:SSB0033,0,6,0,2,0.0000023906,0.00000000;0.33632069;0.33471949;0.00000000;0.00000000;0.03884452;0.29011530;0.00000000
timbrewm,8,chinese:SSB0033,0,6,0,3,0.0000023906,0.00000000;0.33632069;0.33471949;0.00000000;0.00000000;0.03884452;0.29011530;0.00000000
timbrewm,8,chinese:SSB0033,0,6,0,4,0.0000023904,0.00074297;0.34624963;0.33634966;0.00000000;0.00000000;0.03310247;0.28355527;0.00000000
timbrewm,8,chinese:SSB0033,0,6,0,5,0.0000023905,0.00000000;0.33470529;0.33426667;0.00000000;0.00000000;0.04132865;0.28969939;0.00000000
timbrewm,8,chinese:SSB0033,0,6,0,6,0.0000023908,0.00000000;0.34160880;0.33579640;0.00000000;0.00000000;0.03016471;0.29243009;0.00000000
timbrewm,8,chinese:SSB0033,0,6,1,0,0.0000023905,0.00000000;0.34810861;0.33532402;0.00000000;0.00000000;0.02175766;0.29480971;0.00000000
timbrewm,8,chinese:SSB0033,0,6,1,1,0.0000023905,0.00000000;0.34871322;0.33302159;0.00000000;0.00000000;0.02377074;0.29449444;0.00000000
timbrewm,8,chinese:SSB0033,0,6,1,2,0.0000023907,0.00000000;0.33715075;0.33454550;0.00000000;0.00000000;0.03284445;0.29545931;0.00000000
timbrewm,8,chinese:SSB0033,0,6,1,3,0.0000023905,0.00000000;0.33470529;0.33426667;0.00000000;0.00000000;0.04132865;0.28969939;0.00000000
timbrewm,8,chinese:SSB0033,0,6,1,4,0.0000023904,0.00326989;0.33700508;0.34064814;0.00000000;0.00000000;0.03077812;0.28829877;0.00000000
timbrewm,8,chinese:SSB0033,0,6,1,5,0.0000023901,0.00633549;0.34454833;0.33508676;0.00000000;0.00000000;0.02953415;0.28449528;0.00000000
timbrewm,8,chinese:SSB0033,0,6,1,6,0.0000023908,0.00000000;0.34232762;0.33632378;0.00000000;0.00000000;0.02964011;0.29170849;0.00000000
timbrewm,8,chinese:SSB0033,0,6,2,0,0.0000023905,0.00000000;0.34810861;0.33532402;0.00000000;0.00000000;0.02175766;0.29480971;0.00000000
timbrewm,8,chinese:SSB0033,0,6,2,1,0.0000023905,0.00000000;0.34871322;0.33302159;0.00000000;0.00000000;0.02377074;0.29449444;0.00000000
timbrewm,8,chinese:SSB0033,0,6,2,2,0.0000023903,0.00000000;0.33036363;0.33936525;0.00000000;0.00000000;0.03678262;0.29348850;0.00000000
timbrewm,8,chinese:SSB0033,0,6,2,3,0.0000023906,0.00000000;0.33632069;0.33471949;0.00000000;0.00000000;0.03884452;0.29011530;0.00000000
timbrewm,8,chinese:SSB0033,0,6,2,4,0.0000023907,0.00000000;0.33854022;0.33529555;0.00000000;0.00000000;0.03546303;0.29070121;0.00000000
timbrewm,8,chinese:SSB0033,0,6,2,5,0.0000023901,0.00633549;0.34454833;0.33508676;0.00000000;0.00000000;0.02953415;0.28449528;0.00000000
timbrewm,8,chinese:SSB0033,0,6,2,6,0.0000023907,0.00000000;0.33841890;0.33761592;0.00000000;0.00000000;0.03360199;0.29036319;0.00000000
timbrewm,8,chinese:SSB0033,0,6,3,0,0.0000023905,0.00000000;0.34810861;0.33532402;0.00000000;0.00000000;0.02175766;0.29480971;0.00000000
timbrewm,8,chinese:SSB0033,0,6,3,1,0.0000023905,0.00000000;0.34871322;0.33302159;0.00000000;0.00000000;0.02377074;0.29449444;0.00000000
timbrewm,8,chinese:SSB0033,0,6,3,2,0.0000023907,0.00000000;0.33730122;0.33497719;0.00000000;0.00000000;0.03734369;0.29037791;0.00000000
timbrewm,8,chinese:SSB0033,0,6,3,3,0.0000023901,0.00633549;0.34454833;0.33508676;0.00000000;0.00000000;0.02953415;0.28449528;0.00000000
timbrewm,8,chinese:SSB0033,0,6,3,4,0.0000023907,0.00000000;0.33832841;0.33408327;0.00000000;0.00000000;0.03647150;0.29111683;0.00000000
timbrewm,8,chinese:SSB0033,0,6,3,5,0.0000023908,0.00000000;0.34119141;0.33571052;0.00000000;0.00000000;0.03072561;0.29237246;0.00000000
timbrewm,8,chinese:SSB0033,0,6,3,6,0.0000023905,0.00000000;0.33589712;0.33503960;0.00000000;0.00000000;0.04117182;0.28789146;0.00000000
timbrewm,8,chinese:SSB0038,0,7,0,0,0.0000021454,0.04124638;0.06832043;0.17068533;0.22397851;0.15853789;0.10713930;0.23009217;0.00000000
timbrewm,8,chinese:SSB0038,0,7,0,1,0.0000021465,0.03963890;0.05805517;0.18083673;0.22908724;0.15853535;0.11475949;0.21908712;0.00000000
timbrewm,8,chinese:SSB0038,0,7,0,2,0.0000021468,0.03916159;0.04303758;0.18202024;0.23284882;0.15497739;0.13127926;0.21667512;0.00000000
timbrewm,8,chinese:SSB0038,0,7,0,3,0.0000021466,0.04536476;0.05345857;0.17310681;0.23166434;0.15327067;0.12110940;0.22202545;0.00000000
timbrewm,8,chinese:SSB0038,0,7,0,4,0.0000021464,0.02829520;0.03896624;0.18777755;0.23702040;0.15488823;0.13693984;0.21611254;0.00000000
timbrewm,8,chinese:SSB0038,0,7,0,5,0.0000021466,0.04750398;0.04659573;0.18255738;0.22851981;0.15648745;0.12693699;0.21139866;0.00000000
timbrewm,8,chinese:SSB0038,0,7,0,6,0.0000021467,0.03816671;0.05528188;0.18736960;0.23314151;0.15316699;0.12112623;0.21174707;0.00000000
timbrewm,8,chinese:SSB0038,0,7,1,0,0.0000021454,0.04124638;0.06832043;0.17068533;0.22397851;0.15853789;0.10713930;0.23009217;0.00000000
timbrewm,8,chinese:SSB0038,0,7,1,1,0.0000021465,0.03963890;0.05805517;0.18083673;0.22908724;0.15853535;0.11475949;0.21908712;0.00000000
timbrewm,8,chinese:SSB0038,0,7,1,2,0.0000021455,0.05101911;0.06277971;0.19015876;0.22493727;0.15356590;0.11723150;0.20030775;0.00000000
timbrewm,8,chinese:SSB0038,0,7,1,3,0.0000021466,0.03160261;0.04470393;0.18845089;0.23231389;0.16011225;0.12651467;0.21630177;0.00000000
timbrewm,8,chinese:SSB0038,0,7,1,4,0.0000021458,0.04499617;0.04918834;0.19164688;0.23457827;0.16166870;0.10970763;0.20821400;0.00000000
timbrewm,8,chinese:SSB0038,0,7,1,5,0.0000021457,0.04400094;0.06366839;0.17455127;0.24011878;0.15094033;0.10381496;0.22290533;0.00000000
timbrewm,8,chinese:SSB0038,0,7,1,6,0.0000021466,0.04536476;0.05345857;0.17310681;0.23166434;0.15327067;0.12110940;0.22202545;0.00000000
timbrewm,8,chinese:SSB0038,0,7,2,0,0.0000021454,0.04124638;0.06832043;0.17068533;0.22397851;0.15853789;0.10713930;0.23009217;0.00000000
timbrewm,8,chinese:SSB0038,0,7,2,1,0.0000021465,0.03963890;0.05805517;0.18083673;0.22908724;0.15853535;0.11475949;0.21908712;0.00000000
timbrewm,8,chinese:SSB0038,0,7,2,2,0.0000021460,0.03799805;0.05822720;0.17224703;0.24273606;0.14603391;0.11595762;0.22680013;0.00000000
timbrewm,8,chinese:SSB0038,0,7,2,3,0.0000021464,0.02829520;0.03896624;0.18777755;0.23702040;0.15488823;0.13693984;0.21611254;0.00000000
timbrewm,8,chinese:SSB0038,0,7,2,4,0.0000021467,0.03816671;0.05528188;0.18736960;0.23314151;0.15316699;0.12112623;0.21174707;0.00000000
timbrewm,8,chinese:SSB0038,0,7,2,5,0.0000021458,0.04499617;0.04918834;0.19164688;0.23457827;0.16166870;0.10970763;0.20821400;0.00000000
timbrewm,8,chinese:SSB0038,0,7,2,6,0.0000021466,0.04893097;0.04962000;0.18039698;0.23032474;0.15449112;0.12287952;0.21335667;0.00000000
timbrewm,8,chinese:SSB0038,0,7,3,0,0.0000021454,0.04124638;0.06832043;0.17068533;0.22397851;0.15853789;0.10713930;0.23009217;0.00000000
timbrewm,8,chinese:SSB0038,0,7,3,1,0.0000021465,0.03963890;0.05805517;0.18083673;0.22908724;0.15853535;0.11475949;0.21908712;0.00000000
timbrewm,8,chinese:SSB0038,0,7,3,2,0.0000021461,0.04394985;0.06193532;0.17083898;0.23658663;0.14920631;0.11190692;0.22557599;0.00000000
timbrewm,8,chinese:SSB0038,0,7,3,3,0.0000021457,0.03998233;0.06832294;0.16983229;0.24238275;0.13885833;0.11507073;0.22555063;0.00000000
timbrewm,8,chinese:SSB0038,0,7,3,4,0.0000021460,0.03799805;0.05822720;0.17224703;0.24273606;0.14603391;0.11595762;0.22680013;0.00000000
timbrewm,8,chinese:SSB0038,0,7,3,5,0.0000021463,0.03504637;0.03664377;0.18401496;0.22874915;0.15925298;0.14260771;0.21368506;0.00000000
timbrewm,8,chinese:SSB0038,0,7,3,6,0.0000021457,0.03998233;0.06832294;0.16983229;0.24238275;0.13885833;0.11507073;0.22555063;0.00000000
timbrewm,8,chinese:SSB0043,0,8,0,0,0.0000012682,0.37981967;0.00000000;0.05306582;0.05147656;0.02779929;0.32855073;0.06178036;0.09750757
timbrewm,8,chinese:SSB0043,0,8,0,1,0.0000012694,0.39795118;0.00000000;0.04310312;0.01152975;0.08349476;0.33106425;0.06197179;0.07088515
timbrewm,8,chinese:SSB0043,0,8,0,2,0.0000012623,0.39446633;0.05791717;0.02522135;0.04940991;0.00000007;0.31312400;0.00803543;0.15182574
timbrewm,8,chinese:SSB0043,0,8,0,3,0.0000012677,0.39875493;0.00000000;0.02732518;0.00000000;0.12985971;0.34337922;0.07600312;0.02467784
timbrewm,8,chinese:SSB0043,0,8,0,4,0.0000012686,0.38957920;0.00000000;0.05556129;0.03340422;0.02730625;0.32580885;0.06587365;0.10246654
timbrewm,8,chinese:SSB0043,0,8,0,5,0.0000012686,0.38957920;0.00000000;0.05556129;0.03340422;0.02730625;0.32580885;0.06587365;0.10246654
timbrewm,8,chinese:SSB0043,0,8,0,6,0.0000012675,0.38940138;0.00000000;0.07918153;0.00000003;0.06171906;0.33136391;0.10246850;0.03586559
timbrewm,8,chinese:SSB0043,0,8,1,0,0.0000012682,0.37981967;0.00000000;0.05306582;0.05147656;0.02779929;0.32855073;0.06178036;0.09750757
timbrewm,8,chinese:SSB0043,0,8,1,1,0.0000012694,0.39795118;0.00000000;0.04310312;0.01152975;0.08349476;0.33106425;0.06197179;0.07088515
timbrewm,8,chinese:SSB0043,0,8,1,2,0.0000012662,0.40056341;0.00000000;0.00000005;0.00000000;0.14361206;0.35625237;0.08427675;0.01529537
timbrewm,8,chinese:SSB0043,0,8,1,3,0.0000012685,0.39602450;0.00000000;0.05550602;0.03196969;0.03267914;0.33412741;0.04801466;0.10167858
timbrewm,8,chinese:SSB0043,0,8,1,4,0.0000012683,0.40133022;0.00000000;0.00000139;0.00000000;0.11860327;0.34050594;0.07016018;0.06939900
timbrewm,8,chinese:SSB0043,0,8,1,5,0.0000012687,0.38922919;0.00000000;0.08436251;0.02975496;0.02212836;0.32718777;0.07205875;0.07527846
timbrewm,8,chinese:SSB0043,0,8,1,6,0.0000012671,0.38672615;0.03142433;0.04864416;0.02789499;0.04369564;0.31283911;0.06112362;0.08765199
timbrewm,8,chinese:SSB0043,0,8,2,0,0.0000012682,0.37981967;0.00000000;0.05306582;0.05147656;0.02779929;0.32855073;0.06178036;0.09750757
timbrewm,8,chinese:SSB0043,0,8,2,1,0.0000012694,0.39795118;0.00000000;0.04310312;0.01152975;0.08349476;0.33106425;0.06197179;0.07088515
timbrewm,8,chinese:SSB0043,0,8,2,2,0.0000012694,0.39795118;0.00000000;0.04310312;0.01152975;0.08349476;0.33106425;0.06197179;0.07088515
timbrewm,8,chinese:SSB0043,0,8,2,3,0.0000012664,0.40376356;0.00690230;0.03006662;0.01769798;0.03262054;0.32431396;0.05138241;0.13325263
timbrewm,8,chinese:SSB0043,0,8,2,4,0.0000012687,0.38922919;0.00000000;0.08436251;0.02975496;0.02212836;0.32718777;0.07205875;0.07527846
timbrewm,8,chinese:SSB0043,0,8,2,5,0.0000012679,0.40421111;0.00597703;0.00879510;0.00326614;0.09229238;0.32776926;0.05215137;0.10553761
timbrewm,8,chinese:SSB0043,0,8,2,6,0.0000012686,0.38957920;0.00000000;0.05556129;0.03340422;0.02730625;0.32580885;0.06587365;0.10246654
timbrewm,8,chinese:SSB0043,0,8,3,0,0.0000012682,0.37981967;0.00000000;0.05306582;0.05147656;0.02779929;0.32855073;0.06178036;0.09750757
timbrewm,8,chinese:SSB0043,0,8,3,1,0.0000012694,0.39795118;0.00000000;0.04310312;0.01152975;0.08349476;0.33106425;0.06197179;0.07088515
timbrewm,8,chinese:SSB0043,0,8,3,2,0.0000012668,0.40429122;0.00907557;0.04308302;0.03309127;0.03340950;0.32923696;0.02550822;0.12230425
timbrewm,8,chinese:SSB0043,0,8,3,3,0.0000012688,0.39040145;0.00000000;0.06887425;0.03332809;0.02893969;0.33522153;0.06875533;0.07447966
timbrewm,8,chinese:SSB0043,0,8,3,4,0.0000012690,0.39203313;0.00000000;0.07812139;0.01734924;0.03924915;0.32608301;0.07727339;0.06989068
timbrewm,8,chinese:SSB0043,0,8,3,5,0.0000012689,0.38355625;0.00000000;0.06691427;0.04074430;0.03080283;0.32392946;0.06838468;0.08566821
timbrewm,8,chinese:SSB0043,0,8,3,6,0.0000012671,0.38672615;0.03142433;0.04864416;0.02789499;0.04369564;0.31283911;0.06112362;0.08765199
timbrewm,8,chinese:SSB0057,0,9,0,0,0.0000034267,0.16596377;0.18990299;0.07816495;0.00000000;0.00929802;0.14674920;0.20218527;0.20773580
timbrewm,8,chinese:SSB0057,0,9,0,1,0.0000034263,0.16721082;0.18612161;0.07662974;0.00000000;0.01693380;0.14925342;0.20105175;0.20279885
timbrewm,8,chinese:SSB0057,0,9,0,2,0.0000034266,0.16624821;0.18778628;0.08683225;0.00000000;0.00325034;0.15296090;0.19603721;0.20688481
timbrewm,8,chinese:SSB0057,0,9,0,3,0.0000034266,0.16217782;0.18942574;0.07349329;0.00000000;0.00856637;0.15052839;0.20812868;0.20767972
timbrewm,8,chinese:SSB0057,0,9,0,4,0.0000034268,0.16316138;0.18926814;0.07892691;0.00000000;0.00827494;0.15189901;0.20280444;0.20566519
timbrewm,8,chinese:SSB0057,0,9,0,5,0.0000034267,0.16404283;0.18872693;0.07541398;0.00000000;0.01029267;0.14951410;0.20474249;0.20726701
timbrewm,8,chinese:SSB0057,0,9,0,6,0.0000034260,0.15922699;0.18685868;0.07371225;0.00000000;0.01573229;0.15579722;0.20996419;0.19870838
timbrewm,8,chinese:SSB0057,0,9,1,0,0.0000034267,0.16596377;0.18990299;0.07816495;0.00000000;0.00929802;0.14674920;0.20218527;0.20773580
timbrewm,8,chinese:SSB0057,0,9,1,1,0.0000034263,0.16721082;0.18612161;0.07662974;0.00000000;0.01693380;0.14925342;0.20105175;0.20279885
timbrewm,8,chinese:SSB0057,0,9,1,2,0.0000034263,0.16292765;0.18670638;0.08007442;0.00000000;0.01717918;0.14185325;0.20024547;0.21101364
timbrewm,8,chinese:SSB0057,0,9,1,3,0.0000034267,0.16124944;0.19176960;0.07839749;0.00000000;0.00561830;0.15190193;0.20436167;0.20670157
timbrewm,8,chinese:SSB0057,0,9,1,4,0.0000034265,0.16407934;0.19254285;0.07200822;0.00000000;0.00835270;0.15294043;0.20853881;0.20153766
timbrewm,8,chinese:SSB0057,0,9,1,5,0.0000034267,0.16124944;0.19176960;0.07839749;0.00000000;0.00561830;0.15190193;0.20436167;0.20670157
timbrewm,8,chinese:SSB0057,0,9,1,6,0.0000034266,0.16362483;0.18959180;0.08729624;0.00000000;0.00572977;0.14993963;0.19508346;0.20873427
timbrewm,8,chinese:SSB0057,0,9,2,0,0.0000034267,0.16596377;0.18990299;0.07816495;0.00000000;0.00929802;0.14674920;0.20218527;0.20773580
timbrewm,8,chinese:SSB0057,0,9,2,1,0.0000034263,0.16721082;0.18612161;0.07662974;0.00000000;0.01693380;0.14925342;0.20105175;0.20279885
timbrewm,8,chinese:SSB0057,0,9,2,2,0.0000034263,0.16554927;0.18778681;0.08587132;0.00000000;0.01531769;0.14304657;0.19424988;0.20817846
timbrewm,8,chinese:SSB0057,0,9,2,3,0.0000034268,0.16485686;0.18820378;0.07817287;0.00000000;0.00747846;0.15176428;0.20270493;0.20681881
timbrewm,8,chinese:SSB0057,0,9,2,4,0.0000034265,0.16240622;0.18933616;0.08890390;0.00000000;0.00774480;0.15041478;0.19568560;0.20550853
timbrewm,8,chinese:SSB0057,0,9,2,5,0.0000034268,0.16316138;0.18926814;0.07892691;0.00000000;0.00827494;0.15189901;0.20280444;0.20566519
timbrewm,8,chinese:SSB0057,0,9,2,6,0.0000034260,0.15922699;0.18685868;0.07371225;0.00000000;0.01573229;0.15579722;0.20996419;0.19870838
timbrewm,8,chinese:SSB0057,0,9,3,0,0.0000034267,0.16596377;0.18990299;0.07816495;0.00000000;0.00929802;0.14674920;0.20218527;0.20773580
timbrewm,8,chinese:SSB0057,0,9,3,1,0.0000034263,0.16721082;0.18612161;0.07662974;0.00000000;0.01693380;0.14925342;0.20105175;0.20279885
timbrewm,8,chinese:SSB0057,0,9,3,2,0.0000034268,0.16316138;0.18926814;0.07892691;0.00000000;0.00827494;0.15189901;0.20280444;0.20566519
timbrewm,8,chinese:SSB0057,0,9,3,3,0.0000034267,0.16570885;0.18925669;0.08222372;0.00000000;0.00419760;0.15150836;0.19931286;0.20779193
timbrewm,8,chinese:SSB0057,0,9,3,4,0.0000034268,0.16424186;0.18832667;0.08095548;0.00000000;0.00635996;0.15396768;0.20115326;0.20499509
timbrewm,8,chinese:SSB0057,0,9,3,5,0.0000034267,0.16406000;0.19062112;0.07917348;0.00000000;0.00201666;0.15372263;0.20331110;0.20709502
timbrewm,8,chinese:SSB0057,0,9,3,6,0.0000034263,0.16292765;0.18670638;0.08007442;0.00000000;0.01717918;0.14185325;0.20024547;0.21101364
timbrewm,8,chinese:SSB0073,0,10,0,0,0.0000017296,0.18932426;0.22571464;0.08574044;0.12769610;0.09756230;0.09063168;0.04973319;0.13359739
timbrewm,8,chinese:SSB0073,0,10,0,1,0.0000017296,0.18877696;0.23532252;0.07148142;0.12074980;0.10455487;0.11579773;0.04960621;0.11371049
timbrewm,8,chinese:SSB0073,0,10,0,2,0.0000017286,0.17488502;0.24302282;0.03937128;0.12990903;0.12768054;0.12813322;0.04011685;0.11688125
timbrewm,8,chinese:SSB0073,0,10,0,3,0.0000017304,0.17556987;0.23822972;0.09009863;0.12398607;0.09700186;0.10559910;0.04239875;0.12711599
timbrewm,8,chinese:SSB0073,0,10,0,4,0.0000017299,0.18003403;0.23852791;0.06469957;0.11623488;0.10904734;0.12655074;0.04381279;0.12109273
timbrewm,8,chinese:SSB0073,0,10,0,5,0.0000017296,0.18877696;0.23532252;0.07148142;0.12074980;0.10455487;0.11579773;0.04960621;0.11371049
timbrewm,8,chinese:SSB0073,0,10,0,6,0.0000017304,0.17550667;0.23130066;0.07045522;0.12081888;0.11947363;0.11388998;0.03397869;0.13457626
timbrewm,8,chinese:SSB0073,0,10,1,0,0.0000017296,0.18932426;0.22571464;0.08574044;0.12769610;0.09756230;0.09063168;0.04973319;0.13359739
timbrewm,8,chinese:SSB0073,0,10,1,1,0.0000017296,0.18877696;0.23532252;0.07148142;0.12074980;0.10455487;0.11579773;0.04960621;0.11371049
timbrewm,8,chinese:SSB0073,0,10,1,2,0.0000017299,0.18003403;0.23852791;0.06469957;0.11623488;0.10904734;0.12655074;0.04381279;0.12109273
timbrewm,8,chinese:SSB0073,0,10,1,3,0.0000017295,0.16653025;0.22683551;0.07921390;0.13445359;0.10349107;0.10690436;0.03860608;0.14396524
timbrewm,8,chinese:SSB0073,0,10,1,4,0.0000017296,0.18877696;0.23532252;0.07148142;0.12074980;0.10455487;0.11579773;0.04960621;0.11371049
timbrewm,8,chinese:SSB0073,0,10,1,5,0.0000017300,0.17873692;0.23287838;0.10713455;0.11335731;0.10471441;0.09124907;0.02907713;0.14285223
timbrewm,8,chinese:SSB0073,0,10,1,6,0.0000017299,0.18200812;0.23269558;0.09180194;0.13142370;0.09294251;0.09399332;0.03360998;0.14152485
timbrewm,8,chinese:SSB0073,0,10,2,0,0.0000017296,0.18932426;0.22571464;0.08574044;0.12769610;0.09756230;0.09063168;0.04973319;0.13359739
timbrewm,8,chinese:SSB0073,0,10,2,1,0.0000017296,0.18877696;0.23532252;0.07148142;0.12074980;0.10455487;0.11579773;0.04960621;0.11371049
timbrewm,8,chinese:SSB0073,0,10,2,2,0.0000017304,0.17556987;0.23822972;0.09009863;0.12398607;0.09700186;0.10559910;0.04239875;0.12711599
timbrewm,8,chinese:SSB0073,0,10,2,3,0.0000017302,0.18623826;0.22630621;0.08465151;0.10665398;0.12148795;0.10122363;0.03378167;0.13965679
timbrewm,8,chinese:SSB0073,0,10,2,4,0.0000017286,0.17488502;0.24302282;0.03937128;0.12990903;0.12768054;0.12813322;0.04011685;0.11688125
timbrewm,8,chinese:SSB0073,0,10,2,5,0.0000017291,0.18957232;0.22057116;0.11172397;0.10294224;0.09127182;0.10403344;0.02547583;0.15440921
timbrewm,8,chinese:SSB0073,0,10,2,6,0.0000017302,0.18623826;0.22630621;0.08465151;0.10665398;0.12148795;0.10122363;0.03378167;0.13965679
timbrewm,8,chinese:SSB0073,0,10,3,0,0.0000017296,0.18932426;0.22571464;0.08574044;0.12769610;0.09756230;0.09063168;0.04973319;0.13359739
timbrewm,8,chinese:SSB0073,0,10,3,1,0.0000017296,0.18877696;0.23532252;0.07148142;0.12074980;0.10455487;0.11579773;0.04960621;0.11371049
timbrewm,8,chinese:SSB0073,0,10,3,2,0.0000017298,0.18135108;0.23076288;0.10543449;0.11783133;0.08668597;0.10905984;0.02468523;0.14418918
timbrewm,8,chinese:SSB0073,0,10,3,3,0.0000017298,0.18135108;0.23076288;0.10543449;0.11783133;0.08668597;0.10905984;0.02468523;0.14418918
timbrewm,8,chinese:SSB0073,0,10,3,4,0.0000017285,0.17904940;0.22010668;0.11051209;0.12979401;0.08241369;0.08442522;0.03093645;0.16276246
timbrewm,8,chinese:SSB0073,0,10,3,5,0.0000017298,0.18672803;0.23032715;0.09639217;0.11810663;0.10677984;0.08421077;0.03283556;0.14461984
timbrewm,8,chinese:SSB0073,0,10,3,6,0.0000017300,0.16918971;0.24307745;0.07099555;0.12358121;0.11061436;0.12505389;0.04132274;0.11616509
timbrewm,8,chinese:SSB0080,0,11,0,0,0.0000013779,0.07441914;0.00000000;0.19854616;0.07737258;0.16172485;0.16652096;0.32141631;0.00000000
timbrewm,8,chinese:SSB0080,0,11,0,1,0.0000013772,0.04797527;0.00000000;0.22760755;0.01914928;0.16616281;0.20554449;0.33356059;0.00000000
timbrewm,8,chinese:SSB0080,0,11,0,2,0.0000013774,0.09064591;0.00000000;0.18560662;0.07808188;0.16085295;0.16611346;0.31869918;0.00000000
timbrewm,8,chinese:SSB0080,0,11,0,3,0.0000013769,0.08772870;0.00000000;0.18010468;0.08534706;0.15116668;0.17188861;0.32376426;0.00000000
timbrewm,8,chinese:SSB0080,0,11,0,4,0.0000013767,0.08888517;0.00000000;0.17884128;0.09167818;0.16078429;0.15995878;0.31985229;0.00000000
timbrewm,8,chinese:SSB0080,0,11,0,5,0.0000013771,0.07281657;0.00000000;0.18042119;0.08592038;0.16951695;0.16750692;0.32381800;0.00000000
timbrewm,8,chinese:SSB0080,0,11,0,6,0.0000013786,0.06305178;0.00000000;0.21179869;0.05467442;0.16756234;0.18127171;0.32164105;0.00000000
timbrewm,8,chinese:SSB0080,0,11,1,0,0.0000013779,0.07441914;0.00000000;0.19854616;0.07737258;0.16172485;0.16652096;0.32141631;0.00000000
timbrewm,8,chinese:SSB0080,0,11,1,1,0.0000013772,0.04797527;0.00000000;0.22760755;0.01914928;0.16616281;0.20554449;0.33356059;0.00000000
timbrewm,8,chinese:SSB0080,0,11,1,2,0.0000013783,0.07793928;0.00000000;0.19877469;0.06656868;0.16528620;0.17154413;0.31988702;0.00000000
timbrewm,8,chinese:SSB0080,0,11,1,3,0.0000013778,0.04444657;0.00000000;0.23047462;0.04357241;0.16999286;0.18551952;0.32599402;0.00000000
timbrewm,8,chinese:SSB0080,0,11,1,4,0.0000013785,0.07336004;0.00000000;0.20532041;0.05986781;0.16275819;0.17700772;0.32168583;0.00000000
timbrewm,8,chinese:SSB0080,0,11,1,5,0.0000013779,0.08318385;0.00000000;0.19523590;0.07329642;0.16339846;0.16487976;0.32000560;0.00000000
timbrewm,8,chinese:SSB0080,0,11,1,6,0.0000013774,0.09064591;0.00000000;0.18560662;0.07808188;0.16085295;0.16611346;0.31869918;0.00000000
timbrewm,8,chinese:SSB0080,0,11,2,0,0.0000013779,0.07441914;0.00000000;0.19854616;0.07737258;0.16172485;0.16652096;0.32141631;0.00000000
timbrewm,8,chinese:SSB0080,0,11,2,1,0.0000013772,0.04797527;0.00000000;0.22760755;0.01914928;0.16616281;0.20554449;0.33356059;0.00000000
timbrewm,8,chinese:SSB0080,0,11,2,2,0.0000013783,0.04901082;0.00000000;0.21230018;0.05778004;0.16714747;0.19017109;0.32359040;0.00000000
timbrewm,8,chinese:SSB0080,0,11,2,3,0.0000013785,0.07336004;0.00000000;0.20532041;0.05986781;0.16275819;0.17700772;0.32168583;0.00000000
timbrewm,8,chinese:SSB0080,0,11,2,4,0.0000013786,0.06359953;0.00000000;0.21028373;0.05330746;0.16416399;0.18562368;0.32302160;0.00000000
timbrewm,8,chinese:SSB0080,0,11,2,5,0.0000013772,0.07516150;0.00000000;0.19279139;0.08681064;0.16040683;0.17478104;0.31004861;0.00000000
timbrewm,8,chinese:SSB0080,0,11,2,6,0.0000013771,0.07281657;0.00000000;0.18042119;0.08592038;0.16951695;0.16750692;0.32381800;0.00000000
timbrewm,8,chinese:SSB0080,0,11,3,0,0.0000013779,0.07441914;0.00000000;0.19854616;0.07737258;0.16172485;0.16652096;0.32141631;0.00000000
timbrewm,8,chinese:SSB0080,0,11,3,1,0.0000013772,0.04797527;0.00000000;0.22760755;0.01914928;0.16616281;0.20554449;0.33356059;0.00000000
timbrewm,8,chinese:SSB0080,0,11,3,2,0.0000013771,0.07281657;0.00000000;0.18042119;0.08592038;0.16951695;0.16750692;0.32381800;0.00000000
timbrewm,8,chinese:SSB0080,0,11,3,3,0.0000013765,0.08686354;0.00000000;0.18663451;0.08118058;0.17727351;0.14728808;0.32075979;0.00000000
timbrewm,8,chinese:SSB0080,0,11,3,4,0.0000013772,0.07516150;0.00000000;0.19279139;0.08681064;0.16040683;0.17478104;0.31004861;0.00000000
timbrewm,8,chinese:SSB0080,0,11,3,5,0.0000013769,0.08772870;0.00000000;0.18010468;0.08534706;0.15116668;0.17188861;0.32376426;0.00000000
timbrewm,8,chinese:SSB0080,0,11,3,6,0.0000013776,0.08130818;0.00000000;0.19317524;0.08237322;0.15649691;0.16771617;0.31893029;0.00000000
timbrewm,8,chinese:SSB0112,0,12,0,0,0.0000008363,0.11191644;0.16921486;0.18888119;0.17031487;0.17894392;0.14330550;0.00000000;0.03742320
timbrewm,8,chinese:SSB0112,0,12,0,1,0.0000008314,0.10008304;0.19420720;0.17938366;0.05980076;0.18636445;0.27142838;0.00000000;0.00873251
timbrewm,8,chinese:SSB0112,0,12,0,2,0.0000008365,0.08358372;0.20675673;0.17001733;0.23307100;0.19692409;0.09238459;0.00000000;0.01726255
timbrewm,8,chinese:SSB0112,0,12,0,3,0.0000008344,0.08570956;0.20576693;0.19507431;0.09126227;0.18097359;0.23766740;0.00000000;0.00354593
timbrewm,8,chinese:SSB0112,0,12,0,4,0.0000008361,0.10049802;0.19450763;0.20862693;0.13482710;0.15563462;0.18021321;0.00000000;0.02569250
timbrewm,8,chinese:SSB0112,0,12,0,5,0.0000008369,0.07107354;0.18855901;0.20141292;0.22657500;0.18697639;0.09122766;0.00000000;0.03417548
timbrewm,8,chinese:SSB0112,0,12,0,6,0.0000008314,0.10008304;0.19420720;0.17938366;0.05980076;0.18636445;0.27142838;0.00000000;0.00873251
timbrewm,8,chinese:SSB0112,0,12,1,0,0.0000008363,0.11191644;0.16921486;0.18888119;0.17031487;0.17894392;0.14330550;0.00000000;0.03742320
timbrewm,8,chinese:SSB0112,0,12,1,1,0.0000008314,0.10008304;0.19420720;0.17938366;0.05980076;0.18636445;0.27142838;0.00000000;0.00873251
timbrewm,8,chinese:SSB0112,0,12,1,2,0.0000008376,0.08341528;0.20595893;0.16893694;0.19184991;0.18286227;0.11937396;0.00000000;0.04760271
timbrewm,8,chinese:SSB0112,0,12,1,3,0.0000008365,0.08358372;0.20675673;0.17001733;0.23307100;0.19692409;0.09238459;0.00000000;0.01726255
timbrewm,8,chinese:SSB0112,0,12,1,4,0.0000008365,0.08358372;0.20675673;0.17001733;0.23307100;0.19692409;0.09238459;0.00000000;0.01726255
timbrewm,8,chinese:SSB0112,0,12,1,5,0.0000008364,0.08560288;0.17495630;0.21087792;0.18160188;0.17851373;0.13622051;0.00697143;0.02525536
timbrewm,8,chinese:SSB0112,0,12,1,6,0.0000008344,0.08570956;0.20576693;0.19507431;0.09126227;0.18097359;0.23766740;0.00000000;0.00354593
timbrewm,8,chinese:SSB0112,0,12,2,0,0.0000008363,0.11191644;0.16921486;0.18888119;0.17031487;0.17894392;0.14330550;0.00000000;0.03742320
timbrewm,8,chinese:SSB0112,0,12,2,1,0.0000008314,0.10008304;0.19420720;0.17938366;0.05980076;0.18636445;0.27142838;0.00000000;0.00873251
timbrewm,8,chinese:SSB0112,0,12,2,2,0.0000008306,0.14658146;0.19172175;0.18643804;0.05361874;0.14691135;0.26155341;0.00000000;0.01317525
timbrewm,8,chinese:SSB0112,0,12,2,3,0.0000008374,0.08808546;0.20289417;0.19051150;0.19256777;0.17195885;0.12789251;0.00000000;0.02608974
timbrewm,8,chinese:SSB0112,0,12,2,4,0.0000008371,0.07105901;0.18051909;0.19456913;0.20808738;0.20702702;0.11586488;0.00066646;0.02220703
timbrewm,8,chinese:SSB0112,0,12,2,5,0.0000008352,0.08363002;0.18752312;0.17463747;0.24897433;0.18719331;0.04146321;0.00000000;0.07657854
timbrewm,8,chinese:SSB0112,0,12,2,6,0.0000008347,0.08082269;0.17073929;0.17159812;0.26205669;0.21260240;0.05185517;0.01615975;0.03416589
timbrewm,8,chinese:SSB0112,0,12,3,0,0.0000008363,0.11191644;0.16921486;0.18888119;0.17031487;0.17894392;0.14330550;0.00000000;0.03742320
timbrewm,8,chinese:SSB0112,0,12,3,1,0.0000008314,0.10008304;0.19420720;0.17938366;0.05980076;0.18636445;0.27142838;0.00000000;0.00873251
timbrewm,8,chinese:SSB0112,0,12,3,2,0.0000008348,0.03461294;0.23032635;0.19192639;0.17684223;0.18945002;0.17684206;0.00000000;0.00000002
timbrewm,8,chinese:SSB0112,0,12,3,3,0.0000008306,0.14658146;0.19172175;0.18643804;0.05361874;0.14691135;0.26155341;0.00000000;0.01317525
timbrewm,8,chinese:SSB0112,0,12,3,4,0.0000008372,0.05964527;0.19163909;0.18041744;0.24182421;0.20711375;0.07522745;0.00000000;0.04413279
timbrewm,8,chinese:SSB0112,0,12,3,5,0.0000008359,0.10402249;0.18803377;0.19614623;0.17168751;0.19017636;0.14993347;0.00000000;0.00000018
timbrewm,8,chinese:SSB0112,0,12,3,6,0.0000008359,0.10402249;0.18803377;0.19614623;0.17168751;0.19017636;0.14993347;0.00000000;0.00000018
timbrewm,8,chinese:SSB0122,0,13,0,0,0.0000024316,0.06579260;0.27589259;0.26616238;0.06373149;0.01392846;0.07539651;0.00000000;0.23909598
timbrewm,8,chinese:SSB0122,0,13,0,1,0.0000024301,0.08337972;0.26970332;0.25454440;0.06558933;0.00866011;0.08620133;0.01756462;0.21435718
timbrewm,8,chinese:SSB0122,0,13,0,2,0.0000024312,0.05908780;0.26910928;0.26792608;0.06579156;0.01691221;0.09223439;0.00000000;0.22893867
timbrewm,8,chinese:SSB0122,0,13,0,3,0.0000024318,0.06116677;0.27783110;0.26313158;0.07059929;0.00458341;0.08307063;0.00000000;0.23961722
timbrewm,8,chinese:SSB0122,0,13,0,4,0.0000024318,0.06116677;0.27783110;0.26313158;0.07059929;0.00458341;0.08307063;0.00000000;0.23961722
timbrewm,8,chinese:SSB0122,0,13,0,5,0.0000024307,0.06953245;0.27003918;0.26332541;0.06760948;0.00252563;0.09440858;0.01448832;0.21807094
timbrewm,8,chinese:SSB0122,0,13,0,6,0.0000024313,0.07217796;0.27102075;0.26481948;0.06499116;0.00666379;0.09360581;0.00000001;0.22672104
timbrewm,8,chinese:SSB0122,0,13,1,0,0.0000024316,0.06579260;0.27589259;0.26616238;0.06373149;0.01392846;0.07539651;0.00000000;0.23909598
timbrewm,8,chinese:SSB0122,0,13,1,1,0.0000024301,0.08337972;0.26970332;0.25454440;0.06558933;0.00866011;0.08620133;0.01756462;0.21435718
timbrewm,8,chinese:SSB0122,0,13,1,2,0.0000024310,0.08299516;0.27024124;0.26396535;0.05973684;0.00412862;0.08075819;0.00951705;0.22865754
timbrewm,8,chinese:SSB0122,0,13,1,3,0.0000024313,0.07217796;0.27102075;0.26481948;0.06499116;0.00666379;0.09360581;0.00000001;0.22672104
timbrewm,8,chinese:SSB0122,0,13,1,4,0.0000024316,0.07465450;0.27158731;0.26687571;0.06135382;0.00597657;0.08355130;0.00181348;0.23418732
timbrewm,8,chinese:SSB0122,0,13,1,5,0.0000024316,0.07465450;0.27158731;0.26687571;0.06135382;0.00597657;0.08355130;0.00181348;0.23418732
timbrewm,8,chinese:SSB0122,0,13,1,6,0.0000024317,0.06502493;0.27406463;0.26631012;0.06510645;0.00981516;0.08282889;0.00285399;0.23399584
timbrewm,8,chinese:SSB0122,0,13,2,0,0.0000024316,0.06579260;0.27589259;0.26616238;0.06373149;0.01392846;0.07539651;0.00000000;0.23909598
timbrewm,8,chinese:SSB0122,0,13,2,1,0.0000024301,0.08337972;0.26970332;0.25454440;0.06558933;0.00866011;0.08620133;0.01756462;0.21435718
timbrewm,8,chinese:SSB0122,0,13,2,2,0.0000024314,0.07144531;0.27882893;0.26388184;0.06436765;0.00453333;0.06847674;0.00434578;0.24412043
timbrewm,8,chinese:SSB0122,0,13,2,3,0.0000024319,0.07495749;0.27266709;0.26125178;0.06604136;0.00916105;0.07889484;0.00000000;0.23702639
timbrewm,8,chinese:SSB0122,0,13,2,4,0.0000024319,0.06604457;0.26988283;0.25916916;0.07458495;0.00746593;0.08672625;0.00000000;0.23612631
timbrewm,8,chinese:SSB0122,0,13,2,5,0.0000024301,0.08337972;0.26970332;0.25454440;0.06558933;0.00866011;0.08620133;0.01756462;0.21435718
timbrewm,8,chinese:SSB0122,0,13,2,6,0.0000024318,0.06631863;0.27333288;0.26685588;0.06359894;0.01210465;0.08246828;0.00000000;0.23532073
timbrewm,8,chinese:SSB0122,0,13,3,0,0.0000024316,0.06579260;0.27589259;0.26616238;0.06373149;0.01392846;0.07539651;0.00000000;0.23909598
timbrewm,8,chinese:SSB0122,0,13,3,1,0.0000024301,0.08337972;0.26970332;0.25454440;0.06558933;0.00866011;0.08620133;0.01756462;0.21435718
timbrewm,8,chinese:SSB0122,0,13,3,2,0.0000024320,0.06753275;0.27133328;0.26187433;0.06997812;0.00773705;0.08140314;0.00000000;0.24014132
timbrewm,8,chinese:SSB0122,0,13,3,3,0.0000024313,0.07217796;0.27102075;0.26481948;0.06499116;0.00666379;0.09360581;0.00000001;0.22672104
timbrewm,8,chinese:SSB0122,0,13,3,4,0.0000024307,0.06953245;0.27003918;0.26332541;0.06760948;0.00252563;0.09440858;0.01448832;0.21807094
timbrewm,8,chinese:SSB0122,0,13,3,5,0.0000024313,0.07217796;0.27102075;0.26481948;0.06499116;0.00666379;0.09360581;0.00000001;0.22672104
timbrewm,8,chinese:SSB0122,0,13,3,6,0.0000024318,0.06116677;0.27783110;0.26313158;0.07059929;0.00458341;0.08307063;0.00000000;0.23961722
timbrewm,8,chinese:SSB0133,0,14,0,0,0.0000016235,0.16615741;0.19509787;0.00000000;0.17791180;0.00000000;0.14959269;0.13872706;0.17251317
timbrewm,8,chinese:SSB0133,0,14,0,1,0.0000016236,0.17244797;0.20122751;0.00000000;0.18075948;0.00000000;0.15667790;0.13240738;0.15647976
timbrewm,8,chinese:SSB0133,0,14,0,2,0.0000016238,0.17135729;0.19960781;0.00000000;0.17837210;0.00000000;0.14603150;0.14054278;0.16408853
timbrewm,8,chinese:SSB0133,0,14,0,3,0.0000016237,0.16735336;0.20379521;0.00000000;0.17342998;0.00000000;0.15049581;0.13746389;0.16746175
timbrewm,8,chinese:SSB0133,0,14,0,4,0.0000016236,0.17244797;0.20122751;0.00000000;0.18075948;0.00000000;0.15667790;0.13240738;0.15647976
timbrewm,8,chinese:SSB0133,0,14,0,5,0.0000016234,0.17013158;0.19243401;0.00000000;0.18551120;0.00000000;0.14861526;0.13352020;0.16978776
timbrewm,8,chinese:SSB0133,0,14,0,6,0.0000016232,0.17958859;0.20838361;0.00000000;0.17666638;0.00000000;0.14277164;0.12608765;0.16650213
timbrewm,8,chinese:SSB0133,0,14,1,0,0.0000016235,0.16615741;0.19509787;0.00000000;0.17791180;0.00000000;0.14959269;0.13872706;0.17251317
timbrewm,8,chinese:SSB0133,0,14,1,1,0.0000016236,0.17244797;0.20122751;0.00000000;0.18075948;0.00000000;0.15667790;0.13240738;0.15647976
timbrewm,8,chinese:SSB0133,0,14,1,2,0.0000016237,0.17023494;0.20146209;0.00000000;0.17550304;0.00000000;0.14212341;0.14190031;0.16877621
timbrewm,8,chinese:SSB0133,0,14,1,3,0.0000016239,0.17065699;0.20152574;0.00000000;0.17568750;0.00000000;0.14684846;0.14108341;0.16419790
timbrewm,8,chinese:SSB0133,0,14,1,4,0.0000016238,0.17355989;0.20185527;0.00000000;0.17493888;0.00000000;0.15061834;0.13955117;0.15947644
timbrewm,8,chinese:SSB0133,0,14,1,5,0.0000016239,0.17065699;0.20152574;0.00000000;0.17568750;0.00000000;0.14684846;0.14108341;0.16419790
timbrewm,8,chinese:SSB0133,0,14,1,6,0.0000016238,0.16693838;0.19999223;0.00000000;0.18118178;0.00000000;0.14565427;0.14245972;0.16377361
timbrewm,8,chinese:SSB0133,0,14,2,0,0.0000016235,0.16615741;0.19509787;0.00000000;0.17791180;0.00000000;0.14959269;0.13872706;0.17251317
timbrewm,8,chinese:SSB0133,0,14,2,1,0.0000016236,0.17244797;0.20122751;0.00000000;0.18075948;0.00000000;0.15667790;0.13240738;0.15647976
timbrewm,8,chinese:SSB0133,0,14,2,2,0.0000016239,0.17127062;0.19977944;0.00000000;0.17839990;0.00000000;0.14864096;0.14024838;0.16166070
timbrewm,8,chinese:SSB0133,0,14,2,3,0.0000016239,0.17085277;0.20066814;0.00000000;0.17732499;0.00000000;0.14957760;0.13995305;0.16162345
timbrewm,8,chinese:SSB0133,0,14,2,4,0.0000016238,0.16789930;0.20239566;0.00000000;0.17834315;0.00000000;0.14518087;0.14516078;0.16102022
timbrewm,8,chinese:SSB0133,0,14,2,5,0.0000016235,0.17102664;0.20094650;0.00000000;0.17190991;0.00000000;0.14650710;0.13591801;0.17369182
timbrewm,8,chinese:SSB0133,0,14,2,6,0.0000016235,0.17102664;0.20094650;0.00000000;0.17190991;0.00000000;0.14650710;0.13591801;0.17369182
timbrewm,8,chinese:SSB0133,0,14,3,0,0.0000016235,0.16615741;0.19509787;0.00000000;0.17791180;0.00000000;0.14959269;0.13872706;0.17251317
timbrewm,8,chinese:SSB0133,0,14,3,1,0.0000016236,0.17244797;0.20122751;0.00000000;0.18075948;0.00000000;0.15667790;0.13240738;0.15647976
timbrewm,8,chinese:SSB0133,0,14,3,2,0.0000016235,0.17703160;0.19993633;0.00000000;0.17379677;0.00000000;0.15864606;0.13177552;0.15881371
timbrewm,8,chinese:SSB0133,0,14,3,3,0.0000016238,0.17155687;0.20120675;0.00000000;0.17886006;0.00000000;0.14602624;0.13812310;0.16422697
timbrewm,8,chinese:SSB0133,0,14,3,4,0.0000016238,0.17016997;0.19997610;0.00000000;0.17808614;0.00000000;0.14673628;0.14186617;0.16316534
timbrewm,8,chinese:SSB0133,0,14,3,5,0.0000016237,0.16735336;0.20379521;0.00000000;0.17342998;0.00000000;0.15049581;0.13746389;0.16746175
timbrewm,8,chinese:SSB0133,0,14,3,6,0.0000016237,0.16222668;0.20044267;0.00000000;0.17914655;0.00000000;0.14950283;0.14154479;0.16713648
timbrewm,8,chinese:SSB0139,0,15,0,0,0.0000027989,0.28260275;0.02557568;0.00000000;0.23057118;0.00000000;0.00000000;0.15426312;0.30698726
timbrewm,8,chinese:SSB0139,0,15,0,1,0.0000027992,0.28749500;0.01712034;0.00000000;0.23512367;0.00000000;0.00000000;0.15178382;0.30847716
timbrewm,8,chinese:SSB0139,0,15,0,2,0.0000027992,0.28975865;0.01566975;0.00000000;0.23414607;0.00000000;0.00000000;0.15376501;0.30666052
timbrewm,8,chinese:SSB0139,0,15,0,3,0.0000027990,0.29078084;0.01547476;0.00000000;0.22901451;0.00000000;0.00000000;0.15764136;0.30708853
timbrewm,8,chinese:SSB0139,0,15,0,4,0.0000027990,0.29078084;0.01547476;0.00000000;0.22901451;0.00000000;0.00000000;0.15764136;0.30708853
timbrewm,8,chinese:SSB0139,0,15,0,5,0.0000027992,0.28975865;0.01566975;0.00000000;0.23414607;0.00000000;0.00000000;0.15376501;0.30666052
timbrewm,8,chinese:SSB0139,0,15,0,6,0.0000027992,0.28749500;0.01712034;0.00000000;0.23512367;0.00000000;0.00000000;0.15178382;0.30847716
timbrewm,8,chinese:SSB0139,0,15,1,0,0.0000027989,0.28260275;0.02557568;0.00000000;0.23057118;0.00000000;0.00000000;0.15426312;0.30698726
timbrewm,8,chinese:SSB0139,0,15,1,1,0.0000027992,0.28749500;0.01712034;0.00000000;0.23512367;0.00000000;0.00000000;0.15178382;0.30847716
timbrewm,8,chinese:SSB0139,0,15,1,2,0.0000027992,0.28975865;0.01566975;0.00000000;0.23414607;0.00000000;0.00000000;0.15376501;0.30666052
timbrewm,8,chinese:SSB0139,0,15,1,3,0.0000027977,0.26922466;0.04003901;0.00000000;0.23463302;0.00000000;0.00000000;0.15863926;0.29746405
timbrewm,8,chinese:SSB0139,0,15,1,4,0.0000027991,0.28856261;0.01701658;0.00000000;0.23807220;0.00000000;0.00000000;0.14939207;0.30695654
timbrewm,8,chinese:SSB0139,0,15,1,5,0.0000027980,0.27353604;0.03727447;0.00000000;0.22974960;0.00000000;0.00000000;0.15955067;0.29988922
timbrewm,8,chinese:SSB0139,0,15,1,6,0.0000027988,0.28207644;0.02396157;0.00000000;0.23603182;0.00000000;0.00000000;0.14754728;0.31038288
timbrewm,8,chinese:SSB0139,0,15,2,0,0.0000027989,0.28260275;0.02557568;0.00000000;0.23057118;0.00000000;0.00000000;0.15426312;0.30698726
timbrewm,8,chinese:SSB0139,0,15,2,1,0.0000027992,0.28749500;0.01712034;0.00000000;0.23512367;0.00000000;0.00000000;0.15178382;0.30847716
timbrewm,8,chinese:SSB0139,0,15,2,2,0.0000027992,0.28749500;0.01712034;0.00000000;0.23512367;0.00000000;0.00000000;0.15178382;0.30847716
timbrewm,8,chinese:SSB0139,0,15,2,3,0.0000027992,0.28935016;0.01629638;0.00000000;0.23469402;0.00000000;0.00000000;0.15254898;0.30711046
timbrewm,8,chinese:SSB0139,0,15,2,4,0.0000027991,0.28984531;0.01941674;0.00000000;0.23112200;0.00000000;0.00000000;0.15071574;0.30890021
timbrewm,8,chinese:SSB0139,0,15,2,5,0.0000027992,0.28749500;0.01712034;0.00000000;0.23512367;0.00000000;0.00000000;0.15178382;0.30847716
timbrewm,8,chinese:SSB0139,0,15,2,6,0.0000027992,0.28935016;0.01629638;0.00000000;0.23469402;0.00000000;0.00000000;0.15254898;0.30711046
timbrewm,8,chinese:SSB0139,0,15,3,0,0.0000027989,0.28260275;0.02557568;0.00000000;0.23057118;0.00000000;0.00000000;0.15426312;0.30698726
timbrewm,8,chinese:SSB0139,0,15,3,1,0.0000027992,0.28749500;0.01712034;0.00000000;0.23512367;0.00000000;0.00000000;0.15178382;0.30847716
timbrewm,8,chinese:SSB0139,0,15,3,2,0.0000027985,0.27395362;0.03102181;0.00000000;0.23657065;0.00000000;0.00000000;0.15881077;0.29964314
timbrewm,8,chinese:SSB0139,0,15,3,3,0.0000027988,0.28207644;0.02396157;0.00000000;0.23603182;0.00000000;0.00000000;0.14754728;0.31038288
timbrewm,8,chinese:SSB0139,0,15,3,4,0.0000027988,0.29897485;0.00720384;0.00000000;0.23213309;0.00000000;0.00000000;0.14764673;0.31404149
timbrewm,8,chinese:SSB0139,0,15,3,5,0.0000027990,0.29078084;0.01547476;0.00000000;0.22901451;0.00000000;0.00000000;0.15764136;0.30708853
timbrewm,8,chinese:SSB0139,0,15,3,6,0.0000027988,0.27890813;0.02432767;0.00000000;0.23796956;0.00000000;0.00000000;0.15814039;0.30065425
timbrewm,8,chinese:SSB0145,0,16,0,0,0.0000034586,0.00000000;0.24879609;0.00000000;0.02399586;0.00000000;0.00000000;0.36002032;0.36718773
timbrewm,8,chinese:SSB0145,0,16,0,1,0.0000034586,0.00000000;0.24879612;0.00000000;0.02399583;0.00000000;0.00000000;0.36002032;0.36718774
timbrewm,8,chinese:SSB0145,0,16,0,2,0.0000034585,0.00000000;0.24118400;0.00000000;0.03300013;0.00000000;0.00000000;0.35952090;0.36629497
timbrewm,8,chinese:SSB0145,0,16,0,3,0.0000034579,0.00000000;0.23283149;0.00000000;0.04142670;0.00000000;0.00000000;0.35969492;0.36604688
timbrewm,8,chinese:SSB0145,0,16,0,4,0.0000034586,0.00000000;0.24879609;0.00000000;0.02399586;0.00000000;0.00000000;0.36002032;0.36718773
timbrewm,8,chinese:SSB0145,0,16,0,5,0.0000034586,0.00000000;0.24879609;0.00000000;0.02399586;0.00000000;0.00000000;0.36002032;0.36718773
timbrewm,8,chinese:SSB0145,0,16,0,6,0.0000034582,0.00000000;0.23679808;0.00000000;0.03640837;0.00000000;0.00000000;0.36169593;0.36509763
timbrewm,8,chinese:SSB0145,0,16,1,0,0.0000034586,0.00000000;0.24879609;0.00000000;0.02399586;0.00000000;0.00000000;0.36002032;0.36718773
timbrewm,8,chinese:SSB0145,0,16,1,1,0.0000034586,0.00000000;0.24879612;0.00000000;0.02399583;0.00000000;0.00000000;0.36002032;0.36718774
timbrewm,8,chinese:SSB0145,0,16,1,2,0.0000034586,0.00000000;0.24881168;0.00000000;0.02397717;0.00000000;0.00000000;0.36003055;0.36718060
timbrewm,8,chinese:SSB0145,0,16,1,3,0.0000034586,0.00000000;0.24879631;0.00000000;0.02399586;0.00000000;0.00000000;0.36001989;0.36718794
timbrewm,8,chinese:SSB0145,0,16,1,4,0.0000034586,0.00000000;0.24880148;0.00000000;0.02399288;0.00000000;0.00000000;0.36001929;0.36718635
timbrewm,8,chinese:SSB0145,0,16,1,5,0.0000034584,0.00000000;0.23981837;0.00000000;0.03402326;0.00000000;0.00000000;0.35967203;0.36648634
timbrewm,8,chinese:SSB0145,0,16,1,6,0.0000034586,0.00000000;0.24879788;0.00000000;0.02399311;0.00000000;0.00000000;0.36001749;0.36719151
timbrewm,8,chinese:SSB0145,0,16,2,0,0.0000034586,0.00000000;0.24879609;0.00000000;0.02399586;0.00000000;0.00000000;0.36002032;0.36718773
timbrewm,8,chinese:SSB0145,0,16,2,1,0.0000034586,0.00000000;0.24879612;0.00000000;0.02399583;0.00000000;0.00000000;0.36002032;0.36718774
timbrewm,8,chinese:SSB0145,0,16,2,2,0.0000034586,0.00000000;0.24880148;0.00000000;0.02399288;0.00000000;0.00000000;0.36001929;0.36718635
timbrewm,8,chinese:SSB0145,0,16,2,3,0.0000034584,0.00000000;0.23981837;0.00000000;0.03402326;0.00000000;0.00000000;0.35967203;0.36648634
timbrewm,8,chinese:SSB0145,0,16,2,4,0.0000034579,0.00000000;0.23283149;0.00000000;0.04142670;0.00000000;0.00000000;0.35969492;0.36604688
timbrewm,8,chinese:SSB0145,0,16,2,5,0.0000034578,0.00000000;0.23346222;0.00000000;0.04231866;0.00000000;0.00000000;0.35782099;0.36639814
timbrewm,8,chinese:SSB0145,0,16,2,6,0.0000034586,0.00000000;0.24879788;0.00000000;0.02399311;0.00000000;0.00000000;0.36001749;0.36719151
timbrewm,8,chinese:SSB0145,0,16,3,0,0.0000034586,0.00000000;0.24879609;0.00000000;0.02399586;0.00000000;0.00000000;0.36002032;0.36718773
timbrewm,8,chinese:SSB0145,0,16,3,1,0.0000034586,0.00000000;0.24879612;0.00000000;0.02399583;0.00000000;0.00000000;0.36002032;0.36718774
timbrewm,8,chinese:SSB0145,0,16,3,2,0.0000034573,0.00000000;0.22816886;0.00000000;0.04761285;0.00000000;0.00000000;0.35889304;0.36532525
timbrewm,8,chinese:SSB0145,0,16,3,3,0.0000034586,0.00000000;0.24881168;0.00000000;0.02397717;0.00000000;0.00000000;0.36003055;0.36718060
timbrewm,8,chinese:SSB0145,0,16,3,4,0.0000034586,0.00000000;0.24879849;0.00000000;0.02399001;0.00000000;0.00000000;0.36002355;0.36718795
timbrewm,8,chinese:SSB0145,0,16,3,5,0.0000034580,0.00000000;0.23607836;0.00000000;0.04039087;0.00000000;0.00000000;0.35868903;0.36484173
timbrewm,8,chinese:SSB0145,0,16,3,6,0.0000034586,0.00000000;0.24879609;0.00000000;0.02399586;0.00000000;0.00000000;0.36002032;0.36718773
timbrewm,8,chinese:SSB0149,0,17,0,0,0.0000024775,0.13738692;0.13473658;0.00000000;0.23822809;0.16309983;0.00000000;0.32654858;0.00000000
timbrewm,8,chinese:SSB0149,0,17,0,1,0.0000024779,0.14955371;0.12346518;0.00000000;0.23192819;0.16144560;0.00000000;0.33360732;0.00000000
timbrewm,8,chinese:SSB0149,0,17,0,2,0.0000024775,0.16048638;0.12973326;0.00000000;0.21863671;0.15637090;0.00000000;0.33477275;0.00000000
timbrewm,8,chinese:SSB0149,0,17,0,3,0.0000024772,0.13854347;0.14068608;0.00000000;0.24079586;0.15336649;0.00000000;0.32660810;0.00000000
timbrewm,8,chinese:SSB0149,0,17,0,4,0.0000024774,0.13322118;0.14340062;0.00000000;0.23356244;0.15887190;0.00000000;0.33094387;0.00000000
timbrewm,8,chinese:SSB0149,0,17,0,5,0.0000024780,0.14928750;0.12951811;0.00000000;0.22668458;0.16089259;0.00000000;0.33361722;0.00000000
timbrewm,8,chinese:SSB0149,0,17,0,6,0.0000024778,0.15008030;0.13484294;0.00000000;0.22777420;0.15396234;0.00000000;0.33334022;0.00000000
timbrewm,8,chinese:SSB0149,0,17,1,0,0.0000024775,0.13738692;0.13473658;0.00000000;0.23822809;0.16309983;0.00000000;0.32654858;0.00000000
timbrewm,8,chinese:SSB0149,0,17,1,1,0.0000024779,0.14955371;0.12346518;0.00000000;0.23192819;0.16144560;0.00000000;0.33360732;0.00000000
timbrewm,8,chinese:SSB0149,0,17,1,2,0.0000024780,0.14635337;0.13201475;0.00000000;0.22861299;0.16025331;0.00000000;0.33276558;0.00000000
timbrewm,8,chinese:SSB0149,0,17,1,3,0.0000024781,0.14789496;0.12860650;0.00000000;0.22734954;0.16268006;0.00000000;0.33346893;0.00000000
timbrewm,8,chinese:SSB0149,0,17,1,4,0.0000024779,0.14165422;0.13507166;0.00000000;0.23346707;0.15753122;0.00000000;0.33227582;0.00000000
timbrewm,8,chinese:SSB0149,0,17,1,5,0.0000024777,0.14017269;0.12469412;0.00000000;0.23577064;0.16600342;0.00000000;0.33335912;0.00000000
timbrewm,8,chinese:SSB0149,0,17,1,6,0.0000024771,0.15847034;0.10834089;0.00000000;0.22080786;0.17453741;0.00000000;0.33784350;0.00000000
timbrewm,8,chinese:SSB0149,0,17,2,0,0.0000024775,0.13738692;0.13473658;0.00000000;0.23822809;0.16309983;0.00000000;0.32654858;0.00000000
timbrewm,8,chinese:SSB0149,0,17,2,1,0.0000024779,0.14955371;0.12346518;0.00000000;0.23192819;0.16144560;0.00000000;0.33360732;0.00000000
timbrewm,8,chinese:SSB0149,0,17,2,2,0.0000024781,0.14789496;0.12860650;0.00000000;0.22734954;0.16268006;0.00000000;0.33346893;0.00000000
timbrewm,8,chinese:SSB0149,0,17,2,3,0.0000024780,0.14252441;0.13446178;0.00000000;0.23089652;0.15994200;0.00000000;0.33217530;0.00000000
timbrewm,8,chinese:SSB0149,0,17,2,4,0.0000024779,0.14784064;0.13477094;0.00000000;0.22757158;0.15640048;0.00000000;0.33341635;0.00000000
timbrewm,8,chinese:SSB0149,0,17,2,5,0.0000024779,0.14165422;0.13507166;0.00000000;0.23346707;0.15753122;0.00000000;0.33227582;0.00000000
timbrewm,8,chinese:SSB0149,0,17,2,6,0.0000024774,0.13322118;0.14340062;0.00000000;0.23356244;0.15887190;0.00000000;0.33094387;0.00000000
timbrewm,8,chinese:SSB0149,0,17,3,0,0.0000024775,0.13738692;0.13473658;0.00000000;0.23822809;0.16309983;0.00000000;0.32654858;0.00000000
timbrewm,8,chinese:SSB0149,0,17,3,1,0.0000024779,0.14955371;0.12346518;0.00000000;0.23192819;0.16144560;0.00000000;0.33360732;0.00000000
timbrewm,8,chinese:SSB0149,0,17,3,2,0.0000024780,0.14635337;0.13201475;0.00000000;0.22861299;0.16025331;0.00000000;0.33276558;0.00000000
timbrewm,8,chinese:SSB0149,0,17,3,3,0.0000024780,0.14624653;0.12822355;0.00000000;0.22809005;0.16421616;0.00000000;0.33322370;0.00000000
timbrewm,8,chinese:SSB0149,0,17,3,4,0.0000024777,0.15330488;0.11923321;0.00000000;0.22241130;0.17166694;0.00000000;0.33338366;0.00000000
timbrewm,8,chinese:SSB0149,0,17,3,5,0.0000024771,0.15847034;0.10834089;0.00000000;0.22080786;0.17453741;0.00000000;0.33784350;0.00000000
timbrewm,8,chinese:SSB0149,0,17,3,6,0.0000024780,0.14928750;0.12951811;0.00000000;0.22668458;0.16089259;0.00000000;0.33361722;0.00000000
timbrewm,8,chinese:SSB0193,0,18,0,0,0.0000013689,0.00000000;0.22296692;0.18071364;0.10349354;0.09136618;0.19760509;0.00000000;0.20385464
timbrewm,8,chinese:SSB0193,0,18,0,1,0.0000013694,0.00000000;0.21782091;0.19664984;0.07470875;0.11390974;0.20689562;0.00000000;0.19001515
timbrewm,8,chinese:SSB0193,0,18,0,2,0.0000013662,0.00000000;0.20548562;0.22183621;0.13982575;0.03836433;0.17287205;0.00000000;0.22161604
timbrewm,8,chinese:SSB0193,0,18,0,3,0.0000013685,0.00000000;0.21862551;0.21847997;0.11299849;0.06440928;0.18250477;0.00000000;0.20298198
timbrewm,8,chinese:SSB0193,0,18,0,4,0.0000013693,0.00000000;0.20372028;0.21540360;0.09000271;0.09549256;0.20401943;0.00000000;0.19136142
timbrewm,8,chinese:SSB0193,0,18,0,5,0.0000013698,0.00000000;0.21392849;0.20507467;0.08915313;0.09058464;0.20169486;0.00000000;0.19956421
timbrewm,8,chinese:SSB0193,0,18,0,6,0.0000013687,0.00000000;0.21596552;0.21408501;0.07930941;0.08570469;0.22022545;0.00000000;0.18470991
timbrewm,8,chinese:SSB0193,0,18,1,0,0.0000013689,0.00000000;0.22296692;0.18071364;0.10349354;0.09136618;0.19760509;0.00000000;0.20385464
timbrewm,8,chinese:SSB0193,0,18,1,1,0.0000013694,0.00000000;0.21782091;0.19664984;0.07470875;0.11390974;0.20689562;0.00000000;0.19001515
timbrewm,8,chinese:SSB0193,0,18,1,2,0.0000013696,0.00000000;0.20868041;0.19859970;0.10726344;0.08732014;0.18977942;0.00000000;0.20835688
timbrewm,8,chinese:SSB0193,0,18,1,3,0.0000013693,0.00000000;0.21015167;0.19312316;0.08177706;0.10426874;0.21313729;0.00000000;0.19754208
timbrewm,8,chinese:SSB0193,0,18,1,4,0.0000013698,0.00000000;0.21392849;0.20507467;0.08915313;0.09058464;0.20169486;0.00000000;0.19956421
timbrewm,8,chinese:SSB0193,0,18,1,5,0.0000013662,0.00000000;0.20548562;0.22183621;0.13982575;0.03836433;0.17287205;0.00000000;0.22161604
timbrewm,8,chinese:SSB0193,0,18,1,6,0.0000013685,0.00000000;0.20768695;0.20930557;0.06298119;0.10116366;0.22520186;0.00000000;0.19366076
timbrewm,8,chinese:SSB0193,0,18,2,0,0.0000013689,0.00000000;0.22296692;0.18071364;0.10349354;0.09136618;0.19760509;0.00000000;0.20385464
timbrewm,8,chinese:SSB0193,0,18,2,1,0.0000013694,0.00000000;0.21782091;0.19664984;0.07470875;0.11390974;0.20689562;0.00000000;0.19001515
timbrewm,8,chinese:SSB0193,0,18,2,2,0.0000013662,0.00000000;0.20548562;0.22183621;0.13982575;0.03836433;0.17287205;0.00000000;0.22161604
timbrewm,8,chinese:SSB0193,0,18,2,3,0.0000013691,0.00000000;0.21455560;0.20539349;0.07102855;0.10990598;0.21765455;0.00000000;0.18146182
timbrewm,8,chinese:SSB0193,0,18,2,4,0.0000013683,0.00000000;0.20019528;0.22468366;0.10814770;0.06284554;0.19483518;0.00000000;0.20929264
timbrewm,8,chinese:SSB0193,0,18,2,5,0.0000013662,0.00000000;0.20548562;0.22183621;0.13982575;0.03836433;0.17287205;0.00000000;0.22161604
timbrewm,8,chinese:SSB0193,0,18,2,6,0.0000013693,0.00000000;0.21015167;0.19312316;0.08177706;0.10426874;0.21313729;0.00000000;0.19754208
timbrewm,8,chinese:SSB0193,0,18,3,0,0.0000013689,0.00000000;0.22296692;0.18071364;0.10349354;0.09136618;0.19760509;0.00000000;0.20385464
timbrewm,8,chinese:SSB0193,0,18,3,1,0.0000013694,0.00000000;0.21782091;0.19664984;0.07470875;0.11390974;0.20689562;0.00000000;0.19001515
timbrewm,8,chinese:SSB0193,0,18,3,2,0.0000013686,0.00000000;0.20363646;0.19279246;0.07508880;0.11137848;0.21995786;0.00000000;0.19714594
timbrewm,8,chinese:SSB0193,0,18,3,3,0.0000013697,0.00000000;0.21001947;0.20460120;0.09353290;0.10028282;0.19877985;0.00000000;0.19278376
timbrewm,8,chinese:SSB0193,0,18,3,4,0.0000013698,0.00000000;0.21392849;0.20507467;0.08915313;0.09058464;0.20169486;0.00000000;0.19956421
timbrewm,8,chinese:SSB0193,0,18,3,5,0.0000013689,0.00000000;0.22220223;0.20989307;0.06727663;0.10641895;0.21361046;0.00000000;0.18059866
timbrewm,8,chinese:SSB0193,0,18,3,6,0.0000013698,0.00000000;0.21392849;0.20507467;0.08915313;0.09058464;0.20169486;0.00000000;0.19956421
timbrewm,8,chinese:SSB0197,0,19,0,0,0.0000007659,0.01477621;0.06140603;0.03878480;0.28959446;0.25767781;0.01423186;0.00000000;0.32352881
timbrewm,8,chinese:SSB0197,0,19,0,1,0.0000007667,0.00099720;0.07532522;0.10257489;0.25075252;0.23418456;0.00000000;0.00000000;0.33616561
timbrewm,8,chinese:SSB0197,0,19,0,2,0.0000007653,0.07578594;0.01838300;0.01085972;0.29814528;0.24236787;0.02371499;0.00000000;0.33074320
timbrewm,8,chinese:SSB0197,0,19,0,3,0.0000007668,0.05888502;0.05533824;0.04658543;0.26543520;0.22469180;0.00128345;0.00000000;0.34778086
timbrewm,8,chinese:SSB0197,0,19,0,4,0.0000007661,0.03850706;0.05680886;0.04687245;0.27839419;0.22833786;0.02189058;0.00000000;0.32918900
timbrewm,8,chinese:SSB0197,0,19,0,5,0.0000007664,0.05383214;0.03358841;0.04504064;0.27662088;0.23859960;0.02301542;0.00000000;0.32930291
timbrewm,8,chinese:SSB0197,0,19,0,6,0.0000007670,0.00000001;0.08492495;0.08832976;0.25847667;0.23548848;0.00000000;0.00000000;0.33278014
timbrewm,8,chinese:SSB0197,0,19,1,0,0.0000007659,0.01477621;0.06140603;0.03878480;0.28959446;0.25767781;0.01423186;0.00000000;0.32352881
timbrewm,8,chinese:SSB0197,0,19,1,1,0.0000007667,0.00099720;0.07532522;0.10257489;0.25075252;0.23418456;0.00000000;0.00000000;0.33616561
timbrewm,8,chinese:SSB0197,0,19,1,2,0.0000007660,0.00000002;0.09420456;0.05244718;0.26411998;0.24226298;0.01629039;0.00000000;0.33067489
timbrewm,8,chinese:SSB0197,0,19,1,3,0.0000007636,0.05664101;0.07268503;0.08643771;0.20573222;0.21113948;0.03243357;0.00000000;0.33493098
timbrewm,8,chinese:SSB0197,0,19,1,4,0.0000007673,0.04163295;0.04601175;0.06362041;0.27492209;0.23914359;0.00000000;0.00000000;0.33466920
timbrewm,8,chinese:SSB0197,0,19,1,5,0.0000007660,0.00000002;0.09420456;0.05244718;0.26411998;0.24226298;0.01629039;0.00000000;0.33067489
timbrewm,8,chinese:SSB0197,0,19,1,6,0.0000007649,0.08621045;0.00000005;0.05087419;0.26219787;0.23454491;0.04012088;0.00000000;0.32605165
timbrewm,8,chinese:SSB0197,0,19,2,0,0.0000007659,0.01477621;0.06140603;0.03878480;0.28959446;0.25767781;0.01423186;0.00000000;0.32352881
timbrewm,8,chinese:SSB0197,0,19,2,1,0.0000007667,0.00099720;0.07532522;0.10257489;0.25075252;0.23418456;0.00000000;0.00000000;0.33616561
timbrewm,8,chinese:SSB0197,0,19,2,2,0.0000007666,0.01168977;0.10326227;0.07070917;0.24383945;0.22693838;0.00000000;0.00000000;0.34356095
timbrewm,8,chinese:SSB0197,0,19,2,3,0.0000007671,0.02508269;0.04953062;0.06324642;0.28260552;0.24959405;0.00000000;0.00000000;0.32994070
timbrewm,8,chinese:SSB0197,0,19,2,4,0.0000007667,0.00099720;0.07532522;0.10257489;0.25075252;0.23418456;0.00000000;0.00000000;0.33616561
timbrewm,8,chinese:SSB0197,0,19,2,5,0.0000007673,0.01425130;0.07317743;0.07182466;0.26390183;0.24220367;0.00000000;0.00000000;0.33464111
timbrewm,8,chinese:SSB0197,0,19,2,6,0.0000007668,0.05888502;0.05533824;0.04658543;0.26543520;0.22469180;0.00128345;0.00000000;0.34778086
timbrewm,8,chinese:SSB0197,0,19,3,0,0.0000007659,0.01477621;0.06140603;0.03878480;0.28959446;0.25767781;0.01423186;0.00000000;0.32352881
timbrewm,8,chinese:SSB0197,0,19,3,1,0.0000007667,0.00099720;0.07532522;0.10257489;0.25075252;0.23418456;0.00000000;0.00000000;0.33616561
timbrewm,8,chinese:SSB0197,0,19,3,2,0.0000007660,0.00000002;0.09420456;0.05244718;0.26411998;0.24226298;0.01629039;0.00000000;0.33067489
timbrewm,8,chinese:SSB0197,0,19,3,3,0.0000007662,0.01176000;0.08004844;0.07149267;0.24765371;0.22997701;0.01833681;0.00000000;0.34073135
timbrewm,8,chinese:SSB0197,0,19,3,4,0.0000007667,0.00099720;0.07532522;0.10257489;0.25075252;0.23418456;0.00000000;0.00000000;0.33616561
timbrewm,8,chinese:SSB0197,0,19,3,5,0.0000007665,0.01379278;0.08534300;0.04925963;0.28041952;0.24066913;0.00000000;0.00000000;0.33051595
timbrewm,8,chinese:SSB0197,0,19,3,6,0.0000007673,0.01425130;0.07317743;0.07182466;0.26390183;0.24220367;0.00000000;0.00000000;0.33464111
