model,K,N_registry,trial_id,spk,local_t,method,colluder_ids,top1_identity,top1_is_colluder,max_colluder_score,max_noncolluder_score,attribution_margin,best_colluder_rank,ASR,R3_escape,R5_escape
timbrewm,3,1024,0,chinese:SSB0005,0,mean,"[349, 628, 936]",892,0,-5.926362991333008,-4.899938106536865,1.0264248847961426,56,1,1,1
timbrewm,3,1024,0,chinese:SSB0005,0,fwp,"[349, 628, 936]",984,0,-5.5142011642456055,-5.428682327270508,0.08551883697509766,22,1,1,1
timbrewm,3,1024,1,chinese:SSB0005,1,mean,"[32, 146, 468]",144,0,-5.251860618591309,-4.569251537322998,0.6826090812683105,15,1,1,1
timbrewm,3,1024,1,chinese:SSB0005,1,fwp,"[32, 146, 468]",416,0,-5.293789863586426,-5.124622821807861,0.16916704177856445,32,1,1,1
timbrewm,3,1024,2,chinese:SSB0005,2,mean,"[112, 153, 936]",184,0,-5.492262363433838,-4.7333760261535645,0.7588863372802734,22,1,1,1
timbrewm,3,1024,2,chinese:SSB0005,2,fwp,"[112, 153, 936]",248,0,-4.876829624176025,-4.774264812469482,0.10256481170654297,10,1,1,1
timbrewm,3,1024,3,chinese:SSB0009,0,mean,"[19, 603, 664]",539,0,-4.960958480834961,-4.566922187805176,0.39403629302978516,7,1,1,1
timbrewm,3,1024,3,chinese:SSB0009,0,fwp,"[19, 603, 664]",152,0,-4.675564289093018,-4.640904426574707,0.03465986251831055,2,1,0,0
timbrewm,3,1024,4,chinese:SSB0009,1,mean,"[165, 541, 781]",525,0,-4.766689300537109,-4.504983901977539,0.2617053985595703,3,1,0,0
timbrewm,3,1024,4,chinese:SSB0009,1,fwp,"[165, 541, 781]",429,0,-5.012468338012695,-4.746526718139648,0.2659416198730469,16,1,1,1
timbrewm,3,1024,5,chinese:SSB0009,2,mean,"[484, 602, 657]",720,0,-5.930293560028076,-5.206340789794922,0.7239527702331543,31,1,1,1
timbrewm,3,1024,5,chinese:SSB0009,2,fwp,"[484, 602, 657]",449,0,-5.596261978149414,-5.464776992797852,0.1314849853515625,28,1,1,1
timbrewm,3,1024,6,chinese:SSB0011,0,mean,"[177, 502, 720]",240,0,-5.281535625457764,-4.602121829986572,0.6794137954711914,14,1,1,1
timbrewm,3,1024,6,chinese:SSB0011,0,fwp,"[177, 502, 720]",496,0,-4.953575134277344,-4.883776664733887,0.06979846954345703,8,1,1,1
timbrewm,3,1024,7,chinese:SSB0011,1,mean,"[364, 520, 845]",844,0,-4.766555309295654,-4.328130722045898,0.43842458724975586,6,1,1,1
timbrewm,3,1024,7,chinese:SSB0011,1,fwp,"[364, 520, 845]",332,0,-4.167891979217529,-4.057570457458496,0.1103215217590332,4,1,1,0
timbrewm,3,1024,8,chinese:SSB0011,2,mean,"[236, 504, 790]",508,0,-5.225561141967773,-5.004384517669678,0.2211766242980957,2,1,0,0
timbrewm,3,1024,8,chinese:SSB0011,2,fwp,"[236, 504, 790]",1016,0,-5.433716773986816,-5.418156147003174,0.015560626983642578,2,1,0,0
timbrewm,3,1024,9,chinese:SSB0012,0,mean,"[22, 261, 569]",21,0,-5.573196887969971,-4.9591240882873535,0.6140727996826172,16,1,1,1
timbrewm,3,1024,9,chinese:SSB0012,0,fwp,"[22, 261, 569]",265,0,-5.250444412231445,-5.11842679977417,0.1320176124572754,30,1,1,1
timbrewm,3,1024,10,chinese:SSB0012,1,mean,"[462, 784, 926]",926,1,-4.640546798706055,-4.740201950073242,-0.0996551513671875,1,0,0,0
timbrewm,3,1024,10,chinese:SSB0012,1,fwp,"[462, 784, 926]",456,0,-5.568024635314941,-5.255954742431641,0.3120698928833008,28,1,1,1
timbrewm,3,1024,11,chinese:SSB0012,2,mean,"[89, 334, 913]",345,0,-5.402028560638428,-4.946666240692139,0.45536231994628906,8,1,1,1
timbrewm,3,1024,11,chinese:SSB0012,2,fwp,"[89, 334, 913]",456,0,-6.061672687530518,-5.729913711547852,0.331758975982666,102,1,1,1
timbrewm,3,1024,12,chinese:SSB0016,0,mean,"[616, 721, 725]",721,1,-4.465497016906738,-4.667333126068115,-0.20183610916137695,1,0,0,0
timbrewm,3,1024,12,chinese:SSB0016,0,fwp,"[616, 721, 725]",712,0,-5.317997455596924,-5.125930309295654,0.19206714630126953,19,1,1,1
timbrewm,3,1024,13,chinese:SSB0016,1,mean,"[413, 676, 685]",685,1,-4.38611364364624,-4.696461200714111,-0.3103475570678711,1,0,0,0
timbrewm,3,1024,13,chinese:SSB0016,1,fwp,"[413, 676, 685]",653,0,-4.584677219390869,-4.5692057609558105,0.015471458435058594,3,1,0,0
timbrewm,3,1024,14,chinese:SSB0016,2,mean,"[178, 487, 618]",226,0,-5.822138786315918,-4.8976335525512695,0.9245052337646484,45,1,1,1
timbrewm,3,1024,14,chinese:SSB0016,2,fwp,"[178, 487, 618]",490,0,-5.276869297027588,-5.162179946899414,0.11468935012817383,17,1,1,1
timbrewm,3,1024,15,chinese:SSB0018,0,mean,"[201, 618, 807]",619,0,-5.469521999359131,-5.234561443328857,0.23496055603027344,4,1,1,0
timbrewm,3,1024,15,chinese:SSB0018,0,fwp,"[201, 618, 807]",205,0,-5.83798360824585,-5.812327861785889,0.025655746459960938,3,1,0,0
timbrewm,3,1024,16,chinese:SSB0018,1,mean,"[263, 403, 790]",279,0,-4.6611714363098145,-4.446542263031006,0.2146291732788086,2,1,0,0
timbrewm,3,1024,16,chinese:SSB0018,1,fwp,"[263, 403, 790]",402,0,-4.698164939880371,-4.667105674743652,0.03105926513671875,2,1,0,0
timbrewm,3,1024,17,chinese:SSB0018,2,mean,"[449, 526, 899]",899,1,-4.947251319885254,-5.113562107086182,-0.16631078720092773,1,0,0,0
timbrewm,3,1024,17,chinese:SSB0018,2,fwp,"[449, 526, 899]",456,0,-6.043622970581055,-5.83577823638916,0.20784473419189453,58,1,1,1
timbrewm,3,1024,18,chinese:SSB0033,0,mean,"[129, 878, 886]",870,0,-5.693229675292969,-5.5163373947143555,0.17689228057861328,2,1,0,0
timbrewm,3,1024,18,chinese:SSB0033,0,fwp,"[129, 878, 886]",425,0,-6.479526042938232,-6.209968090057373,0.2695579528808594,226,1,1,1
timbrewm,3,1024,19,chinese:SSB0033,1,mean,"[62, 79, 381]",127,0,-5.0108642578125,-4.520933628082275,0.4899306297302246,8,1,1,1
timbrewm,3,1024,19,chinese:SSB0033,1,fwp,"[62, 79, 381]",333,0,-4.530454635620117,-4.434563159942627,0.09589147567749023,6,1,1,1
timbrewm,3,1024,20,chinese:SSB0033,2,mean,"[753, 786, 823]",819,0,-5.236971378326416,-4.823772430419922,0.41319894790649414,8,1,1,1
timbrewm,3,1024,20,chinese:SSB0033,2,fwp,"[753, 786, 823]",944,0,-5.325046539306641,-5.132879734039307,0.19216680526733398,16,1,1,1
timbrewm,3,1024,21,chinese:SSB0038,0,mean,"[461, 705, 751]",717,0,-4.834909915924072,-4.337715148925781,0.497194766998291,7,1,1,1
timbrewm,3,1024,21,chinese:SSB0038,0,fwp,"[461, 705, 751]",461,1,-4.371195316314697,-4.400319576263428,-0.02912425994873047,1,0,0,0
timbrewm,3,1024,22,chinese:SSB0038,1,mean,"[76, 263, 727]",71,0,-5.614229679107666,-5.069878578186035,0.5443511009216309,19,1,1,1
timbrewm,3,1024,22,chinese:SSB0038,1,fwp,"[76, 263, 727]",221,0,-5.447137832641602,-5.200629711151123,0.24650812149047852,32,1,1,1
timbrewm,3,1024,23,chinese:SSB0038,2,mean,"[133, 315, 962]",387,0,-6.397637367248535,-5.2214155197143555,1.1762218475341797,130,1,1,1
timbrewm,3,1024,23,chinese:SSB0038,2,fwp,"[133, 315, 962]",425,0,-5.606125831604004,-5.339080810546875,0.2670450210571289,25,1,1,1
timbrewm,3,1024,24,chinese:SSB0043,0,mean,"[794, 836, 994]",834,0,-5.428184509277344,-4.84251070022583,0.5856738090515137,23,1,1,1
timbrewm,3,1024,24,chinese:SSB0043,0,fwp,"[794, 836, 994]",776,0,-4.848795413970947,-4.620316982269287,0.22847843170166016,8,1,1,1
timbrewm,3,1024,25,chinese:SSB0043,1,mean,"[198, 277, 344]",340,0,-5.405245304107666,-4.926623821258545,0.4786214828491211,10,1,1,1
timbrewm,3,1024,25,chinese:SSB0043,1,fwp,"[198, 277, 344]",456,0,-5.259354591369629,-5.0930376052856445,0.16631698608398438,12,1,1,1
timbrewm,3,1024,26,chinese:SSB0043,2,mean,"[204, 265, 879]",333,0,-5.3248291015625,-4.625696182250977,0.6991329193115234,13,1,1,1
timbrewm,3,1024,26,chinese:SSB0043,2,fwp,"[204, 265, 879]",460,0,-5.093454360961914,-5.0458664894104,0.04758787155151367,3,1,0,0
timbrewm,3,1024,27,chinese:SSB0057,0,mean,"[221, 521, 1013]",733,0,-4.930728435516357,-4.670074939727783,0.2606534957885742,2,1,0,0
timbrewm,3,1024,27,chinese:SSB0057,0,fwp,"[221, 521, 1013]",973,0,-5.722744464874268,-5.489333629608154,0.23341083526611328,64,1,1,1
timbrewm,3,1024,28,chinese:SSB0057,1,mean,"[416, 518, 979]",898,0,-5.985384941101074,-5.2707672119140625,0.7146177291870117,38,1,1,1
timbrewm,3,1024,28,chinese:SSB0057,1,fwp,"[416, 518, 979]",288,0,-5.197319030761719,-5.19696044921875,0.00035858154296875,2,1,0,0
timbrewm,3,1024,29,chinese:SSB0057,2,mean,"[334, 632, 1001]",872,0,-5.266828536987305,-4.801775932312012,0.46505260467529297,9,1,1,1
timbrewm,3,1024,29,chinese:SSB0057,2,fwp,"[334, 632, 1001]",332,0,-5.318236827850342,-5.087310791015625,0.2309260368347168,24,1,1,1
timbrewm,3,1024,30,chinese:SSB0073,0,mean,"[342, 372, 556]",372,1,-4.814172744750977,-4.923095226287842,-0.10892248153686523,1,0,0,0
timbrewm,3,1024,30,chinese:SSB0073,0,fwp,"[342, 372, 556]",876,0,-5.68570613861084,-5.4987101554870605,0.1869959831237793,24,1,1,1
timbrewm,3,1024,31,chinese:SSB0073,1,mean,"[506, 529, 845]",857,0,-6.094510555267334,-5.132774353027344,0.9617362022399902,57,1,1,1
timbrewm,3,1024,31,chinese:SSB0073,1,fwp,"[506, 529, 845]",1016,0,-5.891480445861816,-5.639316558837891,0.2521638870239258,31,1,1,1
timbrewm,3,1024,32,chinese:SSB0073,2,mean,"[94, 219, 347]",91,0,-4.393684387207031,-4.166898250579834,0.22678613662719727,2,1,0,0
timbrewm,3,1024,32,chinese:SSB0073,2,fwp,"[94, 219, 347]",346,0,-4.302587509155273,-4.252913951873779,0.04967355728149414,2,1,0,0
timbrewm,3,1024,33,chinese:SSB0080,0,mean,"[99, 708, 1006]",742,0,-5.425598621368408,-4.994836807250977,0.43076181411743164,14,1,1,1
timbrewm,3,1024,33,chinese:SSB0080,0,fwp,"[99, 708, 1006]",490,0,-5.221994876861572,-5.035910606384277,0.18608427047729492,14,1,1,1
timbrewm,3,1024,34,chinese:SSB0080,1,mean,"[208, 293, 852]",340,0,-5.260204792022705,-4.8821702003479,0.3780345916748047,5,1,1,0
timbrewm,3,1024,34,chinese:SSB0080,1,fwp,"[208, 293, 852]",448,0,-5.597934246063232,-5.48213529586792,0.1157989501953125,13,1,1,1
timbrewm,3,1024,35,chinese:SSB0080,2,mean,"[405, 442, 810]",442,1,-4.8150529861450195,-4.937490463256836,-0.1224374771118164,1,0,0,0
timbrewm,3,1024,35,chinese:SSB0080,2,fwp,"[405, 442, 810]",424,0,-5.925816059112549,-5.631268501281738,0.29454755783081055,30,1,1,1
timbrewm,3,1024,36,chinese:SSB0112,0,mean,"[56, 176, 332]",56,1,-4.772874355316162,-4.897523880004883,-0.1246495246887207,1,0,0,0
timbrewm,3,1024,36,chinese:SSB0112,0,fwp,"[56, 176, 332]",488,0,-5.745499610900879,-5.374503135681152,0.37099647521972656,62,1,1,1
timbrewm,3,1024,37,chinese:SSB0112,1,mean,"[364, 550, 630]",614,0,-5.084919452667236,-4.748143672943115,0.3367757797241211,8,1,1,1
timbrewm,3,1024,37,chinese:SSB0112,1,fwp,"[364, 550, 630]",364,1,-4.899622917175293,-4.928034782409668,-0.028411865234375,1,0,0,0
timbrewm,3,1024,38,chinese:SSB0112,2,mean,"[24, 67, 366]",74,0,-5.775921821594238,-4.82210636138916,0.9538154602050781,47,1,1,1
timbrewm,3,1024,38,chinese:SSB0112,2,fwp,"[24, 67, 366]",362,0,-4.938169956207275,-4.764730930328369,0.17343902587890625,9,1,1,1
timbrewm,3,1024,39,chinese:SSB0122,0,mean,"[236, 263, 355]",359,0,-5.123714923858643,-4.891040325164795,0.23267459869384766,3,1,0,0
timbrewm,3,1024,39,chinese:SSB0122,0,fwp,"[236, 263, 355]",461,0,-5.668437957763672,-5.38754940032959,0.28088855743408203,43,1,1,1
timbrewm,3,1024,40,chinese:SSB0122,1,mean,"[210, 686, 747]",746,0,-4.961205005645752,-4.542603015899658,0.41860198974609375,7,1,1,1
timbrewm,3,1024,40,chinese:SSB0122,1,fwp,"[210, 686, 747]",234,0,-4.905492782592773,-4.815403461456299,0.09008932113647461,7,1,1,1
timbrewm,3,1024,41,chinese:SSB0122,2,mean,"[49, 388, 848]",272,0,-5.502200603485107,-4.729751110076904,0.7724494934082031,23,1,1,1
timbrewm,3,1024,41,chinese:SSB0122,2,fwp,"[49, 388, 848]",416,0,-5.173973560333252,-5.0162153244018555,0.15775823593139648,12,1,1,1
timbrewm,3,1024,42,chinese:SSB0133,0,mean,"[62, 352, 855]",374,0,-5.935690879821777,-5.344987392425537,0.5907034873962402,30,1,1,1
timbrewm,3,1024,42,chinese:SSB0133,0,fwp,"[62, 352, 855]",320,0,-5.195783615112305,-5.150322914123535,0.04546070098876953,3,1,0,0
timbrewm,3,1024,43,chinese:SSB0133,1,mean,"[87, 341, 861]",341,1,-4.1662678718566895,-4.29002571105957,-0.12375783920288086,1,0,0,0
timbrewm,3,1024,43,chinese:SSB0133,1,fwp,"[87, 341, 861]",349,0,-4.591151714324951,-4.549801349639893,0.041350364685058594,3,1,0,0
timbrewm,3,1024,44,chinese:SSB0133,2,mean,"[118, 197, 649]",197,1,-4.9950714111328125,-5.1827473640441895,-0.18767595291137695,1,0,0,0
timbrewm,3,1024,44,chinese:SSB0133,2,fwp,"[118, 197, 649]",232,0,-6.260666370391846,-6.093864917755127,0.16680145263671875,40,1,1,1
timbrewm,3,1024,45,chinese:SSB0139,0,mean,"[113, 144, 600]",80,0,-5.031399726867676,-4.444604873657227,0.5867948532104492,12,1,1,1
timbrewm,3,1024,45,chinese:SSB0139,0,fwp,"[113, 144, 600]",88,0,-4.621063709259033,-4.537610054016113,0.08345365524291992,4,1,1,0
timbrewm,3,1024,46,chinese:SSB0139,1,mean,"[135, 188, 994]",166,0,-5.769358158111572,-5.212528228759766,0.5568299293518066,23,1,1,1
timbrewm,3,1024,46,chinese:SSB0139,1,fwp,"[135, 188, 994]",195,0,-5.380163192749023,-5.2171478271484375,0.16301536560058594,30,1,1,1
timbrewm,3,1024,47,chinese:SSB0139,2,mean,"[259, 552, 714]",522,0,-5.515711784362793,-4.959600448608398,0.5561113357543945,18,1,1,1
timbrewm,3,1024,47,chinese:SSB0139,2,fwp,"[259, 552, 714]",458,0,-5.327000141143799,-5.130744934082031,0.19625520706176758,20,1,1,1
timbrewm,3,1024,48,chinese:SSB0145,0,mean,"[636, 652, 888]",636,1,-4.648153305053711,-4.784043312072754,-0.13589000701904297,1,0,0,0
timbrewm,3,1024,48,chinese:SSB0145,0,fwp,"[636, 652, 888]",936,0,-5.204897880554199,-5.005845069885254,0.1990528106689453,25,1,1,1
timbrewm,3,1024,49,chinese:SSB0145,1,mean,"[141, 269, 385]",397,0,-4.266826629638672,-3.900765895843506,0.366060733795166,3,1,0,0
timbrewm,3,1024,49,chinese:SSB0145,1,fwp,"[141, 269, 385]",393,0,-4.186905384063721,-4.130314826965332,0.05659055709838867,4,1,1,0
timbrewm,3,1024,50,chinese:SSB0145,2,mean,"[424, 787, 925]",921,0,-5.1228766441345215,-4.5841546058654785,0.538722038269043,6,1,1,1
timbrewm,3,1024,50,chinese:SSB0145,2,fwp,"[424, 787, 925]",424,1,-4.702634334564209,-4.717983722686768,-0.015349388122558594,1,0,0,0
timbrewm,3,1024,51,chinese:SSB0149,0,mean,"[694, 944, 1019]",946,0,-4.665074348449707,-4.55250883102417,0.11256551742553711,2,1,0,0
timbrewm,3,1024,51,chinese:SSB0149,0,fwp,"[694, 944, 1019]",954,0,-4.894837856292725,-4.8820481300354,0.012789726257324219,4,1,1,0
timbrewm,3,1024,52,chinese:SSB0149,1,mean,"[265, 555, 654]",523,0,-5.026814937591553,-4.698345184326172,0.32846975326538086,6,1,1,1
timbrewm,3,1024,52,chinese:SSB0149,1,fwp,"[265, 555, 654]",265,1,-5.016360759735107,-5.016758441925049,-0.00039768218994140625,1,0,0,0
timbrewm,3,1024,53,chinese:SSB0149,2,mean,"[447, 557, 893]",829,0,-4.757692813873291,-4.441765785217285,0.31592702865600586,5,1,1,0
timbrewm,3,1024,53,chinese:SSB0149,2,fwp,"[447, 557, 893]",445,0,-4.648571014404297,-4.469578742980957,0.17899227142333984,8,1,1,1
timbrewm,3,1024,54,chinese:SSB0193,0,mean,"[87, 408, 604]",92,0,-5.218015193939209,-4.795149803161621,0.4228653907775879,6,1,1,1
timbrewm,3,1024,54,chinese:SSB0193,0,fwp,"[87, 408, 604]",152,0,-5.4719390869140625,-5.419741630554199,0.05219745635986328,3,1,0,0
timbrewm,3,1024,55,chinese:SSB0193,1,mean,"[371, 383, 571]",379,0,-4.598670959472656,-4.18461799621582,0.41405296325683594,5,1,1,0
timbrewm,3,1024,55,chinese:SSB0193,1,fwp,"[371, 383, 571]",379,0,-4.6605401039123535,-4.560888290405273,0.09965181350708008,6,1,1,1
timbrewm,3,1024,56,chinese:SSB0193,2,mean,"[319, 793, 1014]",831,0,-5.308416366577148,-4.955877304077148,0.3525390625,6,1,1,1
timbrewm,3,1024,56,chinese:SSB0193,2,fwp,"[319, 793, 1014]",952,0,-5.687173366546631,-5.432087421417236,0.25508594512939453,39,1,1,1
timbrewm,3,1024,57,chinese:SSB0197,0,mean,"[482, 555, 994]",994,1,-4.62308406829834,-4.737273216247559,-0.11418914794921875,1,0,0,0
timbrewm,3,1024,57,chinese:SSB0197,0,fwp,"[482, 555, 994]",106,0,-5.4005584716796875,-5.167013645172119,0.23354482650756836,31,1,1,1
timbrewm,3,1024,58,chinese:SSB0197,1,mean,"[625, 969, 1010]",1009,0,-5.374166965484619,-4.561498165130615,0.8126688003540039,24,1,1,1
timbrewm,3,1024,58,chinese:SSB0197,1,fwp,"[625, 969, 1010]",969,1,-4.6958417892456055,-4.72990083694458,-0.03405904769897461,1,0,0,0
timbrewm,3,1024,59,chinese:SSB0197,2,mean,"[339, 579, 704]",579,1,-4.685572624206543,-4.8147292137146,-0.12915658950805664,1,0,0,0
timbrewm,3,1024,59,chinese:SSB0197,2,fwp,"[339, 579, 704]",449,0,-5.317941665649414,-5.224922180175781,0.09301948547363281,12,1,1,1
timbrewm,3,1024,60,chinese:SSB0200,0,mean,"[353, 370, 886]",370,1,-4.312018394470215,-4.4694952964782715,-0.15747690200805664,1,0,0,0
timbrewm,3,1024,60,chinese:SSB0200,0,fwp,"[353, 370, 886]",864,0,-4.948637008666992,-4.766761779785156,0.18187522888183594,12,1,1,1
timbrewm,3,1024,61,chinese:SSB0200,1,mean,"[775, 804, 962]",774,0,-4.972722053527832,-4.528098106384277,0.4446239471435547,9,1,1,1
timbrewm,3,1024,61,chinese:SSB0200,1,fwp,"[775, 804, 962]",966,0,-4.5579705238342285,-4.528645038604736,0.029325485229492188,2,1,0,0
timbrewm,3,1024,62,chinese:SSB0200,2,mean,"[357, 595, 883]",883,1,-4.578873634338379,-4.791709899902344,-0.21283626556396484,1,0,0,0
timbrewm,3,1024,62,chinese:SSB0200,2,fwp,"[357, 595, 883]",581,0,-5.4111456871032715,-5.27742338180542,0.13372230529785156,32,1,1,1
timbrewm,3,1024,63,chinese:SSB0241,0,mean,"[100, 302, 611]",102,0,-5.0680341720581055,-4.883309841156006,0.1847243309020996,4,1,1,0
timbrewm,3,1024,63,chinese:SSB0241,0,fwp,"[100, 302, 611]",362,0,-5.294001579284668,-5.0364990234375,0.25750255584716797,17,1,1,1
timbrewm,3,1024,64,chinese:SSB0241,1,mean,"[241, 709, 800]",737,0,-5.515318870544434,-4.910665512084961,0.6046533584594727,17,1,1,1
timbrewm,3,1024,64,chinese:SSB0241,1,fwp,"[241, 709, 800]",992,0,-5.388498306274414,-5.200992584228516,0.18750572204589844,20,1,1,1
timbrewm,3,1024,65,chinese:SSB0241,2,mean,"[67, 738, 866]",610,0,-4.602656364440918,-4.440713405609131,0.1619429588317871,2,1,0,0
timbrewm,3,1024,65,chinese:SSB0241,2,fwp,"[67, 738, 866]",322,0,-4.678431034088135,-4.580594062805176,0.09783697128295898,6,1,1,1
timbrewm,3,1024,66,chinese:SSB0246,0,mean,"[548, 732, 793]",540,0,-5.3762969970703125,-4.839428901672363,0.5368680953979492,17,1,1,1
timbrewm,3,1024,66,chinese:SSB0246,0,fwp,"[548, 732, 793]",925,0,-4.860884189605713,-4.708277225494385,0.15260696411132812,11,1,1,1
timbrewm,3,1024,67,chinese:SSB0246,1,mean,"[277, 320, 450]",320,1,-4.378966331481934,-4.635968208312988,-0.2570018768310547,1,0,0,0
timbrewm,3,1024,67,chinese:SSB0246,1,fwp,"[277, 320, 450]",321,0,-4.52603816986084,-4.504698753356934,0.02133941650390625,2,1,0,0
timbrewm,3,1024,68,chinese:SSB0246,2,mean,"[25, 144, 258]",16,0,-4.880486011505127,-4.638042449951172,0.24244356155395508,5,1,1,0
timbrewm,3,1024,68,chinese:SSB0246,2,fwp,"[25, 144, 258]",264,0,-4.925267696380615,-4.612930774688721,0.31233692169189453,10,1,1,1
timbrewm,3,1024,69,chinese:SSB0261,0,mean,"[29, 861, 1015]",861,1,-4.579972743988037,-4.80840539932251,-0.22843265533447266,1,0,0,0
timbrewm,3,1024,69,chinese:SSB0261,0,fwp,"[29, 861, 1015]",509,0,-5.6635637283325195,-5.556612014770508,0.10695171356201172,24,1,1,1
timbrewm,3,1024,70,chinese:SSB0261,1,mean,"[472, 895, 1023]",1023,1,-4.639752388000488,-4.7780961990356445,-0.13834381103515625,1,0,0,0
timbrewm,3,1024,70,chinese:SSB0261,1,fwp,"[472, 895, 1023]",472,1,-5.062516689300537,-5.107832431793213,-0.04531574249267578,1,0,0,0
timbrewm,3,1024,71,chinese:SSB0261,2,mean,"[567, 674, 882]",562,0,-5.115130424499512,-4.535531997680664,0.5795984268188477,10,1,1,1
timbrewm,3,1024,71,chinese:SSB0261,2,fwp,"[567, 674, 882]",882,1,-4.5655622482299805,-4.574718475341797,-0.009156227111816406,1,0,0,0
timbrewm,3,1024,72,chinese:SSB0267,0,mean,"[170, 454, 1001]",490,0,-5.542309761047363,-4.837172508239746,0.7051372528076172,19,1,1,1
timbrewm,3,1024,72,chinese:SSB0267,0,fwp,"[170, 454, 1001]",425,0,-4.7827887535095215,-4.686025619506836,0.09676313400268555,9,1,1,1
timbrewm,3,1024,73,chinese:SSB0267,1,mean,"[29, 151, 695]",151,1,-4.288766860961914,-4.488943099975586,-0.20017623901367188,1,0,0,0
timbrewm,3,1024,73,chinese:SSB0267,1,fwp,"[29, 151, 695]",157,0,-5.031336307525635,-4.789190292358398,0.24214601516723633,13,1,1,1
timbrewm,3,1024,74,chinese:SSB0267,2,mean,"[132, 161, 675]",161,1,-4.12421178817749,-4.459182262420654,-0.33497047424316406,1,0,0,0
timbrewm,3,1024,74,chinese:SSB0267,2,fwp,"[132, 161, 675]",161,1,-4.80354642868042,-4.804692268371582,-0.0011458396911621094,1,0,0,0
timbrewm,3,1024,75,chinese:SSB0273,0,mean,"[112, 602, 787]",594,0,-5.070219993591309,-4.937341213226318,0.13287878036499023,3,1,0,0
timbrewm,3,1024,75,chinese:SSB0273,0,fwp,"[112, 602, 787]",304,0,-5.3449201583862305,-5.148730754852295,0.19618940353393555,21,1,1,1
timbrewm,3,1024,76,chinese:SSB0273,1,mean,"[42, 746, 844]",618,0,-4.860313892364502,-4.646499156951904,0.21381473541259766,3,1,0,0
timbrewm,3,1024,76,chinese:SSB0273,1,fwp,"[42, 746, 844]",296,0,-5.298178195953369,-4.954726219177246,0.34345197677612305,31,1,1,1
timbrewm,3,1024,77,chinese:SSB0273,2,mean,"[296, 608, 870]",864,0,-4.89849853515625,-4.354609489440918,0.543889045715332,8,1,1,1
timbrewm,3,1024,77,chinese:SSB0273,2,fwp,"[296, 608, 870]",360,0,-4.527364730834961,-4.525057792663574,0.0023069381713867188,2,1,0,0
timbrewm,3,1024,78,chinese:SSB0287,0,mean,"[192, 480, 970]",448,0,-4.503694534301758,-4.11536979675293,0.3883247375488281,3,1,0,0
timbrewm,3,1024,78,chinese:SSB0287,0,fwp,"[192, 480, 970]",456,0,-4.57302188873291,-4.392492294311523,0.18052959442138672,8,1,1,1
timbrewm,3,1024,79,chinese:SSB0287,1,mean,"[606, 635, 766]",638,0,-4.404627323150635,-4.1048712730407715,0.2997560501098633,4,1,1,0
timbrewm,3,1024,79,chinese:SSB0287,1,fwp,"[606, 635, 766]",603,0,-4.2365851402282715,-4.171729564666748,0.06485557556152344,3,1,0,0
timbrewm,3,1024,80,chinese:SSB0287,2,mean,"[273, 360, 583]",321,0,-5.767063140869141,-5.0207366943359375,0.7463264465332031,27,1,1,1
timbrewm,3,1024,80,chinese:SSB0287,2,fwp,"[273, 360, 583]",360,1,-5.3250250816345215,-5.37223482131958,-0.047209739685058594,1,0,0,0
timbrewm,3,1024,81,chinese:SSB0288,0,mean,"[356, 393, 815]",301,0,-5.676480293273926,-4.707141399383545,0.9693388938903809,42,1,1,1
timbrewm,3,1024,81,chinese:SSB0288,0,fwp,"[356, 393, 815]",493,0,-5.180633544921875,-5.115540981292725,0.06509256362915039,14,1,1,1
timbrewm,3,1024,82,chinese:SSB0288,1,mean,"[208, 615, 732]",724,0,-5.108839511871338,-4.839549541473389,0.2692899703979492,4,1,1,0
timbrewm,3,1024,82,chinese:SSB0288,1,fwp,"[208, 615, 732]",229,0,-5.626007556915283,-5.440880298614502,0.18512725830078125,24,1,1,1
timbrewm,3,1024,83,chinese:SSB0288,2,mean,"[223, 341, 941]",477,0,-5.49168586730957,-4.6083879470825195,0.8832979202270508,25,1,1,1
timbrewm,3,1024,83,chinese:SSB0288,2,fwp,"[223, 341, 941]",717,0,-5.264150619506836,-5.076026439666748,0.1881241798400879,31,1,1,1
timbrewm,3,1024,84,chinese:SSB0299,0,mean,"[126, 413, 770]",286,0,-6.233922958374023,-5.302692413330078,0.9312305450439453,73,1,1,1
timbrewm,3,1024,84,chinese:SSB0299,0,fwp,"[126, 413, 770]",266,0,-5.838871479034424,-5.485682010650635,0.35318946838378906,53,1,1,1
timbrewm,3,1024,85,chinese:SSB0299,1,mean,"[635, 663, 871]",631,0,-5.315286636352539,-4.879641056060791,0.43564558029174805,13,1,1,1
timbrewm,3,1024,85,chinese:SSB0299,1,fwp,"[635, 663, 871]",699,0,-5.074537754058838,-4.857223987579346,0.2173137664794922,11,1,1,1
timbrewm,3,1024,86,chinese:SSB0299,2,mean,"[221, 636, 834]",604,0,-5.624091148376465,-5.269656658172607,0.3544344902038574,7,1,1,1
timbrewm,3,1024,86,chinese:SSB0299,2,fwp,"[221, 636, 834]",457,0,-6.049056053161621,-5.755581855773926,0.2934741973876953,67,1,1,1
timbrewm,3,1024,87,chinese:SSB0307,0,mean,"[342, 526, 992]",838,0,-6.049736976623535,-5.390745162963867,0.658991813659668,49,1,1,1
timbrewm,3,1024,87,chinese:SSB0307,0,fwp,"[342, 526, 992]",904,0,-5.724604606628418,-5.491323471069336,0.23328113555908203,38,1,1,1
timbrewm,3,1024,88,chinese:SSB0307,1,mean,"[464, 525, 954]",920,0,-6.0868730545043945,-5.166170120239258,0.9207029342651367,54,1,1,1
timbrewm,3,1024,88,chinese:SSB0307,1,fwp,"[464, 525, 954]",456,0,-5.987381935119629,-5.76571798324585,0.2216639518737793,46,1,1,1
timbrewm,3,1024,89,chinese:SSB0307,2,mean,"[13, 351, 580]",77,0,-5.008517265319824,-4.655647277832031,0.35286998748779297,4,1,1,0
timbrewm,3,1024,89,chinese:SSB0307,2,fwp,"[13, 351, 580]",333,0,-5.383657455444336,-5.0970892906188965,0.28656816482543945,22,1,1,1
timbrewm,3,1024,90,chinese:SSB0309,0,mean,"[717, 809, 868]",877,0,-5.328478813171387,-4.598974704742432,0.7295041084289551,19,1,1,1
timbrewm,3,1024,90,chinese:SSB0309,0,fwp,"[717, 809, 868]",969,0,-4.840328216552734,-4.783202171325684,0.05712604522705078,4,1,1,0
timbrewm,3,1024,91,chinese:SSB0309,1,mean,"[562, 633, 777]",569,0,-4.9889445304870605,-4.572371006011963,0.41657352447509766,6,1,1,1
timbrewm,3,1024,91,chinese:SSB0309,1,fwp,"[562, 633, 777]",808,0,-5.178774833679199,-5.136050224304199,0.042724609375,4,1,1,0
timbrewm,3,1024,92,chinese:SSB0309,2,mean,"[7, 492, 684]",172,0,-5.157482624053955,-4.737386226654053,0.42009639739990234,6,1,1,1
timbrewm,3,1024,92,chinese:SSB0309,2,fwp,"[7, 492, 684]",461,0,-5.452262878417969,-5.364555358886719,0.08770751953125,6,1,1,1
timbrewm,3,1024,93,chinese:SSB0315,0,mean,"[210, 626, 869]",626,1,-5.055149555206299,-5.188608169555664,-0.13345861434936523,1,0,0,0
timbrewm,3,1024,93,chinese:SSB0315,0,fwp,"[210, 626, 869]",481,0,-6.041694164276123,-5.754302024841309,0.28739213943481445,71,1,1,1
timbrewm,3,1024,94,chinese:SSB0315,1,mean,"[402, 788, 876]",788,1,-4.9467597007751465,-5.111330509185791,-0.16457080841064453,1,0,0,0
timbrewm,3,1024,94,chinese:SSB0315,1,fwp,"[402, 788, 876]",392,0,-5.943285942077637,-5.76215934753418,0.18112659454345703,43,1,1,1
timbrewm,3,1024,95,chinese:SSB0315,2,mean,"[39, 207, 336]",71,0,-5.813831329345703,-5.457221031188965,0.3566102981567383,12,1,1,1
timbrewm,3,1024,95,chinese:SSB0315,2,fwp,"[39, 207, 336]",288,0,-5.5735182762146,-5.412950038909912,0.1605682373046875,8,1,1,1
timbrewm,3,1024,96,chinese:SSB0316,0,mean,"[90, 417, 929]",417,1,-5.08729887008667,-5.242272853851318,-0.15497398376464844,1,0,0,0
timbrewm,3,1024,96,chinese:SSB0316,0,fwp,"[90, 417, 929]",488,0,-6.39902925491333,-6.0887451171875,0.3102841377258301,124,1,1,1
timbrewm,3,1024,97,chinese:SSB0316,1,mean,"[73, 390, 501]",453,0,-5.657407283782959,-4.933387279510498,0.7240200042724609,21,1,1,1
timbrewm,3,1024,97,chinese:SSB0316,1,fwp,"[73, 390, 501]",473,0,-5.287423610687256,-5.046820163726807,0.24060344696044922,28,1,1,1
timbrewm,3,1024,98,chinese:SSB0316,2,mean,"[114, 307, 445]",307,1,-4.889466285705566,-4.997781276702881,-0.10831499099731445,1,0,0,0
timbrewm,3,1024,98,chinese:SSB0316,2,fwp,"[114, 307, 445]",505,0,-5.537842273712158,-5.298543930053711,0.23929834365844727,16,1,1,1
timbrewm,3,1024,99,chinese:SSB0323,0,mean,"[161, 372, 629]",117,0,-5.383080959320068,-5.002728462219238,0.3803524971008301,13,1,1,1
timbrewm,3,1024,99,chinese:SSB0323,0,fwp,"[161, 372, 629]",416,0,-5.21390962600708,-5.096129417419434,0.11778020858764648,7,1,1,1
timbrewm,3,1024,100,chinese:SSB0323,1,mean,"[393, 495, 951]",431,0,-5.040414810180664,-4.652076244354248,0.388338565826416,7,1,1,1
timbrewm,3,1024,100,chinese:SSB0323,1,fwp,"[393, 495, 951]",393,1,-5.013611793518066,-5.040154457092285,-0.02654266357421875,1,0,0,0
timbrewm,3,1024,101,chinese:SSB0323,2,mean,"[264, 624, 963]",832,0,-5.661674499511719,-5.063858985900879,0.5978155136108398,20,1,1,1
timbrewm,3,1024,101,chinese:SSB0323,2,fwp,"[264, 624, 963]",392,0,-4.938261985778809,-4.857297897338867,0.0809640884399414,3,1,0,0
timbrewm,3,1024,102,chinese:SSB0338,0,mean,"[198, 381, 742]",230,0,-5.478451251983643,-5.1033244132995605,0.37512683868408203,11,1,1,1
timbrewm,3,1024,102,chinese:SSB0338,0,fwp,"[198, 381, 742]",461,0,-5.5647358894348145,-5.359498977661133,0.20523691177368164,22,1,1,1
timbrewm,3,1024,103,chinese:SSB0338,1,mean,"[97, 263, 838]",327,0,-5.234083652496338,-4.775951385498047,0.458132266998291,12,1,1,1
timbrewm,3,1024,103,chinese:SSB0338,1,fwp,"[97, 263, 838]",352,0,-5.274209976196289,-5.099462985992432,0.17474699020385742,15,1,1,1
timbrewm,3,1024,104,chinese:SSB0338,2,mean,"[230, 353, 388]",484,0,-5.347795486450195,-4.360314846038818,0.987480640411377,25,1,1,1
timbrewm,3,1024,104,chinese:SSB0338,2,fwp,"[230, 353, 388]",480,0,-4.806107521057129,-4.59144926071167,0.21465826034545898,11,1,1,1
timbrewm,3,1024,105,chinese:SSB0339,0,mean,"[193, 245, 292]",229,0,-5.026243209838867,-4.674614906311035,0.35162830352783203,6,1,1,1
timbrewm,3,1024,105,chinese:SSB0339,0,fwp,"[193, 245, 292]",436,0,-4.99317741394043,-4.910885810852051,0.0822916030883789,14,1,1,1
timbrewm,3,1024,106,chinese:SSB0339,1,mean,"[11, 182, 549]",39,0,-5.757006645202637,-5.118825435638428,0.638181209564209,29,1,1,1
timbrewm,3,1024,106,chinese:SSB0339,1,fwp,"[11, 182, 549]",138,0,-5.332585334777832,-5.19520902633667,0.1373763084411621,13,1,1,1
timbrewm,3,1024,107,chinese:SSB0339,2,mean,"[67, 335, 556]",79,0,-5.140259742736816,-4.903301239013672,0.23695850372314453,2,1,0,0
timbrewm,3,1024,107,chinese:SSB0339,2,fwp,"[67, 335, 556]",584,0,-5.775099754333496,-5.566146373748779,0.2089533805847168,54,1,1,1
timbrewm,3,1024,108,chinese:SSB0341,0,mean,"[143, 468, 826]",414,0,-6.212332725524902,-5.238980770111084,0.9733519554138184,69,1,1,1
timbrewm,3,1024,108,chinese:SSB0341,0,fwp,"[143, 468, 826]",426,0,-5.7099609375,-5.6092987060546875,0.1006622314453125,28,1,1,1
timbrewm,3,1024,109,chinese:SSB0341,1,mean,"[289, 331, 423]",291,0,-4.872045040130615,-4.57641077041626,0.29563426971435547,4,1,1,0
timbrewm,3,1024,109,chinese:SSB0341,1,fwp,"[289, 331, 423]",427,0,-4.997280120849609,-4.836260795593262,0.16101932525634766,12,1,1,1
timbrewm,3,1024,110,chinese:SSB0341,2,mean,"[2, 744, 987]",714,0,-5.672702312469482,-5.082896709442139,0.5898056030273438,17,1,1,1
timbrewm,3,1024,110,chinese:SSB0341,2,fwp,"[2, 744, 987]",458,0,-5.814465045928955,-5.445917129516602,0.3685479164123535,54,1,1,1
timbrewm,3,1024,111,chinese:SSB0342,0,mean,"[533, 799, 988]",797,0,-4.934175491333008,-4.3360137939453125,0.5981616973876953,10,1,1,1
timbrewm,3,1024,111,chinese:SSB0342,0,fwp,"[533, 799, 988]",988,1,-4.5588226318359375,-4.571652889251709,-0.012830257415771484,1,0,0,0
timbrewm,3,1024,112,chinese:SSB0342,1,mean,"[473, 490, 689]",505,0,-4.973900318145752,-4.618268013000488,0.35563230514526367,5,1,1,0
timbrewm,3,1024,112,chinese:SSB0342,1,fwp,"[473, 490, 689]",1000,0,-5.503962993621826,-5.244236469268799,0.25972652435302734,31,1,1,1
timbrewm,3,1024,113,chinese:SSB0342,2,mean,"[503, 751, 856]",1023,0,-5.731696605682373,-5.065518856048584,0.6661777496337891,24,1,1,1
timbrewm,3,1024,113,chinese:SSB0342,2,fwp,"[503, 751, 856]",969,0,-5.631821632385254,-5.393702030181885,0.23811960220336914,45,1,1,1
timbrewm,3,1024,114,chinese:SSB0354,0,mean,"[187, 770, 955]",955,1,-4.709109783172607,-4.90185546875,-0.19274568557739258,1,0,0,0
timbrewm,3,1024,114,chinese:SSB0354,0,fwp,"[187, 770, 955]",299,0,-5.7150068283081055,-5.44901180267334,0.2659950256347656,37,1,1,1
timbrewm,3,1024,115,chinese:SSB0354,1,mean,"[211, 338, 703]",211,1,-5.138808727264404,-5.224198818206787,-0.08539009094238281,1,0,0,0
timbrewm,3,1024,115,chinese:SSB0354,1,fwp,"[211, 338, 703]",1018,0,-6.1818413734436035,-5.93090295791626,0.25093841552734375,89,1,1,1
timbrewm,3,1024,116,chinese:SSB0354,2,mean,"[122, 243, 470]",242,0,-4.888669013977051,-4.556853771209717,0.331815242767334,4,1,1,0
timbrewm,3,1024,116,chinese:SSB0354,2,fwp,"[122, 243, 470]",474,0,-5.074658393859863,-4.800607681274414,0.2740507125854492,16,1,1,1
timbrewm,3,1024,117,chinese:SSB0366,0,mean,"[47, 230, 541]",47,1,-4.907754421234131,-5.0691046714782715,-0.16135025024414062,1,0,0,0
timbrewm,3,1024,117,chinese:SSB0366,0,fwp,"[47, 230, 541]",237,0,-6.161098480224609,-5.7917304039001465,0.3693680763244629,100,1,1,1
timbrewm,3,1024,118,chinese:SSB0366,1,mean,"[207, 452, 690]",198,0,-5.754538536071777,-5.267603874206543,0.4869346618652344,19,1,1,1
timbrewm,3,1024,118,chinese:SSB0366,1,fwp,"[207, 452, 690]",747,0,-5.640235900878906,-5.4615983963012695,0.17863750457763672,28,1,1,1
timbrewm,3,1024,119,chinese:SSB0366,2,mean,"[32, 774, 967]",774,1,-5.114773750305176,-5.209981441497803,-0.09520769119262695,1,0,0,0
timbrewm,3,1024,119,chinese:SSB0366,2,fwp,"[32, 774, 967]",416,0,-5.836337566375732,-5.702950477600098,0.13338708877563477,13,1,1,1
timbrewm,3,1024,120,chinese:SSB0375,0,mean,"[610, 630, 815]",614,0,-4.958166122436523,-4.768399715423584,0.18976640701293945,3,1,0,0
timbrewm,3,1024,120,chinese:SSB0375,0,fwp,"[610, 630, 815]",894,0,-5.06740140914917,-4.990665435791016,0.0767359733581543,10,1,1,1
timbrewm,3,1024,121,chinese:SSB0375,1,mean,"[138, 475, 717]",203,0,-5.201211452484131,-4.578498840332031,0.6227126121520996,14,1,1,1
timbrewm,3,1024,121,chinese:SSB0375,1,fwp,"[138, 475, 717]",201,0,-4.9524922370910645,-4.717686176300049,0.23480606079101562,16,1,1,1
timbrewm,3,1024,122,chinese:SSB0375,2,mean,"[701, 706, 869]",741,0,-5.844313144683838,-4.993284702301025,0.8510284423828125,38,1,1,1
timbrewm,3,1024,122,chinese:SSB0375,2,fwp,"[701, 706, 869]",1005,0,-4.84670352935791,-4.685267925262451,0.16143560409545898,8,1,1,1
timbrewm,3,1024,123,chinese:SSB0379,0,mean,"[80, 478, 856]",344,0,-4.676804065704346,-4.2386345863342285,0.4381694793701172,5,1,1,0
timbrewm,3,1024,123,chinese:SSB0379,0,fwp,"[80, 478, 856]",472,0,-4.954746723175049,-4.6909332275390625,0.26381349563598633,14,1,1,1
timbrewm,3,1024,124,chinese:SSB0379,1,mean,"[303, 551, 774]",807,0,-4.871913909912109,-4.382833480834961,0.48908042907714844,7,1,1,1
timbrewm,3,1024,124,chinese:SSB0379,1,fwp,"[303, 551, 774]",806,0,-4.298205852508545,-4.202793121337891,0.0954127311706543,2,1,0,0
timbrewm,3,1024,125,chinese:SSB0379,2,mean,"[512, 947, 988]",912,0,-5.772439002990723,-4.950868606567383,0.8215703964233398,32,1,1,1
timbrewm,3,1024,125,chinese:SSB0379,2,fwp,"[512, 947, 988]",984,0,-5.021579265594482,-5.017700672149658,0.0038785934448242188,2,1,0,0
timbrewm,3,1024,126,chinese:SSB0380,0,mean,"[442, 554, 865]",810,0,-5.3856000900268555,-4.920248031616211,0.46535205841064453,11,1,1,1
timbrewm,3,1024,126,chinese:SSB0380,0,fwp,"[442, 554, 865]",873,0,-4.764263153076172,-4.739965915679932,0.024297237396240234,3,1,0,0
timbrewm,3,1024,127,chinese:SSB0380,1,mean,"[590, 843, 923]",843,1,-4.387072563171387,-4.611414909362793,-0.22434234619140625,1,0,0,0
timbrewm,3,1024,127,chinese:SSB0380,1,fwp,"[590, 843, 923]",906,0,-5.301417350769043,-5.133243083953857,0.16817426681518555,17,1,1,1
timbrewm,3,1024,128,chinese:SSB0380,2,mean,"[131, 290, 1013]",419,0,-5.665881633758545,-4.943462371826172,0.722419261932373,17,1,1,1
timbrewm,3,1024,128,chinese:SSB0380,2,fwp,"[131, 290, 1013]",416,0,-5.558780670166016,-5.479729652404785,0.07905101776123047,7,1,1,1
timbrewm,3,1024,129,chinese:SSB0382,0,mean,"[393, 471, 860]",477,0,-5.641387462615967,-4.6594414710998535,0.9819459915161133,39,1,1,1
timbrewm,3,1024,129,chinese:SSB0382,0,fwp,"[393, 471, 860]",397,0,-4.7508978843688965,-4.699179649353027,0.05171823501586914,3,1,0,0
timbrewm,3,1024,130,chinese:SSB0382,1,mean,"[509, 576, 787]",849,0,-6.077115058898926,-5.222513198852539,0.8546018600463867,51,1,1,1
timbrewm,3,1024,130,chinese:SSB0382,1,fwp,"[509, 576, 787]",457,0,-5.9214043617248535,-5.823925495147705,0.09747886657714844,15,1,1,1
timbrewm,3,1024,131,chinese:SSB0382,2,mean,"[679, 752, 891]",755,0,-5.599431991577148,-5.083658695220947,0.5157732963562012,17,1,1,1
timbrewm,3,1024,131,chinese:SSB0382,2,fwp,"[679, 752, 891]",1003,0,-5.281018257141113,-5.129530429840088,0.1514878273010254,14,1,1,1
timbrewm,3,1024,132,chinese:SSB0385,0,mean,"[53, 185, 974]",189,0,-5.465258598327637,-5.210348129272461,0.2549104690551758,4,1,1,0
timbrewm,3,1024,132,chinese:SSB0385,0,fwp,"[53, 185, 974]",461,0,-6.349184989929199,-5.975663661956787,0.3735213279724121,77,1,1,1
timbrewm,3,1024,133,chinese:SSB0385,1,mean,"[58, 581, 653]",525,0,-5.282104969024658,-5.023403167724609,0.25870180130004883,3,1,0,0
timbrewm,3,1024,133,chinese:SSB0385,1,fwp,"[58, 581, 653]",40,0,-6.167392730712891,-5.691930770874023,0.4754619598388672,111,1,1,1
timbrewm,3,1024,134,chinese:SSB0385,2,mean,"[126, 278, 442]",318,0,-5.087519645690918,-4.638918399810791,0.44860124588012695,7,1,1,1
timbrewm,3,1024,134,chinese:SSB0385,2,fwp,"[126, 278, 442]",506,0,-4.674779891967773,-4.6290693283081055,0.04571056365966797,2,1,0,0
timbrewm,3,1024,135,chinese:SSB0393,0,mean,"[75, 603, 799]",603,1,-4.346610069274902,-4.6226701736450195,-0.2760601043701172,1,0,0,0
timbrewm,3,1024,135,chinese:SSB0393,0,fwp,"[75, 603, 799]",91,0,-5.010390281677246,-4.989706039428711,0.020684242248535156,3,1,0,0
timbrewm,3,1024,136,chinese:SSB0393,1,mean,"[37, 75, 599]",71,0,-5.313236236572266,-4.9504828453063965,0.36275339126586914,7,1,1,1
timbrewm,3,1024,136,chinese:SSB0393,1,fwp,"[37, 75, 599]",105,0,-4.960172176361084,-4.7702317237854,0.1899404525756836,10,1,1,1
timbrewm,3,1024,137,chinese:SSB0393,2,mean,"[650, 679, 879]",687,0,-5.293652057647705,-4.697198390960693,0.5964536666870117,15,1,1,1
timbrewm,3,1024,137,chinese:SSB0393,2,fwp,"[650, 679, 879]",970,0,-5.367980480194092,-5.1988844871521,0.1690959930419922,26,1,1,1
timbrewm,3,1024,138,chinese:SSB0394,0,mean,"[420, 520, 603]",520,1,-5.291482925415039,-5.531514644622803,-0.24003171920776367,1,0,0,0
timbrewm,3,1024,138,chinese:SSB0394,0,fwp,"[420, 520, 603]",488,0,-6.848324298858643,-6.593916416168213,0.2544078826904297,270,1,1,1
timbrewm,3,1024,139,chinese:SSB0394,1,mean,"[321, 611, 694]",611,1,-5.20218563079834,-5.3402299880981445,-0.1380443572998047,1,0,0,0
timbrewm,3,1024,139,chinese:SSB0394,1,fwp,"[321, 611, 694]",993,0,-6.401242733001709,-6.1204094886779785,0.28083324432373047,80,1,1,1
timbrewm,3,1024,140,chinese:SSB0394,2,mean,"[109, 130, 632]",104,0,-5.651803493499756,-4.984362602233887,0.6674408912658691,17,1,1,1
timbrewm,3,1024,140,chinese:SSB0394,2,fwp,"[109, 130, 632]",232,0,-5.7418131828308105,-5.526456356048584,0.21535682678222656,36,1,1,1
timbrewm,3,1024,141,chinese:SSB0395,0,mean,"[338, 715, 828]",858,0,-6.344459533691406,-5.388476848602295,0.9559826850891113,104,1,1,1
timbrewm,3,1024,141,chinese:SSB0395,0,fwp,"[338, 715, 828]",905,0,-6.04067325592041,-5.818812370300293,0.2218608856201172,84,1,1,1
timbrewm,3,1024,142,chinese:SSB0395,1,mean,"[189, 350, 399]",415,0,-4.878900527954102,-4.618520259857178,0.26038026809692383,4,1,1,0
timbrewm,3,1024,142,chinese:SSB0395,1,fwp,"[189, 350, 399]",477,0,-5.210960865020752,-5.018153190612793,0.19280767440795898,12,1,1,1
timbrewm,3,1024,143,chinese:SSB0395,2,mean,"[440, 625, 769]",817,0,-5.525275707244873,-5.023657321929932,0.5016183853149414,17,1,1,1
timbrewm,3,1024,143,chinese:SSB0395,2,fwp,"[440, 625, 769]",504,0,-5.192238807678223,-5.135133266448975,0.05710554122924805,4,1,1,0
timbrewm,3,1024,144,chinese:SSB0407,0,mean,"[363, 394, 429]",427,0,-5.054352283477783,-4.416628360748291,0.6377239227294922,13,1,1,1
timbrewm,3,1024,144,chinese:SSB0407,0,fwp,"[363, 394, 429]",489,0,-4.533567428588867,-4.356616497039795,0.17695093154907227,6,1,1,1
timbrewm,3,1024,145,chinese:SSB0407,1,mean,"[57, 416, 417]",417,1,-4.269593715667725,-4.412265300750732,-0.1426715850830078,1,0,0,0
timbrewm,3,1024,145,chinese:SSB0407,1,fwp,"[57, 416, 417]",424,0,-4.930713653564453,-4.760391712188721,0.17032194137573242,10,1,1,1
timbrewm,3,1024,146,chinese:SSB0407,2,mean,"[149, 180, 420]",180,1,-4.120809555053711,-4.358917236328125,-0.23810768127441406,1,0,0,0
timbrewm,3,1024,146,chinese:SSB0407,2,fwp,"[149, 180, 420]",436,0,-4.620296001434326,-4.617797374725342,0.002498626708984375,2,1,0,0
timbrewm,3,1024,147,chinese:SSB0415,0,mean,"[397, 692, 749]",685,0,-4.8169379234313965,-4.5101213455200195,0.30681657791137695,3,1,0,0
timbrewm,3,1024,147,chinese:SSB0415,0,fwp,"[397, 692, 749]",397,1,-5.074003219604492,-5.095370769500732,-0.021367549896240234,1,0,0,0
timbrewm,3,1024,148,chinese:SSB0415,1,mean,"[104, 488, 693]",232,0,-4.923439025878906,-4.573312282562256,0.3501267433166504,2,1,0,0
timbrewm,3,1024,148,chinese:SSB0415,1,fwp,"[104, 488, 693]",248,0,-5.635562896728516,-5.313078880310059,0.32248401641845703,40,1,1,1
timbrewm,3,1024,149,chinese:SSB0415,2,mean,"[115, 253, 662]",247,0,-5.18066930770874,-4.987695217132568,0.19297409057617188,4,1,1,0
timbrewm,3,1024,149,chinese:SSB0415,2,fwp,"[115, 253, 662]",243,0,-5.45130729675293,-5.328480243682861,0.12282705307006836,8,1,1,1
timbrewm,3,1024,150,english:103,0,mean,"[277, 814, 983]",791,0,-5.6795830726623535,-5.2004313468933105,0.47915172576904297,24,1,1,1
timbrewm,3,1024,150,english:103,0,fwp,"[277, 814, 983]",268,0,-5.182363986968994,-4.982418537139893,0.19994544982910156,14,1,1,1
timbrewm,3,1024,151,english:103,1,mean,"[144, 272, 907]",400,0,-5.19012451171875,-4.629138469696045,0.5609860420227051,12,1,1,1
timbrewm,3,1024,151,english:103,1,fwp,"[144, 272, 907]",392,0,-5.13216495513916,-4.870429039001465,0.2617359161376953,12,1,1,1
timbrewm,3,1024,152,english:103,2,mean,"[207, 246, 642]",198,0,-5.176525592803955,-4.623831272125244,0.5526943206787109,11,1,1,1
timbrewm,3,1024,152,english:103,2,fwp,"[207, 246, 642]",226,0,-5.040156364440918,-4.783239364624023,0.25691699981689453,15,1,1,1
timbrewm,3,1024,153,english:1034,0,mean,"[407, 418, 622]",422,0,-5.391820907592773,-5.106956958770752,0.2848639488220215,3,1,0,0
timbrewm,3,1024,153,english:1034,0,fwp,"[407, 418, 622]",463,0,-6.207597732543945,-5.848161220550537,0.3594365119934082,119,1,1,1
timbrewm,3,1024,154,english:1034,1,mean,"[316, 568, 779]",824,0,-5.172585964202881,-4.682416915893555,0.49016904830932617,11,1,1,1
timbrewm,3,1024,154,english:1034,1,fwp,"[316, 568, 779]",265,0,-5.270442008972168,-5.080023765563965,0.19041824340820312,20,1,1,1
timbrewm,3,1024,155,english:1034,2,mean,"[65, 144, 528]",16,0,-4.533268451690674,-4.347711086273193,0.18555736541748047,2,1,0,0
timbrewm,3,1024,155,english:1034,2,fwp,"[65, 144, 528]",577,0,-4.597487926483154,-4.523849010467529,0.073638916015625,6,1,1,1
timbrewm,3,1024,156,english:1040,0,mean,"[333, 535, 781]",781,1,-4.45275354385376,-4.707540512084961,-0.25478696823120117,1,0,0,0
timbrewm,3,1024,156,english:1040,0,fwp,"[333, 535, 781]",861,0,-5.321005821228027,-5.224715232849121,0.09629058837890625,6,1,1,1
timbrewm,3,1024,157,english:1040,1,mean,"[268, 762, 771]",778,0,-6.313101768493652,-5.333505153656006,0.9795966148376465,95,1,1,1
timbrewm,3,1024,157,english:1040,1,fwp,"[268, 762, 771]",488,0,-5.976330757141113,-5.696104526519775,0.2802262306213379,60,1,1,1
timbrewm,3,1024,158,english:1040,2,mean,"[66, 633, 844]",584,0,-5.471253395080566,-4.7138471603393555,0.7574062347412109,21,1,1,1
timbrewm,3,1024,158,english:1040,2,fwp,"[66, 633, 844]",72,0,-5.253747463226318,-5.123220920562744,0.13052654266357422,16,1,1,1
timbrewm,3,1024,159,english:1069,0,mean,"[77, 405, 813]",397,0,-5.405572414398193,-4.774145603179932,0.6314268112182617,20,1,1,1
timbrewm,3,1024,159,english:1069,0,fwp,"[77, 405, 813]",477,0,-4.90620756149292,-4.670081615447998,0.23612594604492188,13,1,1,1
timbrewm,3,1024,160,english:1069,1,mean,"[814, 901, 1000]",940,0,-5.041913032531738,-4.437090873718262,0.6048221588134766,9,1,1,1
timbrewm,3,1024,160,english:1069,1,fwp,"[814, 901, 1000]",1000,1,-4.724020481109619,-4.72458553314209,-0.0005650520324707031,1,0,0,0
timbrewm,3,1024,161,english:1069,2,mean,"[765, 933, 985]",1021,0,-4.509762763977051,-4.158339500427246,0.3514232635498047,4,1,1,0
timbrewm,3,1024,161,english:1069,2,fwp,"[765, 933, 985]",765,1,-4.301797866821289,-4.334515571594238,-0.03271770477294922,1,0,0,0
timbrewm,3,1024,162,english:1081,0,mean,"[84, 204, 830]",92,0,-5.268471717834473,-4.814461708068848,0.454010009765625,8,1,1,1
timbrewm,3,1024,162,english:1081,0,fwp,"[84, 204, 830]",460,0,-5.443881511688232,-5.283420085906982,0.16046142578125,9,1,1,1
timbrewm,3,1024,163,english:1081,1,mean,"[71, 570, 729]",603,0,-5.640180587768555,-5.414409637451172,0.2257709503173828,4,1,1,0
timbrewm,3,1024,163,english:1081,1,fwp,"[71, 570, 729]",42,0,-5.769017219543457,-5.599619388580322,0.16939783096313477,17,1,1,1
timbrewm,3,1024,164,english:1081,2,mean,"[58, 327, 334]",334,1,-4.630738735198975,-4.856776714324951,-0.22603797912597656,1,0,0,0
timbrewm,3,1024,164,english:1081,2,fwp,"[58, 327, 334]",298,0,-5.687505722045898,-5.467530250549316,0.21997547149658203,18,1,1,1
timbrewm,3,1024,165,english:1088,0,mean,"[557, 711, 931]",679,0,-5.427753925323486,-4.8353142738342285,0.5924396514892578,24,1,1,1
timbrewm,3,1024,165,english:1088,0,fwp,"[557, 711, 931]",967,0,-4.653902053833008,-4.64674711227417,0.007154941558837891,2,1,0,0
timbrewm,3,1024,166,english:1088,1,mean,"[149, 211, 925]",149,1,-4.503111839294434,-4.596743583679199,-0.09363174438476562,1,0,0,0
timbrewm,3,1024,166,english:1088,1,fwp,"[149, 211, 925]",925,1,-5.0335373878479,-5.041266441345215,-0.007729053497314453,1,0,0,0
timbrewm,3,1024,167,english:1088,2,mean,"[483, 507, 981]",499,0,-4.795655250549316,-4.669251441955566,0.12640380859375,3,1,0,0
timbrewm,3,1024,167,english:1088,2,fwp,"[483, 507, 981]",965,0,-4.841924667358398,-4.662069320678711,0.1798553466796875,9,1,1,1
timbrewm,3,1024,168,english:1098,0,mean,"[360, 381, 404]",380,0,-5.092844009399414,-4.630612850189209,0.4622311592102051,11,1,1,1
timbrewm,3,1024,168,english:1098,0,fwp,"[360, 381, 404]",488,0,-5.160550117492676,-4.876614093780518,0.2839360237121582,23,1,1,1
timbrewm,3,1024,169,english:1098,1,mean,"[565, 601, 976]",593,0,-5.057102203369141,-4.919164657592773,0.1379375457763672,4,1,1,0
timbrewm,3,1024,169,english:1098,1,fwp,"[565, 601, 976]",976,1,-4.9738359451293945,-5.002774238586426,-0.02893829345703125,1,0,0,0
timbrewm,3,1024,170,english:1098,2,mean,"[10, 512, 987]",522,0,-5.231977939605713,-4.960772514343262,0.27120542526245117,6,1,1,1
timbrewm,3,1024,170,english:1098,2,fwp,"[10, 512, 987]",458,0,-5.382071018218994,-5.026403427124023,0.3556675910949707,31,1,1,1
timbrewm,3,1024,171,english:1116,0,mean,"[9, 224, 834]",64,0,-5.594173908233643,-4.879060745239258,0.7151131629943848,27,1,1,1
timbrewm,3,1024,171,english:1116,0,fwp,"[9, 224, 834]",264,0,-5.311893463134766,-5.063101768493652,0.24879169464111328,24,1,1,1
timbrewm,3,1024,172,english:1116,1,mean,"[298, 426, 827]",298,1,-3.951890707015991,-4.311196804046631,-0.35930609703063965,1,0,0,0
timbrewm,3,1024,172,english:1116,1,fwp,"[298, 426, 827]",426,1,-4.482377529144287,-4.497378826141357,-0.015001296997070312,1,0,0,0
timbrewm,3,1024,173,english:1116,2,mean,"[598, 730, 791]",598,1,-4.758447170257568,-4.932894706726074,-0.17444753646850586,1,0,0,0
timbrewm,3,1024,173,english:1116,2,fwp,"[598, 730, 791]",986,0,-5.359378814697266,-5.206734657287598,0.15264415740966797,9,1,1,1
timbrewm,3,1024,174,english:118,0,mean,"[74, 255, 991]",223,0,-5.03278923034668,-4.640588283538818,0.39220094680786133,6,1,1,1
timbrewm,3,1024,174,english:118,0,fwp,"[74, 255, 991]",458,0,-5.245131492614746,-5.028756141662598,0.21637535095214844,14,1,1,1
timbrewm,3,1024,175,english:118,1,mean,"[318, 789, 820]",820,1,-4.316880226135254,-4.436902046203613,-0.12002182006835938,1,0,0,0
timbrewm,3,1024,175,english:118,1,fwp,"[318, 789, 820]",797,0,-5.02276611328125,-4.817803382873535,0.20496273040771484,9,1,1,1
timbrewm,3,1024,176,english:118,2,mean,"[127, 300, 821]",317,0,-5.236833572387695,-4.545801162719727,0.6910324096679688,11,1,1,1
timbrewm,3,1024,176,english:118,2,fwp,"[127, 300, 821]",829,0,-5.082667827606201,-4.817770957946777,0.26489686965942383,15,1,1,1
timbrewm,3,1024,177,english:1183,0,mean,"[324, 740, 948]",996,0,-4.82855749130249,-4.324501037597656,0.504056453704834,6,1,1,1
timbrewm,3,1024,177,english:1183,0,fwp,"[324, 740, 948]",452,0,-4.617355823516846,-4.477999687194824,0.13935613632202148,5,1,1,0
timbrewm,3,1024,178,english:1183,1,mean,"[603, 622, 779]",587,0,-4.974543571472168,-4.476498603820801,0.4980449676513672,7,1,1,1
timbrewm,3,1024,178,english:1183,1,fwp,"[603, 622, 779]",779,1,-4.905858516693115,-4.922804832458496,-0.01694631576538086,1,0,0,0
timbrewm,3,1024,179,english:1183,2,mean,"[280, 400, 475]",408,0,-4.424342155456543,-3.94946026802063,0.4748818874359131,4,1,1,0
timbrewm,3,1024,179,english:1183,2,fwp,"[280, 400, 475]",408,0,-4.47850227355957,-4.369246959686279,0.10925531387329102,3,1,0,0
timbrewm,3,1024,180,english:1235,0,mean,"[268, 304, 805]",292,0,-4.952871799468994,-4.47589635848999,0.4769754409790039,9,1,1,1
timbrewm,3,1024,180,english:1235,0,fwp,"[268, 304, 805]",288,0,-4.559546947479248,-4.473852634429932,0.0856943130493164,2,1,0,0
timbrewm,3,1024,181,english:1235,1,mean,"[155, 258, 931]",387,0,-5.343573570251465,-4.629426956176758,0.714146614074707,17,1,1,1
timbrewm,3,1024,181,english:1235,1,fwp,"[155, 258, 931]",394,0,-4.928489685058594,-4.6979146003723145,0.2305750846862793,9,1,1,1
timbrewm,3,1024,182,english:1235,2,mean,"[223, 368, 385]",465,0,-5.6824049949646,-4.941076755523682,0.741328239440918,23,1,1,1
timbrewm,3,1024,182,english:1235,2,fwp,"[223, 368, 385]",473,0,-5.676545143127441,-5.366543769836426,0.3100013732910156,44,1,1,1
timbrewm,3,1024,183,english:1246,0,mean,"[147, 243, 984]",211,0,-5.159700870513916,-4.744589805603027,0.41511106491088867,10,1,1,1
timbrewm,3,1024,183,english:1246,0,fwp,"[147, 243, 984]",473,0,-5.085474491119385,-4.975832939147949,0.10964155197143555,8,1,1,1
timbrewm,3,1024,184,english:1246,1,mean,"[12, 549, 799]",525,0,-5.148096084594727,-4.73745059967041,0.4106454849243164,7,1,1,1
timbrewm,3,1024,184,english:1246,1,fwp,"[12, 549, 799]",781,0,-5.02735710144043,-4.848362922668457,0.17899417877197266,8,1,1,1
timbrewm,3,1024,185,english:1246,2,mean,"[117, 198, 686]",230,0,-5.247646808624268,-4.9582295417785645,0.2894172668457031,5,1,1,0
timbrewm,3,1024,185,english:1246,2,fwp,"[117, 198, 686]",236,0,-5.763993740081787,-5.407847881317139,0.35614585876464844,42,1,1,1
timbrewm,3,1024,186,english:125,0,mean,"[67, 210, 681]",195,0,-5.4821319580078125,-5.001276016235352,0.48085594177246094,13,1,1,1
timbrewm,3,1024,186,english:125,0,fwp,"[67, 210, 681]",233,0,-5.520224571228027,-5.3825578689575195,0.1376667022705078,18,1,1,1
timbrewm,3,1024,187,english:125,1,mean,"[400, 724, 971]",976,0,-5.529452323913574,-4.850172996520996,0.6792793273925781,24,1,1,1
timbrewm,3,1024,187,english:125,1,fwp,"[400, 724, 971]",456,0,-5.296316146850586,-4.999038219451904,0.29727792739868164,32,1,1,1
timbrewm,3,1024,188,english:125,2,mean,"[77, 547, 856]",585,0,-5.821666717529297,-5.140803813934326,0.6808629035949707,27,1,1,1
timbrewm,3,1024,188,english:125,2,fwp,"[77, 547, 856]",824,0,-5.554612159729004,-5.509119987487793,0.04549217224121094,6,1,1,1
timbrewm,3,1024,189,english:1263,0,mean,"[335, 399, 830]",271,0,-4.597772121429443,-4.428266525268555,0.16950559616088867,2,1,0,0
timbrewm,3,1024,189,english:1263,0,fwp,"[335, 399, 830]",430,0,-4.805482864379883,-4.773861408233643,0.031621456146240234,4,1,1,0
timbrewm,3,1024,190,english:1263,1,mean,"[336, 480, 968]",448,0,-4.457406044006348,-4.0872955322265625,0.37011051177978516,3,1,0,0
timbrewm,3,1024,190,english:1263,1,fwp,"[336, 480, 968]",456,0,-4.288175582885742,-4.229691982269287,0.05848360061645508,2,1,0,0
timbrewm,3,1024,191,english:1263,2,mean,"[467, 729, 862]",987,0,-5.168240070343018,-4.594172954559326,0.5740671157836914,12,1,1,1
timbrewm,3,1024,191,english:1263,2,fwp,"[467, 729, 862]",985,0,-4.816680431365967,-4.715231418609619,0.10144901275634766,5,1,1,0
timbrewm,3,1024,192,english:1334,0,mean,"[62, 414, 791]",286,0,-4.667558193206787,-4.458681106567383,0.2088770866394043,2,1,0,0
timbrewm,3,1024,192,english:1334,0,fwp,"[62, 414, 791]",318,0,-5.118854522705078,-5.0071120262146,0.11174249649047852,9,1,1,1
timbrewm,3,1024,193,english:1334,1,mean,"[28, 830, 835]",798,0,-5.5270562171936035,-5.2444233894348145,0.28263282775878906,5,1,1,0
timbrewm,3,1024,193,english:1334,1,fwp,"[28, 830, 835]",264,0,-6.162536144256592,-5.824699878692627,0.33783626556396484,92,1,1,1
timbrewm,3,1024,194,english:1334,2,mean,"[281, 734, 742]",734,1,-5.479912757873535,-5.611424446105957,-0.13151168823242188,1,0,0,0
timbrewm,3,1024,194,english:1334,2,fwp,"[281, 734, 742]",425,0,-6.71176815032959,-6.514713287353516,0.19705486297607422,97,1,1,1
timbrewm,3,1024,195,english:1355,0,mean,"[701, 709, 960]",709,1,-4.684200286865234,-4.816450595855713,-0.13225030899047852,1,0,0,0
timbrewm,3,1024,195,english:1355,0,fwp,"[701, 709, 960]",1017,0,-5.659740924835205,-5.3969035148620605,0.26283740997314453,64,1,1,1
timbrewm,3,1024,196,english:1355,1,mean,"[145, 321, 755]",209,0,-5.02269983291626,-4.547243118286133,0.47545671463012695,7,1,1,1
timbrewm,3,1024,196,english:1355,1,fwp,"[145, 321, 755]",977,0,-5.397491455078125,-5.201722145080566,0.1957693099975586,28,1,1,1
timbrewm,3,1024,197,english:1355,2,mean,"[426, 435, 592]",434,0,-5.560839653015137,-5.126504898071289,0.43433475494384766,11,1,1,1
timbrewm,3,1024,197,english:1355,2,fwp,"[426, 435, 592]",984,0,-6.059003829956055,-5.744396209716797,0.3146076202392578,101,1,1,1
timbrewm,3,1024,198,english:1363,0,mean,"[183, 459, 650]",139,0,-5.423713684082031,-4.863348960876465,0.5603647232055664,13,1,1,1
timbrewm,3,1024,198,english:1363,0,fwp,"[183, 459, 650]",491,0,-5.153003215789795,-5.148462772369385,0.004540443420410156,2,1,0,0
timbrewm,3,1024,199,english:1363,1,mean,"[399, 476, 647]",399,1,-4.575883865356445,-4.694193363189697,-0.11830949783325195,1,0,0,0
timbrewm,3,1024,199,english:1363,1,fwp,"[399, 476, 647]",461,0,-5.307687282562256,-5.271905899047852,0.0357813835144043,4,1,1,0
timbrewm,3,1024,200,english:1363,2,mean,"[432, 711, 958]",950,0,-5.393479347229004,-5.221414566040039,0.17206478118896484,3,1,0,0
timbrewm,3,1024,200,english:1363,2,fwp,"[432, 711, 958]",481,0,-5.992910861968994,-5.911777019500732,0.08113384246826172,42,1,1,1
timbrewm,3,1024,201,english:1447,0,mean,"[484, 555, 573]",557,0,-5.564669132232666,-5.0656256675720215,0.49904346466064453,10,1,1,1
timbrewm,3,1024,201,english:1447,0,fwp,"[484, 555, 573]",492,0,-5.572734355926514,-5.417374610900879,0.15535974502563477,14,1,1,1
timbrewm,3,1024,202,english:1447,1,mean,"[360, 497, 862]",376,0,-5.017271995544434,-4.682718753814697,0.33455324172973633,3,1,0,0
timbrewm,3,1024,202,english:1447,1,fwp,"[360, 497, 862]",328,0,-4.676247596740723,-4.664024353027344,0.012223243713378906,2,1,0,0
timbrewm,3,1024,203,english:1447,2,mean,"[559, 561, 908]",557,0,-5.459920406341553,-4.8657660484313965,0.5941543579101562,17,1,1,1
timbrewm,3,1024,203,english:1447,2,fwp,"[559, 561, 908]",920,0,-5.604808330535889,-5.372158527374268,0.2326498031616211,34,1,1,1
timbrewm,3,1024,204,english:1455,0,mean,"[73, 183, 601]",89,0,-5.231802940368652,-4.928304672241211,0.3034982681274414,3,1,0,0
timbrewm,3,1024,204,english:1455,0,fwp,"[73, 183, 601]",137,0,-5.746222019195557,-5.524326801300049,0.2218952178955078,44,1,1,1
timbrewm,3,1024,205,english:1455,1,mean,"[343, 607, 935]",855,0,-5.252595901489258,-4.8881049156188965,0.36449098587036133,8,1,1,1
timbrewm,3,1024,205,english:1455,1,fwp,"[343, 607, 935]",975,0,-5.391716957092285,-5.147010326385498,0.2447066307067871,22,1,1,1
timbrewm,3,1024,206,english:1455,2,mean,"[30, 664, 978]",666,0,-4.834242820739746,-4.669968128204346,0.1642746925354004,2,1,0,0
timbrewm,3,1024,206,english:1455,2,fwp,"[30, 664, 978]",410,0,-5.4427995681762695,-5.126014232635498,0.3167853355407715,31,1,1,1
timbrewm,3,1024,207,english:150,0,mean,"[85, 573, 909]",541,0,-5.102386951446533,-4.771686553955078,0.3307003974914551,6,1,1,1
timbrewm,3,1024,207,english:150,0,fwp,"[85, 573, 909]",461,0,-5.125225067138672,-5.082010269165039,0.04321479797363281,6,1,1,1
timbrewm,3,1024,208,english:150,1,mean,"[385, 409, 829]",409,1,-4.295460224151611,-4.636108875274658,-0.3406486511230469,1,0,0,0
timbrewm,3,1024,208,english:150,1,fwp,"[385, 409, 829]",393,0,-5.1477437019348145,-5.131865978240967,0.015877723693847656,3,1,0,0
timbrewm,3,1024,209,english:150,2,mean,"[117, 158, 378]",126,0,-5.313257217407227,-4.983098983764648,0.3301582336425781,7,1,1,1
timbrewm,3,1024,209,english:150,2,fwp,"[117, 158, 378]",156,0,-5.223728179931641,-5.009758949279785,0.21396923065185547,11,1,1,1
timbrewm,3,1024,210,english:1502,0,mean,"[10, 199, 658]",130,0,-5.357766628265381,-4.679859161376953,0.6779074668884277,15,1,1,1
timbrewm,3,1024,210,english:1502,0,fwp,"[10, 199, 658]",202,0,-4.9605183601379395,-4.770780563354492,0.18973779678344727,11,1,1,1
timbrewm,3,1024,211,english:1502,1,mean,"[38, 825, 919]",823,0,-5.949333667755127,-5.386219024658203,0.5631146430969238,30,1,1,1
timbrewm,3,1024,211,english:1502,1,fwp,"[38, 825, 919]",422,0,-5.480077743530273,-5.29065465927124,0.1894230842590332,28,1,1,1
timbrewm,3,1024,212,english:1502,2,mean,"[421, 797, 876]",813,0,-5.2905707359313965,-4.653592109680176,0.6369786262512207,16,1,1,1
timbrewm,3,1024,212,english:1502,2,fwp,"[421, 797, 876]",940,0,-4.897792816162109,-4.765346527099609,0.1324462890625,10,1,1,1
timbrewm,3,1024,213,english:1553,0,mean,"[106, 167, 685]",175,0,-5.247567176818848,-4.708648204803467,0.5389189720153809,14,1,1,1
timbrewm,3,1024,213,english:1553,0,fwp,"[106, 167, 685]",234,0,-4.886279582977295,-4.755311965942383,0.1309676170349121,4,1,1,0
timbrewm,3,1024,214,english:1553,1,mean,"[93, 232, 901]",205,0,-5.8752899169921875,-4.957159519195557,0.9181303977966309,50,1,1,1
timbrewm,3,1024,214,english:1553,1,fwp,"[93, 232, 901]",488,0,-5.50238561630249,-5.490056991577148,0.012328624725341797,3,1,0,0
timbrewm,3,1024,215,english:1553,2,mean,"[134, 282, 962]",386,0,-5.419772624969482,-4.667350769042969,0.7524218559265137,18,1,1,1
timbrewm,3,1024,215,english:1553,2,fwp,"[134, 282, 962]",394,0,-4.975159645080566,-4.774489879608154,0.2006697654724121,9,1,1,1
timbrewm,3,1024,216,english:1578,0,mean,"[141, 813, 900]",909,0,-5.023902416229248,-4.438324928283691,0.5855774879455566,10,1,1,1
timbrewm,3,1024,216,english:1578,0,fwp,"[141, 813, 900]",397,0,-4.550205230712891,-4.549962043762207,0.00024318695068359375,2,1,0,0
timbrewm,3,1024,217,english:1578,1,mean,"[47, 264, 281]",265,0,-4.653749465942383,-4.387749195098877,0.26600027084350586,2,1,0,0
timbrewm,3,1024,217,english:1578,1,fwp,"[47, 264, 281]",40,0,-4.822790145874023,-4.777066707611084,0.04572343826293945,4,1,1,0
timbrewm,3,1024,218,english:1578,2,mean,"[644, 749, 793]",653,0,-5.4941182136535645,-4.748358726501465,0.7457594871520996,22,1,1,1
timbrewm,3,1024,218,english:1578,2,fwp,"[644, 749, 793]",665,0,-5.225061893463135,-5.133347034454346,0.09171485900878906,11,1,1,1
timbrewm,3,1024,219,english:1594,0,mean,"[733, 765, 905]",733,1,-4.102112770080566,-4.340602397918701,-0.23848962783813477,1,0,0,0
timbrewm,3,1024,219,english:1594,0,fwp,"[733, 765, 905]",941,0,-4.864581108093262,-4.757880210876465,0.10670089721679688,14,1,1,1
timbrewm,3,1024,220,english:1594,1,mean,"[210, 376, 685]",248,0,-5.8053998947143555,-4.997612476348877,0.8077874183654785,29,1,1,1
timbrewm,3,1024,220,english:1594,1,fwp,"[210, 376, 685]",504,0,-5.597627639770508,-5.425739288330078,0.1718883514404297,41,1,1,1
timbrewm,3,1024,221,english:1594,2,mean,"[45, 494, 801]",301,0,-5.167293548583984,-4.825772285461426,0.3415212631225586,6,1,1,1
timbrewm,3,1024,221,english:1594,2,fwp,"[45, 494, 801]",488,0,-5.6338629722595215,-5.316641807556152,0.31722116470336914,38,1,1,1
timbrewm,3,1024,222,english:1624,0,mean,"[520, 645, 925]",653,0,-4.899083614349365,-4.366009712219238,0.533073902130127,8,1,1,1
timbrewm,3,1024,222,english:1624,0,fwp,"[520, 645, 925]",648,0,-4.575996398925781,-4.429495334625244,0.1465010643005371,5,1,1,0
timbrewm,3,1024,223,english:1624,1,mean,"[449, 722, 802]",962,0,-5.840237617492676,-4.901265621185303,0.938971996307373,47,1,1,1
timbrewm,3,1024,223,english:1624,1,fwp,"[449, 722, 802]",994,0,-4.9402313232421875,-4.877163410186768,0.06306791305541992,4,1,1,0
timbrewm,3,1024,224,english:1624,2,mean,"[125, 270, 1023]",383,0,-5.657129287719727,-4.981777191162109,0.6753520965576172,28,1,1,1
timbrewm,3,1024,224,english:1624,2,fwp,"[125, 270, 1023]",430,0,-5.218231678009033,-5.1460394859313965,0.07219219207763672,8,1,1,1
timbrewm,3,1024,225,english:163,0,mean,"[284, 656, 773]",788,0,-5.195211887359619,-4.752007961273193,0.4432039260864258,12,1,1,1
timbrewm,3,1024,225,english:163,0,fwp,"[284, 656, 773]",897,0,-4.980771064758301,-4.813624382019043,0.1671466827392578,13,1,1,1
timbrewm,3,1024,226,english:163,1,mean,"[269, 331, 1002]",331,1,-4.594388484954834,-4.752042770385742,-0.1576542854309082,1,0,0,0
timbrewm,3,1024,226,english:163,1,fwp,"[269, 331, 1002]",1000,0,-5.548067092895508,-5.358024597167969,0.19004249572753906,36,1,1,1
timbrewm,3,1024,227,english:163,2,mean,"[251, 456, 559]",235,0,-5.414610385894775,-4.953469753265381,0.46114063262939453,11,1,1,1
timbrewm,3,1024,227,english:163,2,fwp,"[251, 456, 559]",488,0,-5.603282451629639,-5.577606678009033,0.02567577362060547,2,1,0,0
timbrewm,3,1024,228,english:1723,0,mean,"[116, 471, 772]",340,0,-5.600391387939453,-4.76948356628418,0.8309078216552734,30,1,1,1
timbrewm,3,1024,228,english:1723,0,fwp,"[116, 471, 772]",452,0,-5.359906196594238,-5.146703243255615,0.21320295333862305,26,1,1,1
timbrewm,3,1024,229,english:1723,1,mean,"[155, 237, 647]",143,0,-5.352010250091553,-4.652949810028076,0.6990604400634766,20,1,1,1
timbrewm,3,1024,229,english:1723,1,fwp,"[155, 237, 647]",237,1,-4.71251106262207,-4.748672962188721,-0.03616189956665039,1,0,0,0
timbrewm,3,1024,230,english:1723,2,mean,"[93, 698, 739]",763,0,-5.890993595123291,-5.072133541107178,0.8188600540161133,39,1,1,1
timbrewm,3,1024,230,english:1723,2,fwp,"[93, 698, 739]",201,0,-5.633300304412842,-5.419444561004639,0.21385574340820312,30,1,1,1
timbrewm,3,1024,231,english:1737,0,mean,"[33, 193, 504]",225,0,-5.083106517791748,-4.62537956237793,0.45772695541381836,8,1,1,1
timbrewm,3,1024,231,english:1737,0,fwp,"[33, 193, 504]",424,0,-5.150121688842773,-4.982775688171387,0.16734600067138672,12,1,1,1
timbrewm,3,1024,232,english:1737,1,mean,"[763, 847, 858]",859,0,-4.8854660987854,-4.496057033538818,0.38940906524658203,6,1,1,1
timbrewm,3,1024,232,english:1737,1,fwp,"[763, 847, 858]",971,0,-4.925226211547852,-4.778432369232178,0.14679384231567383,14,1,1,1
timbrewm,3,1024,233,english:1737,2,mean,"[244, 596, 1019]",756,0,-5.151708126068115,-4.935245037078857,0.2164630889892578,4,1,1,0
timbrewm,3,1024,233,english:1737,2,fwp,"[244, 596, 1019]",1016,0,-5.616662502288818,-5.390496730804443,0.226165771484375,21,1,1,1
timbrewm,3,1024,234,english:1743,0,mean,"[415, 781, 866]",783,0,-5.381376266479492,-5.195982456207275,0.1853938102722168,2,1,0,0
timbrewm,3,1024,234,english:1743,0,fwp,"[415, 781, 866]",491,0,-6.111324787139893,-5.73096227645874,0.38036251068115234,108,1,1,1
timbrewm,3,1024,235,english:1743,1,mean,"[599, 662, 669]",663,0,-4.729117393493652,-4.546492576599121,0.18262481689453125,4,1,1,0
timbrewm,3,1024,235,english:1743,1,fwp,"[599, 662, 669]",733,0,-4.477590560913086,-4.428408145904541,0.04918241500854492,2,1,0,0
timbrewm,3,1024,236,english:1743,2,mean,"[297, 698, 928]",936,0,-4.931380271911621,-4.370453357696533,0.5609269142150879,7,1,1,1
timbrewm,3,1024,236,english:1743,2,fwp,"[297, 698, 928]",424,0,-5.177184581756592,-4.974245548248291,0.20293903350830078,11,1,1,1
timbrewm,3,1024,237,english:1841,0,mean,"[333, 525, 840]",845,0,-4.458066940307617,-4.126781463623047,0.3312854766845703,4,1,1,0
timbrewm,3,1024,237,english:1841,0,fwp,"[333, 525, 840]",840,1,-4.3932085037231445,-4.451574802398682,-0.05836629867553711,1,0,0,0
timbrewm,3,1024,238,english:1841,1,mean,"[427, 454, 728]",458,0,-5.757286071777344,-4.904776573181152,0.8525094985961914,33,1,1,1
timbrewm,3,1024,238,english:1841,1,fwp,"[427, 454, 728]",968,0,-5.6435441970825195,-5.3750200271606445,0.268524169921875,46,1,1,1
timbrewm,3,1024,239,english:1841,2,mean,"[438, 521, 1018]",954,0,-5.501518249511719,-5.214585304260254,0.28693294525146484,4,1,1,0
timbrewm,3,1024,239,english:1841,2,fwp,"[438, 521, 1018]",396,0,-6.529290199279785,-5.9924516677856445,0.5368385314941406,217,1,1,1
timbrewm,3,1024,240,english:1867,0,mean,"[45, 186, 492]",172,0,-5.118463516235352,-4.627917289733887,0.49054622650146484,9,1,1,1
timbrewm,3,1024,240,english:1867,0,fwp,"[45, 186, 492]",488,0,-4.748338222503662,-4.665262222290039,0.08307600021362305,3,1,0,0
timbrewm,3,1024,241,english:1867,1,mean,"[70, 538, 610]",578,0,-5.048427581787109,-4.731258392333984,0.317169189453125,4,1,1,0
timbrewm,3,1024,241,english:1867,1,fwp,"[70, 538, 610]",10,0,-5.016633033752441,-4.922614097595215,0.09401893615722656,7,1,1,1
timbrewm,3,1024,242,english:1867,2,mean,"[231, 471, 985]",471,1,-4.831689357757568,-4.944919109344482,-0.11322975158691406,1,0,0,0
timbrewm,3,1024,242,english:1867,2,fwp,"[231, 471, 985]",493,0,-5.620507717132568,-5.360306739807129,0.26020097732543945,42,1,1,1
timbrewm,3,1024,243,english:1898,0,mean,"[168, 546, 875]",554,0,-5.279177188873291,-4.6383490562438965,0.6408281326293945,19,1,1,1
timbrewm,3,1024,243,english:1898,0,fwp,"[168, 546, 875]",488,0,-5.046603202819824,-5.020195007324219,0.02640819549560547,4,1,1,0
timbrewm,3,1024,244,english:1898,1,mean,"[212, 286, 938]",414,0,-5.627051830291748,-4.952112674713135,0.6749391555786133,23,1,1,1
timbrewm,3,1024,244,english:1898,1,fwp,"[212, 286, 938]",492,0,-5.989648818969727,-5.657983779907227,0.3316650390625,87,1,1,1
timbrewm,3,1024,245,english:1898,2,mean,"[91, 668, 937]",665,0,-5.698821067810059,-4.965697288513184,0.733123779296875,29,1,1,1
timbrewm,3,1024,245,english:1898,2,fwp,"[91, 668, 937]",489,0,-5.430984973907471,-5.324212551116943,0.10677242279052734,8,1,1,1
timbrewm,3,1024,246,english:19,0,mean,"[133, 485, 998]",485,1,-4.262674331665039,-4.6138014793396,-0.35112714767456055,1,0,0,0
timbrewm,3,1024,246,english:19,0,fwp,"[133, 485, 998]",485,1,-5.193661212921143,-5.19913911819458,-0.0054779052734375,1,0,0,0
timbrewm,3,1024,247,english:19,1,mean,"[625, 698, 796]",568,0,-5.584411144256592,-4.866086959838867,0.7183241844177246,23,1,1,1
timbrewm,3,1024,247,english:19,1,fwp,"[625, 698, 796]",792,0,-5.213436603546143,-5.125333309173584,0.0881032943725586,5,1,1,0
timbrewm,3,1024,248,english:19,2,mean,"[36, 269, 907]",269,1,-4.679465293884277,-4.834639072418213,-0.15517377853393555,1,0,0,0
timbrewm,3,1024,248,english:19,2,fwp,"[36, 269, 907]",424,0,-5.8548760414123535,-5.679755210876465,0.17512083053588867,32,1,1,1
timbrewm,3,1024,249,english:1926,0,mean,"[185, 842, 1001]",1001,1,-4.630489349365234,-4.929600238800049,-0.29911088943481445,1,0,0,0
timbrewm,3,1024,249,english:1926,0,fwp,"[185, 842, 1001]",425,0,-5.829753398895264,-5.7795867919921875,0.05016660690307617,8,1,1,1
timbrewm,3,1024,250,english:1926,1,mean,"[148, 974, 1020]",988,0,-4.735592365264893,-4.393573760986328,0.34201860427856445,3,1,0,0
timbrewm,3,1024,250,english:1926,1,fwp,"[148, 974, 1020]",460,0,-5.279260635375977,-4.953357219696045,0.32590341567993164,24,1,1,1
timbrewm,3,1024,251,english:1926,2,mean,"[35, 873, 881]",865,0,-4.6096696853637695,-4.479045867919922,0.13062381744384766,2,1,0,0
timbrewm,3,1024,251,english:1926,2,fwp,"[35, 873, 881]",817,0,-4.9572248458862305,-4.795662879943848,0.1615619659423828,7,1,1,1
timbrewm,3,1024,252,english:196,0,mean,"[233, 626, 638]",634,0,-5.178350448608398,-4.730506896972656,0.4478435516357422,8,1,1,1
timbrewm,3,1024,252,english:196,0,fwp,"[233, 626, 638]",248,0,-5.1968817710876465,-5.133452892303467,0.06342887878417969,8,1,1,1
timbrewm,3,1024,253,english:196,1,mean,"[62, 163, 435]",179,0,-4.842281341552734,-4.554312705993652,0.28796863555908203,4,1,1,0
timbrewm,3,1024,253,english:196,1,fwp,"[62, 163, 435]",170,0,-5.00481653213501,-4.726808071136475,0.27800846099853516,16,1,1,1
timbrewm,3,1024,254,english:196,2,mean,"[281, 554, 933]",809,0,-6.0329999923706055,-4.922804832458496,1.1101951599121094,76,1,1,1
timbrewm,3,1024,254,english:196,2,fwp,"[281, 554, 933]",296,0,-5.270387172698975,-5.064548969268799,0.20583820343017578,21,1,1,1
timbrewm,3,1024,255,english:1963,0,mean,"[288, 331, 783]",267,0,-5.046604156494141,-4.7095627784729,0.33704137802124023,5,1,1,0
timbrewm,3,1024,255,english:1963,0,fwp,"[288, 331, 783]",264,0,-5.262332439422607,-5.152669906616211,0.10966253280639648,10,1,1,1
timbrewm,3,1024,256,english:1963,1,mean,"[317, 702, 960]",956,0,-6.267101764678955,-5.294310092926025,0.9727916717529297,86,1,1,1
timbrewm,3,1024,256,english:1963,1,fwp,"[317, 702, 960]",904,0,-5.584561824798584,-5.444187641143799,0.14037418365478516,12,1,1,1
timbrewm,3,1024,257,english:1963,2,mean,"[458, 725, 844]",972,0,-5.297552108764648,-4.803295612335205,0.49425649642944336,9,1,1,1
timbrewm,3,1024,257,english:1963,2,fwp,"[458, 725, 844]",200,0,-5.522078037261963,-5.393207550048828,0.12887048721313477,9,1,1,1
timbrewm,3,1024,258,english:1970,0,mean,"[554, 561, 725]",561,1,-5.060851097106934,-5.18962287902832,-0.12877178192138672,1,0,0,0
timbrewm,3,1024,258,english:1970,0,fwp,"[554, 561, 725]",680,0,-6.126755714416504,-5.779331684112549,0.3474240303039551,80,1,1,1
timbrewm,3,1024,259,english:1970,1,mean,"[201, 323, 879]",331,0,-5.239725589752197,-4.659697532653809,0.5800280570983887,15,1,1,1
timbrewm,3,1024,259,english:1970,1,fwp,"[201, 323, 879]",457,0,-5.059341907501221,-5.055134296417236,0.004207611083984375,2,1,0,0
timbrewm,3,1024,260,english:1970,2,mean,"[297, 392, 871]",297,1,-4.6559343338012695,-4.86844539642334,-0.2125110626220703,1,0,0,0
timbrewm,3,1024,260,english:1970,2,fwp,"[297, 392, 871]",488,0,-5.700601577758789,-5.521897792816162,0.17870378494262695,10,1,1,1
timbrewm,3,1024,261,english:198,0,mean,"[476, 700, 903]",924,0,-5.243347644805908,-4.643258094787598,0.6000895500183105,15,1,1,1
timbrewm,3,1024,261,english:198,0,fwp,"[476, 700, 903]",461,0,-5.048567295074463,-4.919605731964111,0.12896156311035156,6,1,1,1
timbrewm,3,1024,262,english:198,1,mean,"[249, 364, 430]",492,0,-5.0288238525390625,-4.480926990509033,0.5478968620300293,8,1,1,1
timbrewm,3,1024,262,english:198,1,fwp,"[249, 364, 430]",233,0,-4.753641128540039,-4.724108695983887,0.029532432556152344,5,1,1,0
timbrewm,3,1024,263,english:198,2,mean,"[59, 293, 501]",309,0,-5.100118160247803,-4.75176477432251,0.34835338592529297,9,1,1,1
timbrewm,3,1024,263,english:198,2,fwp,"[59, 293, 501]",505,0,-5.293292999267578,-5.016115188598633,0.2771778106689453,28,1,1,1
timbrewm,3,1024,264,english:1992,0,mean,"[377, 486, 931]",483,0,-5.581263065338135,-4.8818745613098145,0.6993885040283203,27,1,1,1
timbrewm,3,1024,264,english:1992,0,fwp,"[377, 486, 931]",441,0,-5.218960762023926,-5.0415849685668945,0.17737579345703125,12,1,1,1
timbrewm,3,1024,265,english:1992,1,mean,"[58, 412, 791]",286,0,-5.248175144195557,-4.913576602935791,0.3345985412597656,5,1,1,0
timbrewm,3,1024,265,english:1992,1,fwp,"[58, 412, 791]",314,0,-5.3459978103637695,-5.233737468719482,0.11226034164428711,12,1,1,1
timbrewm,3,1024,266,english:1992,2,mean,"[619, 679, 999]",751,0,-4.7057905197143555,-4.397434234619141,0.30835628509521484,4,1,1,0
timbrewm,3,1024,266,english:1992,2,fwp,"[619, 679, 999]",687,0,-4.633846282958984,-4.518718242645264,0.1151280403137207,8,1,1,1
timbrewm,3,1024,267,english:200,0,mean,"[115, 240, 832]",112,0,-4.928816795349121,-4.661158084869385,0.26765871047973633,4,1,1,0
timbrewm,3,1024,267,english:200,0,fwp,"[115, 240, 832]",352,0,-5.199690818786621,-5.157011032104492,0.042679786682128906,4,1,1,0
timbrewm,3,1024,268,english:200,1,mean,"[74, 202, 963]",202,1,-4.101133823394775,-4.3621506690979,-0.261016845703125,1,0,0,0
timbrewm,3,1024,268,english:200,1,fwp,"[74, 202, 963]",458,0,-4.809753894805908,-4.7252278327941895,0.08452606201171875,3,1,0,0
timbrewm,3,1024,269,english:200,2,mean,"[312, 344, 597]",344,1,-4.448655128479004,-4.756710529327393,-0.30805540084838867,1,0,0,0
timbrewm,3,1024,269,english:200,2,fwp,"[312, 344, 597]",824,0,-5.363964080810547,-5.362459659576416,0.0015044212341308594,2,1,0,0
timbrewm,3,1024,270,english:2002,0,mean,"[308, 309, 919]",309,1,-4.432801723480225,-4.482401371002197,-0.049599647521972656,1,0,0,0
timbrewm,3,1024,270,english:2002,0,fwp,"[308, 309, 919]",405,0,-5.058976173400879,-4.872382640838623,0.18659353256225586,10,1,1,1
timbrewm,3,1024,271,english:2002,1,mean,"[803, 906, 941]",939,0,-4.870633125305176,-4.336811542510986,0.5338215827941895,7,1,1,1
timbrewm,3,1024,271,english:2002,1,fwp,"[803, 906, 941]",937,0,-4.398465156555176,-4.318126201629639,0.08033895492553711,2,1,0,0
timbrewm,3,1024,272,english:2002,2,mean,"[64, 194, 978]",194,1,-4.326908111572266,-4.388116836547852,-0.06120872497558594,1,0,0,0
timbrewm,3,1024,272,english:2002,2,fwp,"[64, 194, 978]",448,0,-4.9536614418029785,-4.74994421005249,0.20371723175048828,10,1,1,1
timbrewm,3,1024,273,english:2007,0,mean,"[389, 474, 649]",393,0,-5.3807902336120605,-4.717018127441406,0.6637721061706543,16,1,1,1
timbrewm,3,1024,273,english:2007,0,fwp,"[389, 474, 649]",456,0,-5.138625144958496,-4.886719703674316,0.2519054412841797,12,1,1,1
timbrewm,3,1024,274,english:2007,1,mean,"[193, 381, 566]",117,0,-5.937402725219727,-5.529909133911133,0.40749359130859375,12,1,1,1
timbrewm,3,1024,274,english:2007,1,fwp,"[193, 381, 566]",736,0,-6.024009704589844,-5.948051929473877,0.0759577751159668,22,1,1,1
timbrewm,3,1024,275,english:2007,2,mean,"[91, 164, 197]",197,1,-4.925018310546875,-5.033923625946045,-0.10890531539916992,1,0,0,0
timbrewm,3,1024,275,english:2007,2,fwp,"[91, 164, 197]",232,0,-6.084922790527344,-5.761453628540039,0.3234691619873047,95,1,1,1
timbrewm,3,1024,276,english:201,0,mean,"[18, 598, 865]",594,0,-5.529325485229492,-5.070427894592285,0.45889759063720703,14,1,1,1
timbrewm,3,1024,276,english:201,0,fwp,"[18, 598, 865]",625,0,-5.214414596557617,-5.159328937530518,0.05508565902709961,5,1,1,0
timbrewm,3,1024,277,english:201,1,mean,"[85, 231, 469]",213,0,-4.406355857849121,-4.137916088104248,0.26843976974487305,2,1,0,0
timbrewm,3,1024,277,english:201,1,fwp,"[85, 231, 469]",485,0,-4.4944000244140625,-4.470521926879883,0.023878097534179688,4,1,1,0
timbrewm,3,1024,278,english:201,2,mean,"[222, 724, 965]",724,1,-4.492228031158447,-4.667582988739014,-0.1753549575805664,1,0,0,0
timbrewm,3,1024,278,english:201,2,fwp,"[222, 724, 965]",460,0,-5.327250003814697,-5.0593156814575195,0.26793432235717773,28,1,1,1
timbrewm,3,1024,279,english:2092,0,mean,"[17, 252, 758]",244,0,-5.1899824142456055,-4.89141321182251,0.2985692024230957,4,1,1,0
timbrewm,3,1024,279,english:2092,0,fwp,"[17, 252, 758]",240,0,-5.713320732116699,-5.641635894775391,0.0716848373413086,16,1,1,1
timbrewm,3,1024,280,english:2092,1,mean,"[304, 349, 731]",345,0,-5.3585205078125,-4.964664936065674,0.39385557174682617,7,1,1,1
timbrewm,3,1024,280,english:2092,1,fwp,"[304, 349, 731]",504,0,-6.031229496002197,-5.927958011627197,0.103271484375,22,1,1,1
timbrewm,3,1024,281,english:2092,2,mean,"[285, 739, 910]",911,0,-5.755451679229736,-5.1927876472473145,0.5626640319824219,11,1,1,1
timbrewm,3,1024,281,english:2092,2,fwp,"[285, 739, 910]",1003,0,-5.292494773864746,-5.177499771118164,0.11499500274658203,11,1,1,1
timbrewm,3,1024,282,english:211,0,mean,"[220, 499, 565]",245,0,-5.809096336364746,-5.219729423522949,0.5893669128417969,29,1,1,1
timbrewm,3,1024,282,english:211,0,fwp,"[220, 499, 565]",220,1,-4.997882843017578,-5.007406711578369,-0.009523868560791016,1,0,0,0
timbrewm,3,1024,283,english:211,1,mean,"[399, 816, 1020]",956,0,-5.318524360656738,-4.958724021911621,0.3598003387451172,6,1,1,1
timbrewm,3,1024,283,english:211,1,fwp,"[399, 816, 1020]",905,0,-6.0736284255981445,-5.717748641967773,0.3558797836303711,106,1,1,1
timbrewm,3,1024,284,english:211,2,mean,"[304, 726, 730]",722,0,-5.226741313934326,-5.07495641708374,0.15178489685058594,4,1,1,0
timbrewm,3,1024,284,english:211,2,fwp,"[304, 726, 730]",504,0,-5.678248882293701,-5.226894855499268,0.4513540267944336,51,1,1,1
timbrewm,3,1024,285,english:2136,0,mean,"[201, 425, 594]",201,1,-5.0090203285217285,-5.317442417144775,-0.3084220886230469,1,0,0,0
timbrewm,3,1024,285,english:2136,0,fwp,"[201, 425, 594]",488,0,-6.220169544219971,-6.1920857429504395,0.02808380126953125,8,1,1,1
timbrewm,3,1024,286,english:2136,1,mean,"[98, 236, 871]",102,0,-5.174340724945068,-4.997230052947998,0.1771106719970703,5,1,1,0
timbrewm,3,1024,286,english:2136,1,fwp,"[98, 236, 871]",493,0,-5.089261531829834,-5.001980781555176,0.0872807502746582,4,1,1,0
timbrewm,3,1024,287,english:2136,2,mean,"[450, 520, 1021]",968,0,-6.355642318725586,-4.966389179229736,1.3892531394958496,133,1,1,1
timbrewm,3,1024,287,english:2136,2,fwp,"[450, 520, 1021]",905,0,-5.638467788696289,-5.408560752868652,0.22990703582763672,40,1,1,1
timbrewm,3,1024,288,english:2159,0,mean,"[427, 553, 742]",683,0,-5.424109935760498,-4.956622123718262,0.46748781204223633,13,1,1,1
timbrewm,3,1024,288,english:2159,0,fwp,"[427, 553, 742]",490,0,-5.178012847900391,-5.067225456237793,0.11078739166259766,7,1,1,1
timbrewm,3,1024,289,english:2159,1,mean,"[7, 838, 964]",838,1,-4.637598514556885,-4.793508529663086,-0.15591001510620117,1,0,0,0
timbrewm,3,1024,289,english:2159,1,fwp,"[7, 838, 964]",452,0,-5.204782485961914,-5.116172790527344,0.08860969543457031,5,1,1,0
timbrewm,3,1024,290,english:2159,2,mean,"[393, 795, 907]",907,1,-3.9960572719573975,-4.144134521484375,-0.14807724952697754,1,0,0,0
timbrewm,3,1024,290,english:2159,2,fwp,"[393, 795, 907]",393,1,-4.448419570922852,-4.48118782043457,-0.03276824951171875,1,0,0,0
timbrewm,3,1024,291,english:2182,0,mean,"[399, 544, 1000]",936,0,-5.159887313842773,-4.796873092651367,0.36301422119140625,3,1,0,0
timbrewm,3,1024,291,english:2182,0,fwp,"[399, 544, 1000]",424,0,-6.111878871917725,-5.76440954208374,0.3474693298339844,114,1,1,1
timbrewm,3,1024,292,english:2182,1,mean,"[67, 526, 582]",582,1,-4.525500774383545,-4.653257846832275,-0.12775707244873047,1,0,0,0
timbrewm,3,1024,292,english:2182,1,fwp,"[67, 526, 582]",74,0,-5.115908145904541,-4.885134220123291,0.23077392578125,15,1,1,1
timbrewm,3,1024,293,english:2182,2,mean,"[455, 639, 697]",767,0,-5.5529584884643555,-5.072609901428223,0.4803485870361328,11,1,1,1
timbrewm,3,1024,293,english:2182,2,fwp,"[455, 639, 697]",713,0,-5.894010543823242,-5.771965980529785,0.12204456329345703,34,1,1,1
timbrewm,3,1024,294,english:2196,0,mean,"[827, 846, 903]",783,0,-5.239258766174316,-4.597574710845947,0.6416840553283691,14,1,1,1
timbrewm,3,1024,294,english:2196,0,fwp,"[827, 846, 903]",907,0,-4.929512977600098,-4.752999782562256,0.1765131950378418,10,1,1,1
timbrewm,3,1024,295,english:2196,1,mean,"[363, 675, 957]",939,0,-5.758150577545166,-4.67189359664917,1.086256980895996,48,1,1,1
timbrewm,3,1024,295,english:2196,1,fwp,"[363, 675, 957]",1001,0,-5.281321048736572,-4.983793258666992,0.2975277900695801,30,1,1,1
timbrewm,3,1024,296,english:2196,2,mean,"[583, 691, 1015]",759,0,-4.898398399353027,-4.696117401123047,0.20228099822998047,3,1,0,0
timbrewm,3,1024,296,english:2196,2,fwp,"[583, 691, 1015]",675,0,-5.015376567840576,-4.991069793701172,0.024306774139404297,3,1,0,0
timbrewm,3,1024,297,english:226,0,mean,"[35, 158, 611]",35,1,-5.040805816650391,-5.1403350830078125,-0.09952926635742188,1,0,0,0
timbrewm,3,1024,297,english:226,0,fwp,"[35, 158, 611]",235,0,-6.1786885261535645,-5.850251197814941,0.32843732833862305,91,1,1,1
timbrewm,3,1024,298,english:226,1,mean,"[139, 198, 211]",195,0,-4.700687885284424,-4.2947468757629395,0.4059410095214844,5,1,1,0
timbrewm,3,1024,298,english:226,1,fwp,"[139, 198, 211]",207,0,-4.613461971282959,-4.526385307312012,0.08707666397094727,6,1,1,1
timbrewm,3,1024,299,english:226,2,mean,"[308, 480, 547]",288,0,-5.30427885055542,-4.769247531890869,0.5350313186645508,9,1,1,1
timbrewm,3,1024,299,english:226,2,fwp,"[308, 480, 547]",416,0,-5.1154279708862305,-5.08098840713501,0.0344395637512207,2,1,0,0
