model,K,trial_id,spk,local_t,method,shift_ms,shifted_colluder_index,ASR,attribution_margin,PESQ,STOI
timbrewm,5,0,chinese:SSB0005,0,mean,0,-1,1,0.30854416,4.5486,0.9972
timbrewm,5,0,chinese:SSB0005,0,fwp,0,-1,1,0.29117250,4.5820,0.9966
timbrewm,5,0,chinese:SSB0005,0,mean,-10,0,1,0.04522991,4.1885,0.9807
timbrewm,5,0,chinese:SSB0005,0,fwp,-10,0,1,0.10176563,2.3692,0.8345
timbrewm,5,0,chinese:SSB0005,0,mean,10,0,1,0.03037310,4.3903,0.9811
timbrewm,5,0,chinese:SSB0005,0,fwp,10,0,0,-0.00651121,2.3299,0.8354
timbrewm,5,0,chinese:SSB0005,0,mean,-20,0,1,0.08075714,3.4540,0.9756
timbrewm,5,0,chinese:SSB0005,0,fwp,-20,0,1,0.14795351,2.0907,0.8352
timbrewm,5,0,chinese:SSB0005,0,mean,20,0,1,0.02736950,4.1522,0.9758
timbrewm,5,0,chinese:SSB0005,0,fwp,20,0,1,0.04141617,2.0910,0.8328
timbrewm,5,0,chinese:SSB0005,0,mean,-50,0,1,0.25393152,2.4680,0.9681
timbrewm,5,0,chinese:SSB0005,0,fwp,-50,0,1,0.13829708,1.6352,0.7714
timbrewm,5,0,chinese:SSB0005,0,mean,50,0,1,0.07541990,3.3449,0.9687
timbrewm,5,0,chinese:SSB0005,0,fwp,50,0,1,0.04570866,1.6279,0.7567
timbrewm,5,1,chinese:SSB0009,0,mean,0,-1,1,0.47578907,4.5564,0.9979
timbrewm,5,1,chinese:SSB0009,0,fwp,0,-1,1,0.23176289,4.6028,0.9985
timbrewm,5,1,chinese:SSB0009,0,mean,-10,1,1,0.31908751,4.1112,0.9839
timbrewm,5,1,chinese:SSB0009,0,fwp,-10,1,1,0.14327288,2.3421,0.8858
timbrewm,5,1,chinese:SSB0009,0,mean,10,1,1,0.30022144,4.3818,0.9844
timbrewm,5,1,chinese:SSB0009,0,fwp,10,1,1,0.06442547,2.3271,0.8872
timbrewm,5,1,chinese:SSB0009,0,mean,-20,1,1,0.34902048,3.5178,0.9812
timbrewm,5,1,chinese:SSB0009,0,fwp,-20,1,1,0.19332981,2.0259,0.8320
timbrewm,5,1,chinese:SSB0009,0,mean,20,1,1,0.33855534,4.0675,0.9816
timbrewm,5,1,chinese:SSB0009,0,fwp,20,1,1,0.06746483,2.0103,0.8298
timbrewm,5,1,chinese:SSB0009,0,mean,-50,1,1,0.35673332,2.5201,0.9761
timbrewm,5,1,chinese:SSB0009,0,fwp,-50,1,1,0.18436003,1.4910,0.7528
timbrewm,5,1,chinese:SSB0009,0,mean,50,1,1,0.32931900,3.4353,0.9783
timbrewm,5,1,chinese:SSB0009,0,fwp,50,1,1,0.11728191,1.5098,0.7460
timbrewm,5,2,chinese:SSB0011,0,mean,0,-1,1,0.27892399,4.5166,0.9945
timbrewm,5,2,chinese:SSB0011,0,fwp,0,-1,1,0.14468479,4.5126,0.9957
timbrewm,5,2,chinese:SSB0011,0,mean,-10,2,1,0.05893278,4.1756,0.9808
timbrewm,5,2,chinese:SSB0011,0,fwp,-10,2,1,0.11419153,2.0326,0.8597
timbrewm,5,2,chinese:SSB0011,0,mean,10,2,1,0.04177618,4.3189,0.9811
timbrewm,5,2,chinese:SSB0011,0,fwp,10,2,0,-0.02066898,2.0369,0.8587
timbrewm,5,2,chinese:SSB0011,0,mean,-20,2,1,0.08197832,3.3851,0.9784
timbrewm,5,2,chinese:SSB0011,0,fwp,-20,2,1,0.27247906,1.8866,0.8391
timbrewm,5,2,chinese:SSB0011,0,mean,20,2,1,0.04378176,4.0516,0.9789
timbrewm,5,2,chinese:SSB0011,0,fwp,20,2,1,0.02583885,1.9054,0.8442
timbrewm,5,2,chinese:SSB0011,0,mean,-50,2,1,0.24394417,2.2197,0.9722
timbrewm,5,2,chinese:SSB0011,0,fwp,-50,2,1,0.27123404,1.4090,0.7541
timbrewm,5,2,chinese:SSB0011,0,mean,50,2,1,0.10502052,3.1418,0.9748
timbrewm,5,2,chinese:SSB0011,0,fwp,50,2,1,0.07850027,1.4003,0.7479
timbrewm,5,3,chinese:SSB0012,0,mean,0,-1,1,0.20881605,4.5452,0.9973
timbrewm,5,3,chinese:SSB0012,0,fwp,0,-1,1,0.09710979,4.5776,0.9980
timbrewm,5,3,chinese:SSB0012,0,mean,-10,3,1,0.12597084,4.2175,0.9798
timbrewm,5,3,chinese:SSB0012,0,fwp,-10,3,1,0.26494551,2.3640,0.8397
timbrewm,5,3,chinese:SSB0012,0,mean,10,3,1,0.11510754,4.4477,0.9797
timbrewm,5,3,chinese:SSB0012,0,fwp,10,3,1,0.15221310,2.3643,0.8408
timbrewm,5,3,chinese:SSB0012,0,mean,-20,3,1,0.08357143,3.4687,0.9752
timbrewm,5,3,chinese:SSB0012,0,fwp,-20,3,1,0.11923933,2.0995,0.8176
timbrewm,5,3,chinese:SSB0012,0,mean,20,3,1,0.05712843,4.1746,0.9767
timbrewm,5,3,chinese:SSB0012,0,fwp,20,3,1,0.22254610,2.1239,0.8128
timbrewm,5,3,chinese:SSB0012,0,mean,-50,3,1,0.05092573,2.5223,0.9737
timbrewm,5,3,chinese:SSB0012,0,fwp,-50,3,1,0.01837063,1.5147,0.7568
timbrewm,5,3,chinese:SSB0012,0,mean,50,3,1,0.05526066,3.2925,0.9733
timbrewm,5,3,chinese:SSB0012,0,fwp,50,3,1,0.23078537,1.5269,0.7252
timbrewm,5,4,chinese:SSB0016,0,mean,0,-1,1,0.13647223,4.3987,0.9896
timbrewm,5,4,chinese:SSB0016,0,fwp,0,-1,0,-0.02850628,4.3693,0.9938
timbrewm,5,4,chinese:SSB0016,0,mean,-10,4,1,0.33401775,4.1106,0.9758
timbrewm,5,4,chinese:SSB0016,0,fwp,-10,4,1,0.10434055,2.1609,0.8656
timbrewm,5,4,chinese:SSB0016,0,mean,10,4,1,0.36261940,4.2584,0.9758
timbrewm,5,4,chinese:SSB0016,0,fwp,10,4,1,0.04978418,2.1727,0.8603
timbrewm,5,4,chinese:SSB0016,0,mean,-20,4,1,0.25819111,3.4399,0.9733
timbrewm,5,4,chinese:SSB0016,0,fwp,-20,4,1,0.08347940,1.7004,0.8259
timbrewm,5,4,chinese:SSB0016,0,mean,20,4,1,0.31443882,3.9161,0.9738
timbrewm,5,4,chinese:SSB0016,0,fwp,20,4,0,-0.00575209,1.7863,0.8302
timbrewm,5,4,chinese:SSB0016,0,mean,-50,4,1,0.14520168,2.5973,0.9684
timbrewm,5,4,chinese:SSB0016,0,fwp,-50,4,1,0.02360868,1.4609,0.7557
timbrewm,5,4,chinese:SSB0016,0,mean,50,4,1,0.25479841,3.1546,0.9691
timbrewm,5,4,chinese:SSB0016,0,fwp,50,4,1,0.01738834,1.4680,0.7308
timbrewm,5,5,chinese:SSB0018,0,mean,0,-1,1,0.49929285,4.5425,0.9969
timbrewm,5,5,chinese:SSB0018,0,fwp,0,-1,1,0.05931234,4.5063,0.9973
timbrewm,5,5,chinese:SSB0018,0,mean,-10,0,1,0.59962559,3.9443,0.9784
timbrewm,5,5,chinese:SSB0018,0,fwp,-10,0,1,0.17643642,2.4022,0.8520
timbrewm,5,5,chinese:SSB0018,0,mean,10,0,1,0.60235214,4.3341,0.9782
timbrewm,5,5,chinese:SSB0018,0,fwp,10,0,1,0.42090273,2.3366,0.8516
timbrewm,5,5,chinese:SSB0018,0,mean,-20,0,1,0.53288269,3.1197,0.9742
timbrewm,5,5,chinese:SSB0018,0,fwp,-20,0,1,0.00948954,1.7719,0.8126
timbrewm,5,5,chinese:SSB0018,0,mean,20,0,1,0.50103378,3.9217,0.9758
timbrewm,5,5,chinese:SSB0018,0,fwp,20,0,1,0.22962093,1.7792,0.8104
timbrewm,5,5,chinese:SSB0018,0,mean,-50,0,1,0.29426622,2.1159,0.9689
timbrewm,5,5,chinese:SSB0018,0,fwp,-50,0,1,0.01050186,1.3292,0.7550
timbrewm,5,5,chinese:SSB0018,0,mean,50,0,1,0.52176857,2.6859,0.9699
timbrewm,5,5,chinese:SSB0018,0,fwp,50,0,1,0.19642115,1.3306,0.7394
timbrewm,5,6,chinese:SSB0033,0,mean,0,-1,1,0.36466599,4.5256,0.9982
timbrewm,5,6,chinese:SSB0033,0,fwp,0,-1,0,-0.02607059,4.5156,0.9984
timbrewm,5,6,chinese:SSB0033,0,mean,-10,1,1,0.11376381,4.1147,0.9849
timbrewm,5,6,chinese:SSB0033,0,fwp,-10,1,0,-0.13560820,2.2858,0.8822
timbrewm,5,6,chinese:SSB0033,0,mean,10,1,1,0.08908796,4.3975,0.9844
timbrewm,5,6,chinese:SSB0033,0,fwp,10,1,0,-0.07187080,2.3112,0.8805
timbrewm,5,6,chinese:SSB0033,0,mean,-20,1,1,0.10618019,3.2087,0.9810
timbrewm,5,6,chinese:SSB0033,0,fwp,-20,1,0,-0.10492706,1.6004,0.8333
timbrewm,5,6,chinese:SSB0033,0,mean,20,1,1,0.03355360,3.8716,0.9817
timbrewm,5,6,chinese:SSB0033,0,fwp,20,1,0,-0.00933218,1.6442,0.8320
timbrewm,5,6,chinese:SSB0033,0,mean,-50,1,1,0.36544180,2.3207,0.9751
timbrewm,5,6,chinese:SSB0033,0,fwp,-50,1,0,-0.09949207,1.3921,0.7578
timbrewm,5,6,chinese:SSB0033,0,mean,50,1,1,0.12002468,3.0476,0.9764
timbrewm,5,6,chinese:SSB0033,0,fwp,50,1,1,0.15360260,1.3950,0.7420
timbrewm,5,7,chinese:SSB0038,0,mean,0,-1,1,0.73590755,4.6068,0.9969
timbrewm,5,7,chinese:SSB0038,0,fwp,0,-1,1,0.21077967,4.5848,0.9961
timbrewm,5,7,chinese:SSB0038,0,mean,-10,2,1,0.34136057,4.1483,0.9846
timbrewm,5,7,chinese:SSB0038,0,fwp,-10,2,1,0.25249052,2.4775,0.8892
timbrewm,5,7,chinese:SSB0038,0,mean,10,2,1,0.29552698,4.4261,0.9843
timbrewm,5,7,chinese:SSB0038,0,fwp,10,2,1,0.45221281,2.5886,0.8896
timbrewm,5,7,chinese:SSB0038,0,mean,-20,2,1,0.43998051,3.4022,0.9784
timbrewm,5,7,chinese:SSB0038,0,fwp,-20,2,1,0.26051807,1.6915,0.7991
timbrewm,5,7,chinese:SSB0038,0,mean,20,2,1,0.38189077,3.9180,0.9781
timbrewm,5,7,chinese:SSB0038,0,fwp,20,2,1,0.36602688,1.7033,0.8069
timbrewm,5,7,chinese:SSB0038,0,mean,-50,2,1,0.65165901,2.2007,0.9725
timbrewm,5,7,chinese:SSB0038,0,fwp,-50,2,1,0.11254311,1.3940,0.7501
timbrewm,5,7,chinese:SSB0038,0,mean,50,2,1,0.40435934,3.0045,0.9740
timbrewm,5,7,chinese:SSB0038,0,fwp,50,2,1,0.27639675,1.3996,0.7081
timbrewm,5,8,chinese:SSB0043,0,mean,0,-1,1,0.68519688,4.4844,0.9958
timbrewm,5,8,chinese:SSB0043,0,fwp,0,-1,1,0.29578447,4.1921,0.9920
timbrewm,5,8,chinese:SSB0043,0,mean,-10,3,1,0.66883087,4.1052,0.9793
timbrewm,5,8,chinese:SSB0043,0,fwp,-10,3,1,0.26406050,1.8644,0.8386
timbrewm,5,8,chinese:SSB0043,0,mean,10,3,1,0.64746571,4.2982,0.9795
timbrewm,5,8,chinese:SSB0043,0,fwp,10,3,1,0.28988075,1.8738,0.8387
timbrewm,5,8,chinese:SSB0043,0,mean,-20,3,1,0.74845695,3.3965,0.9763
timbrewm,5,8,chinese:SSB0043,0,fwp,-20,3,1,0.19975376,1.8495,0.8191
timbrewm,5,8,chinese:SSB0043,0,mean,20,3,1,0.72479153,3.9771,0.9772
timbrewm,5,8,chinese:SSB0043,0,fwp,20,3,1,0.14827681,1.8314,0.8284
timbrewm,5,8,chinese:SSB0043,0,mean,-50,3,1,0.71715307,2.4105,0.9714
timbrewm,5,8,chinese:SSB0043,0,fwp,-50,3,1,0.00021601,1.3886,0.7453
timbrewm,5,8,chinese:SSB0043,0,mean,50,3,1,0.69500637,3.0877,0.9723
timbrewm,5,8,chinese:SSB0043,0,fwp,50,3,1,0.15670395,1.3924,0.7145
timbrewm,5,9,chinese:SSB0057,0,mean,0,-1,0,-0.07612324,4.5588,0.9969
timbrewm,5,9,chinese:SSB0057,0,fwp,0,-1,1,0.24770069,4.5854,0.9979
timbrewm,5,9,chinese:SSB0057,0,mean,-10,4,1,0.05532360,4.2478,0.9853
timbrewm,5,9,chinese:SSB0057,0,fwp,-10,4,1,0.03674507,2.7011,0.8978
timbrewm,5,9,chinese:SSB0057,0,mean,10,4,1,0.07436657,4.4346,0.9854
timbrewm,5,9,chinese:SSB0057,0,fwp,10,4,1,0.12665272,2.7559,0.8955
timbrewm,5,9,chinese:SSB0057,0,mean,-20,4,0,-0.02766514,3.6088,0.9825
timbrewm,5,9,chinese:SSB0057,0,fwp,-20,4,0,-0.00543785,1.9845,0.8457
timbrewm,5,9,chinese:SSB0057,0,mean,20,4,1,0.02654314,4.0422,0.9821
timbrewm,5,9,chinese:SSB0057,0,fwp,20,4,1,0.11132908,1.9942,0.8396
timbrewm,5,9,chinese:SSB0057,0,mean,-50,4,0,-0.02104378,2.3463,0.9747
timbrewm,5,9,chinese:SSB0057,0,fwp,-50,4,0,-0.04415083,1.5701,0.7815
timbrewm,5,9,chinese:SSB0057,0,mean,50,4,0,-0.02635193,3.1137,0.9753
timbrewm,5,9,chinese:SSB0057,0,fwp,50,4,1,0.08533287,1.5703,0.7702
timbrewm,5,10,chinese:SSB0073,0,mean,0,-1,1,0.11294365,4.6039,0.9988
timbrewm,5,10,chinese:SSB0073,0,fwp,0,-1,1,0.09026957,4.5053,0.9965
timbrewm,5,10,chinese:SSB0073,0,mean,-10,0,1,0.47298193,4.1873,0.9821
timbrewm,5,10,chinese:SSB0073,0,fwp,-10,0,1,0.06089306,2.3870,0.8506
timbrewm,5,10,chinese:SSB0073,0,mean,10,0,1,0.52401781,4.4013,0.9822
timbrewm,5,10,chinese:SSB0073,0,fwp,10,0,1,0.12498522,2.3441,0.8487
timbrewm,5,10,chinese:SSB0073,0,mean,-20,0,1,0.24289656,3.5016,0.9779
timbrewm,5,10,chinese:SSB0073,0,fwp,-20,0,1,0.01076746,1.7786,0.8270
timbrewm,5,10,chinese:SSB0073,0,mean,20,0,1,0.33578444,4.0719,0.9785
timbrewm,5,10,chinese:SSB0073,0,fwp,20,0,1,0.17976284,1.8209,0.8286
timbrewm,5,10,chinese:SSB0073,0,mean,-50,0,1,0.17365074,2.6177,0.9731
timbrewm,5,10,chinese:SSB0073,0,fwp,-50,0,0,-0.06113625,1.5673,0.7483
timbrewm,5,10,chinese:SSB0073,0,mean,50,0,1,0.32016087,3.3434,0.9740
timbrewm,5,10,chinese:SSB0073,0,fwp,50,0,0,-0.01612759,1.6027,0.7362
timbrewm,5,11,chinese:SSB0080,0,mean,0,-1,1,0.42351913,4.4324,0.9955
timbrewm,5,11,chinese:SSB0080,0,fwp,0,-1,1,0.16967297,4.2092,0.9965
timbrewm,5,11,chinese:SSB0080,0,mean,-10,1,1,0.34236145,4.0841,0.9777
timbrewm,5,11,chinese:SSB0080,0,fwp,-10,1,1,0.07976294,2.2159,0.8526
timbrewm,5,11,chinese:SSB0080,0,mean,10,1,1,0.35960722,4.3405,0.9766
timbrewm,5,11,chinese:SSB0080,0,fwp,10,1,1,0.00593948,2.1680,0.8535
timbrewm,5,11,chinese:SSB0080,0,mean,-20,1,1,0.37652159,3.4444,0.9722
timbrewm,5,11,chinese:SSB0080,0,fwp,-20,1,1,0.08366966,1.6725,0.7933
timbrewm,5,11,chinese:SSB0080,0,mean,20,1,1,0.36702919,3.9955,0.9718
timbrewm,5,11,chinese:SSB0080,0,fwp,20,1,0,-0.07675934,1.6693,0.7897
timbrewm,5,11,chinese:SSB0080,0,mean,-50,1,1,0.34944820,2.4686,0.9635
timbrewm,5,11,chinese:SSB0080,0,fwp,-50,1,1,0.07046413,1.3286,0.7218
timbrewm,5,11,chinese:SSB0080,0,mean,50,1,1,0.34573221,2.7999,0.9664
timbrewm,5,11,chinese:SSB0080,0,fwp,50,1,0,-0.14096928,1.3277,0.7058
timbrewm,5,12,chinese:SSB0112,0,mean,0,-1,1,0.43569899,4.5733,0.9966
timbrewm,5,12,chinese:SSB0112,0,fwp,0,-1,1,0.35557413,4.5149,0.9942
timbrewm,5,12,chinese:SSB0112,0,mean,-10,2,1,0.44393110,3.9920,0.9837
timbrewm,5,12,chinese:SSB0112,0,fwp,-10,2,1,0.24333572,2.3778,0.8738
timbrewm,5,12,chinese:SSB0112,0,mean,10,2,1,0.38652086,4.3884,0.9835
timbrewm,5,12,chinese:SSB0112,0,fwp,10,2,1,0.10194969,2.3787,0.8786
timbrewm,5,12,chinese:SSB0112,0,mean,-20,2,1,0.42908382,3.1605,0.9777
timbrewm,5,12,chinese:SSB0112,0,fwp,-20,2,1,0.15472460,1.7208,0.8222
timbrewm,5,12,chinese:SSB0112,0,mean,20,2,1,0.50029945,4.0104,0.9781
timbrewm,5,12,chinese:SSB0112,0,fwp,20,2,1,0.14259338,1.7183,0.8126
timbrewm,5,12,chinese:SSB0112,0,mean,-50,2,1,0.64848757,2.3062,0.9703
timbrewm,5,12,chinese:SSB0112,0,fwp,-50,2,1,0.08150196,1.3748,0.7665
timbrewm,5,12,chinese:SSB0112,0,mean,50,2,1,0.53034639,2.9959,0.9708
timbrewm,5,12,chinese:SSB0112,0,fwp,50,2,1,0.22414589,1.3740,0.7373
timbrewm,5,13,chinese:SSB0122,0,mean,0,-1,1,0.30235243,4.5511,0.9987
timbrewm,5,13,chinese:SSB0122,0,fwp,0,-1,1,0.32217216,4.4946,0.9982
timbrewm,5,13,chinese:SSB0122,0,mean,-10,3,1,0.20128870,4.1985,0.9850
timbrewm,5,13,chinese:SSB0122,0,fwp,-10,3,1,0.42328644,2.6623,0.8801
timbrewm,5,13,chinese:SSB0122,0,mean,10,3,1,0.16442871,4.3435,0.9847
timbrewm,5,13,chinese:SSB0122,0,fwp,10,3,1,0.54733944,2.5149,0.8836
timbrewm,5,13,chinese:SSB0122,0,mean,-20,3,1,0.16800213,3.2265,0.9808
timbrewm,5,13,chinese:SSB0122,0,fwp,-20,3,1,0.18399382,1.6567,0.8110
timbrewm,5,13,chinese:SSB0122,0,mean,20,3,1,0.13673067,3.8733,0.9812
timbrewm,5,13,chinese:SSB0122,0,fwp,20,3,1,0.39443970,1.6621,0.8061
timbrewm,5,13,chinese:SSB0122,0,mean,-50,3,1,0.27587271,2.0830,0.9743
timbrewm,5,13,chinese:SSB0122,0,fwp,-50,3,1,0.24266529,1.2450,0.7463
timbrewm,5,13,chinese:SSB0122,0,mean,50,3,1,0.14176941,2.6485,0.9753
timbrewm,5,13,chinese:SSB0122,0,fwp,50,3,1,0.48506641,1.2501,0.7097
timbrewm,5,14,chinese:SSB0133,0,mean,0,-1,1,0.14353561,4.4936,0.9942
timbrewm,5,14,chinese:SSB0133,0,fwp,0,-1,1,0.35854244,4.5621,0.9966
timbrewm,5,14,chinese:SSB0133,0,mean,-10,4,1,0.18430614,3.9761,0.9802
timbrewm,5,14,chinese:SSB0133,0,fwp,-10,4,1,0.21183348,1.7827,0.8605
timbrewm,5,14,chinese:SSB0133,0,mean,10,4,1,0.20825100,4.2810,0.9802
timbrewm,5,14,chinese:SSB0133,0,fwp,10,4,1,0.02974129,1.7627,0.8531
timbrewm,5,14,chinese:SSB0133,0,mean,-20,4,1,0.11258030,3.2430,0.9771
timbrewm,5,14,chinese:SSB0133,0,fwp,-20,4,1,0.12887430,1.7302,0.8418
timbrewm,5,14,chinese:SSB0133,0,mean,20,4,1,0.12452507,3.7316,0.9786
timbrewm,5,14,chinese:SSB0133,0,fwp,20,4,1,0.01896667,1.7174,0.8481
timbrewm,5,14,chinese:SSB0133,0,mean,-50,4,1,0.22227573,2.1746,0.9715
timbrewm,5,14,chinese:SSB0133,0,fwp,-50,4,1,0.17223930,1.3258,0.7802
timbrewm,5,14,chinese:SSB0133,0,mean,50,4,1,0.25217152,2.8273,0.9743
timbrewm,5,14,chinese:SSB0133,0,fwp,50,4,0,-0.00424623,1.3162,0.7605
timbrewm,5,15,chinese:SSB0139,0,mean,0,-1,1,0.41881418,4.5915,0.9990
timbrewm,5,15,chinese:SSB0139,0,fwp,0,-1,1,0.17753744,4.5356,0.9984
timbrewm,5,15,chinese:SSB0139,0,mean,-10,0,1,0.22288990,4.1244,0.9833
timbrewm,5,15,chinese:SSB0139,0,fwp,-10,0,1,0.05710745,2.0767,0.8340
timbrewm,5,15,chinese:SSB0139,0,mean,10,0,1,0.16931820,4.3311,0.9834
timbrewm,5,15,chinese:SSB0139,0,fwp,10,0,1,0.07973051,2.0519,0.8422
timbrewm,5,15,chinese:SSB0139,0,mean,-20,0,1,0.25251055,3.3225,0.9804
timbrewm,5,15,chinese:SSB0139,0,fwp,-20,0,0,-0.03638363,1.7125,0.8461
timbrewm,5,15,chinese:SSB0139,0,mean,20,0,1,0.14627171,3.8465,0.9817
timbrewm,5,15,chinese:SSB0139,0,fwp,20,0,1,0.04388189,1.7072,0.8485
timbrewm,5,15,chinese:SSB0139,0,mean,-50,0,1,0.34040785,2.3620,0.9729
timbrewm,5,15,chinese:SSB0139,0,fwp,-50,0,1,0.03155470,1.4155,0.7412
timbrewm,5,15,chinese:SSB0139,0,mean,50,0,1,0.23906994,2.8479,0.9722
timbrewm,5,15,chinese:SSB0139,0,fwp,50,0,1,0.01335430,1.4162,0.7291
timbrewm,5,16,chinese:SSB0145,0,mean,0,-1,1,0.07979202,4.4832,0.9975
timbrewm,5,16,chinese:SSB0145,0,fwp,0,-1,1,0.35282040,4.3877,0.9958
timbrewm,5,16,chinese:SSB0145,0,mean,-10,1,1,0.02174664,3.9559,0.9846
timbrewm,5,16,chinese:SSB0145,0,fwp,-10,1,1,0.06040525,2.1932,0.8795
timbrewm,5,16,chinese:SSB0145,0,mean,10,1,1,0.05118418,4.2725,0.9839
timbrewm,5,16,chinese:SSB0145,0,fwp,10,1,1,0.11293840,2.2694,0.8795
timbrewm,5,16,chinese:SSB0145,0,mean,-20,1,0,-0.09252357,3.1594,0.9811
timbrewm,5,16,chinese:SSB0145,0,fwp,-20,1,1,0.02298737,1.6530,0.8334
timbrewm,5,16,chinese:SSB0145,0,mean,20,1,0,-0.02265644,3.8903,0.9800
timbrewm,5,16,chinese:SSB0145,0,fwp,20,1,1,0.12443209,1.6560,0.8169
timbrewm,5,16,chinese:SSB0145,0,mean,-50,1,1,0.11494780,2.1902,0.9761
timbrewm,5,16,chinese:SSB0145,0,fwp,-50,1,1,0.04887247,1.3963,0.7708
timbrewm,5,16,chinese:SSB0145,0,mean,50,1,0,-0.05310535,2.9039,0.9766
timbrewm,5,16,chinese:SSB0145,0,fwp,50,1,1,0.24000072,1.3928,0.7446
timbrewm,5,17,chinese:SSB0149,0,mean,0,-1,0,-0.00314140,4.4666,0.9971
timbrewm,5,17,chinese:SSB0149,0,fwp,0,-1,1,0.20354557,4.2200,0.9949
timbrewm,5,17,chinese:SSB0149,0,mean,-10,2,1,0.06718063,4.2131,0.9828
timbrewm,5,17,chinese:SSB0149,0,fwp,-10,2,1,0.27152634,2.6312,0.8795
timbrewm,5,17,chinese:SSB0149,0,mean,10,2,1,0.09529066,4.3618,0.9824
timbrewm,5,17,chinese:SSB0149,0,fwp,10,2,1,0.15931129,2.6268,0.8751
timbrewm,5,17,chinese:SSB0149,0,mean,-20,2,0,-0.05571651,3.5913,0.9794
timbrewm,5,17,chinese:SSB0149,0,fwp,-20,2,1,0.40062094,2.1022,0.8345
timbrewm,5,17,chinese:SSB0149,0,mean,20,2,1,0.01576805,4.1232,0.9793
timbrewm,5,17,chinese:SSB0149,0,fwp,20,2,1,0.14712334,2.1308,0.8266
timbrewm,5,17,chinese:SSB0149,0,mean,-50,2,0,-0.01358223,2.5555,0.9750
timbrewm,5,17,chinese:SSB0149,0,fwp,-50,2,1,0.28569889,1.7086,0.7892
timbrewm,5,17,chinese:SSB0149,0,mean,50,2,1,0.06137085,3.3570,0.9743
timbrewm,5,17,chinese:SSB0149,0,fwp,50,2,1,0.03999853,1.7567,0.7649
timbrewm,5,18,chinese:SSB0193,0,mean,0,-1,1,0.44068623,4.5130,0.9937
timbrewm,5,18,chinese:SSB0193,0,fwp,0,-1,1,0.19412470,4.4483,0.9961
timbrewm,5,18,chinese:SSB0193,0,mean,-10,3,1,0.27671862,4.2507,0.9798
timbrewm,5,18,chinese:SSB0193,0,fwp,-10,3,1,0.27319813,2.5745,0.8744
timbrewm,5,18,chinese:SSB0193,0,mean,10,3,1,0.26945782,4.4029,0.9796
timbrewm,5,18,chinese:SSB0193,0,fwp,10,3,1,0.12570953,2.5624,0.8738
timbrewm,5,18,chinese:SSB0193,0,mean,-20,3,1,0.28159094,3.5209,0.9761
timbrewm,5,18,chinese:SSB0193,0,fwp,-20,3,1,0.12267494,1.9629,0.8405
timbrewm,5,18,chinese:SSB0193,0,mean,20,3,1,0.25899744,4.0239,0.9762
timbrewm,5,18,chinese:SSB0193,0,fwp,20,3,1,0.04211998,2.0199,0.8320
timbrewm,5,18,chinese:SSB0193,0,mean,-50,3,1,0.34203005,2.6028,0.9682
timbrewm,5,18,chinese:SSB0193,0,fwp,-50,3,1,0.05749273,1.4410,0.7537
timbrewm,5,18,chinese:SSB0193,0,mean,50,3,1,0.27665901,2.8858,0.9672
timbrewm,5,18,chinese:SSB0193,0,fwp,50,3,0,-0.08663321,1.4634,0.7300
timbrewm,5,19,chinese:SSB0197,0,mean,0,-1,1,0.14635563,4.4697,0.9908
timbrewm,5,19,chinese:SSB0197,0,fwp,0,-1,1,0.27480221,4.4013,0.9934
timbrewm,5,19,chinese:SSB0197,0,mean,-10,4,1,0.22800159,3.9422,0.9735
timbrewm,5,19,chinese:SSB0197,0,fwp,-10,4,1,0.27185106,1.9841,0.8536
timbrewm,5,19,chinese:SSB0197,0,mean,10,4,1,0.22682667,4.0989,0.9732
timbrewm,5,19,chinese:SSB0197,0,fwp,10,4,1,0.13032293,1.9792,0.8577
timbrewm,5,19,chinese:SSB0197,0,mean,-20,4,1,0.15360212,3.2084,0.9695
timbrewm,5,19,chinese:SSB0197,0,fwp,-20,4,1,0.01873541,1.4436,0.7984
timbrewm,5,19,chinese:SSB0197,0,mean,20,4,1,0.15544128,3.5619,0.9698
timbrewm,5,19,chinese:SSB0197,0,fwp,20,4,1,0.04917097,1.4609,0.8055
timbrewm,5,19,chinese:SSB0197,0,mean,-50,4,1,0.10309410,2.0328,0.9614
timbrewm,5,19,chinese:SSB0197,0,fwp,-50,4,1,0.00694132,1.2146,0.7323
timbrewm,5,19,chinese:SSB0197,0,mean,50,4,1,0.11116409,2.4628,0.9619
timbrewm,5,19,chinese:SSB0197,0,fwp,50,4,0,-0.05981445,1.2173,0.7232
timbrewm,5,20,chinese:SSB0200,0,mean,0,-1,1,0.56032324,4.5129,0.9970
timbrewm,5,20,chinese:SSB0200,0,fwp,0,-1,1,0.12237978,4.4188,0.9948
timbrewm,5,20,chinese:SSB0200,0,mean,-10,0,1,0.23144674,4.0458,0.9821
timbrewm,5,20,chinese:SSB0200,0,fwp,-10,0,0,-0.01149607,2.5311,0.8475
timbrewm,5,20,chinese:SSB0200,0,mean,10,0,1,0.20701122,4.2811,0.9819
timbrewm,5,20,chinese:SSB0200,0,fwp,10,0,0,-0.08071184,2.4812,0.8479
timbrewm,5,20,chinese:SSB0200,0,mean,-20,0,1,0.23894024,3.3301,0.9764
timbrewm,5,20,chinese:SSB0200,0,fwp,-20,0,1,0.03130341,2.0027,0.8036
timbrewm,5,20,chinese:SSB0200,0,mean,20,0,1,0.15773392,3.9744,0.9763
timbrewm,5,20,chinese:SSB0200,0,fwp,20,0,0,-0.10992336,1.9869,0.8115
timbrewm,5,20,chinese:SSB0200,0,mean,-50,0,1,0.26913595,2.5285,0.9732
timbrewm,5,20,chinese:SSB0200,0,fwp,-50,0,1,0.00643301,1.4986,0.7328
timbrewm,5,20,chinese:SSB0200,0,mean,50,0,1,0.05335331,3.1238,0.9727
timbrewm,5,20,chinese:SSB0200,0,fwp,50,0,0,-0.13659143,1.4938,0.7118
timbrewm,5,21,chinese:SSB0241,0,mean,0,-1,1,0.67358017,4.5851,0.9986
timbrewm,5,21,chinese:SSB0241,0,fwp,0,-1,1,0.50415230,4.5963,0.9988
timbrewm,5,21,chinese:SSB0241,0,mean,-10,1,1,0.42313099,4.2738,0.9835
timbrewm,5,21,chinese:SSB0241,0,fwp,-10,1,1,0.20044899,2.5518,0.8696
timbrewm,5,21,chinese:SSB0241,0,mean,10,1,1,0.38757229,4.3784,0.9837
timbrewm,5,21,chinese:SSB0241,0,fwp,10,1,1,0.31106901,2.4488,0.8636
timbrewm,5,21,chinese:SSB0241,0,mean,-20,1,1,0.53331375,3.6381,0.9803
timbrewm,5,21,chinese:SSB0241,0,fwp,-20,1,1,0.16480541,2.0701,0.8450
timbrewm,5,21,chinese:SSB0241,0,mean,20,1,1,0.45809460,4.1123,0.9818
timbrewm,5,21,chinese:SSB0241,0,fwp,20,1,1,0.28766203,1.9994,0.8496
timbrewm,5,21,chinese:SSB0241,0,mean,-50,1,1,0.63508320,2.6742,0.9738
timbrewm,5,21,chinese:SSB0241,0,fwp,-50,1,1,0.15326262,1.7529,0.7544
timbrewm,5,21,chinese:SSB0241,0,mean,50,1,1,0.47410774,3.3456,0.9770
timbrewm,5,21,chinese:SSB0241,0,fwp,50,1,1,0.08415174,1.7340,0.7624
timbrewm,5,22,chinese:SSB0246,0,mean,0,-1,1,0.21819115,4.5511,0.9973
timbrewm,5,22,chinese:SSB0246,0,fwp,0,-1,1,0.03818893,4.5325,0.9974
timbrewm,5,22,chinese:SSB0246,0,mean,-10,2,1,0.03214931,4.0162,0.9835
timbrewm,5,22,chinese:SSB0246,0,fwp,-10,2,1,0.05177689,2.0023,0.8634
timbrewm,5,22,chinese:SSB0246,0,mean,10,2,1,0.02472782,4.3269,0.9831
timbrewm,5,22,chinese:SSB0246,0,fwp,10,2,0,-0.03855515,1.9952,0.8597
timbrewm,5,22,chinese:SSB0246,0,mean,-20,2,1,0.09869528,3.1665,0.9779
timbrewm,5,22,chinese:SSB0246,0,fwp,-20,2,1,0.05787325,1.7589,0.8172
timbrewm,5,22,chinese:SSB0246,0,mean,20,2,1,0.07433224,3.8257,0.9793
timbrewm,5,22,chinese:SSB0246,0,fwp,20,2,1,0.02206802,1.7527,0.8214
timbrewm,5,22,chinese:SSB0246,0,mean,-50,2,1,0.14652491,2.3216,0.9731
timbrewm,5,22,chinese:SSB0246,0,fwp,-50,2,0,-0.01392698,1.3360,0.7618
timbrewm,5,22,chinese:SSB0246,0,mean,50,2,1,0.08506536,2.7220,0.9745
timbrewm,5,22,chinese:SSB0246,0,fwp,50,2,1,0.02966499,1.3477,0.7441
timbrewm,5,23,chinese:SSB0261,0,mean,0,-1,1,0.19611120,4.4444,0.9957
timbrewm,5,23,chinese:SSB0261,0,fwp,0,-1,1,0.28341007,4.4802,0.9981
timbrewm,5,23,chinese:SSB0261,0,mean,-10,3,1,0.22497797,4.1550,0.9798
timbrewm,5,23,chinese:SSB0261,0,fwp,-10,3,1,0.09373236,2.0052,0.8460
timbrewm,5,23,chinese:SSB0261,0,mean,10,3,1,0.24119663,4.2381,0.9798
timbrewm,5,23,chinese:SSB0261,0,fwp,10,3,1,0.00231314,2.0361,0.8476
timbrewm,5,23,chinese:SSB0261,0,mean,-20,3,1,0.30657196,3.6182,0.9763
timbrewm,5,23,chinese:SSB0261,0,fwp,-20,3,1,0.00795698,1.9462,0.8094
timbrewm,5,23,chinese:SSB0261,0,mean,20,3,1,0.28585100,4.0035,0.9771
timbrewm,5,23,chinese:SSB0261,0,fwp,20,3,1,0.03124857,1.9522,0.8118
timbrewm,5,23,chinese:SSB0261,0,mean,-50,3,1,0.21201611,2.5639,0.9722
timbrewm,5,23,chinese:SSB0261,0,fwp,-50,3,0,-0.04876518,1.4702,0.7235
timbrewm,5,23,chinese:SSB0261,0,mean,50,3,1,0.25880194,3.0222,0.9720
timbrewm,5,23,chinese:SSB0261,0,fwp,50,3,1,0.22851610,1.4670,0.7105
timbrewm,5,24,chinese:SSB0267,0,mean,0,-1,1,0.45351362,4.4629,0.9913
timbrewm,5,24,chinese:SSB0267,0,fwp,0,-1,1,0.17445374,4.4046,0.9947
timbrewm,5,24,chinese:SSB0267,0,mean,-10,4,1,0.37356377,4.0012,0.9778
timbrewm,5,24,chinese:SSB0267,0,fwp,-10,4,1,0.23423100,1.8081,0.8531
timbrewm,5,24,chinese:SSB0267,0,mean,10,4,1,0.34118319,4.2804,0.9783
timbrewm,5,24,chinese:SSB0267,0,fwp,10,4,1,0.14770079,1.8368,0.8549
timbrewm,5,24,chinese:SSB0267,0,mean,-20,4,1,0.36677933,3.1887,0.9738
timbrewm,5,24,chinese:SSB0267,0,fwp,-20,4,1,0.42743778,1.5584,0.7916
timbrewm,5,24,chinese:SSB0267,0,mean,20,4,1,0.30234146,3.8624,0.9743
timbrewm,5,24,chinese:SSB0267,0,fwp,20,4,1,0.13890743,1.5757,0.7972
timbrewm,5,24,chinese:SSB0267,0,mean,-50,4,1,0.50545311,2.0690,0.9687
timbrewm,5,24,chinese:SSB0267,0,fwp,-50,4,1,0.42280197,1.3063,0.7270
timbrewm,5,24,chinese:SSB0267,0,mean,50,4,1,0.29901314,3.0127,0.9703
timbrewm,5,24,chinese:SSB0267,0,fwp,50,4,1,0.24749184,1.3229,0.7327
timbrewm,5,25,chinese:SSB0273,0,mean,0,-1,0,-0.05372620,4.5885,0.9990
timbrewm,5,25,chinese:SSB0273,0,fwp,0,-1,1,0.11461115,4.5750,0.9978
timbrewm,5,25,chinese:SSB0273,0,mean,-10,0,1,0.19350147,4.2873,0.9847
timbrewm,5,25,chinese:SSB0273,0,fwp,-10,0,0,-0.05911827,2.1903,0.8601
timbrewm,5,25,chinese:SSB0273,0,mean,10,0,1,0.23066854,4.3551,0.9851
timbrewm,5,25,chinese:SSB0273,0,fwp,10,0,0,-0.01969671,2.1285,0.8655
timbrewm,5,25,chinese:SSB0273,0,mean,-20,0,1,0.13119602,3.4787,0.9792
timbrewm,5,25,chinese:SSB0273,0,fwp,-20,0,1,0.03928041,1.7812,0.8352
timbrewm,5,25,chinese:SSB0273,0,mean,20,0,1,0.20249891,3.9011,0.9796
timbrewm,5,25,chinese:SSB0273,0,fwp,20,0,1,0.27263594,1.7832,0.8324
timbrewm,5,25,chinese:SSB0273,0,mean,-50,0,0,-0.03576040,2.3861,0.9738
timbrewm,5,25,chinese:SSB0273,0,fwp,-50,0,0,-0.00015831,1.3933,0.7523
timbrewm,5,25,chinese:SSB0273,0,mean,50,0,1,0.07014370,2.9341,0.9744
timbrewm,5,25,chinese:SSB0273,0,fwp,50,0,1,0.27941036,1.4049,0.7263
timbrewm,5,26,chinese:SSB0287,0,mean,0,-1,1,0.05107021,4.5143,0.9970
timbrewm,5,26,chinese:SSB0287,0,fwp,0,-1,1,0.02714586,4.4782,0.9979
timbrewm,5,26,chinese:SSB0287,0,mean,-10,1,1,0.19126797,4.2459,0.9806
timbrewm,5,26,chinese:SSB0287,0,fwp,-10,1,1,0.14988089,2.4437,0.8588
timbrewm,5,26,chinese:SSB0287,0,mean,10,1,1,0.20052814,4.3758,0.9811
timbrewm,5,26,chinese:SSB0287,0,fwp,10,1,1,0.19315958,2.4636,0.8582
timbrewm,5,26,chinese:SSB0287,0,mean,-20,1,1,0.14709711,3.6325,0.9780
timbrewm,5,26,chinese:SSB0287,0,fwp,-20,1,1,0.06914473,2.2234,0.8308
timbrewm,5,26,chinese:SSB0287,0,mean,20,1,1,0.19057941,4.2503,0.9789
timbrewm,5,26,chinese:SSB0287,0,fwp,20,1,1,0.14382458,2.2605,0.8388
timbrewm,5,26,chinese:SSB0287,0,mean,-50,1,1,0.06524134,2.5044,0.9730
timbrewm,5,26,chinese:SSB0287,0,fwp,-50,1,1,0.02405500,1.5872,0.7311
timbrewm,5,26,chinese:SSB0287,0,mean,50,1,1,0.14748192,3.3506,0.9750
timbrewm,5,26,chinese:SSB0287,0,fwp,50,1,1,0.15847540,1.5730,0.7092
timbrewm,5,27,chinese:SSB0288,0,mean,0,-1,1,0.27687454,4.5320,0.9971
timbrewm,5,27,chinese:SSB0288,0,fwp,0,-1,1,0.14142227,4.5528,0.9976
timbrewm,5,27,chinese:SSB0288,0,mean,-10,2,1,0.08105803,4.0713,0.9857
timbrewm,5,27,chinese:SSB0288,0,fwp,-10,2,1,0.00214577,2.4342,0.8938
timbrewm,5,27,chinese:SSB0288,0,mean,10,2,1,0.07084703,4.3173,0.9857
timbrewm,5,27,chinese:SSB0288,0,fwp,10,2,1,0.20215702,2.4553,0.9024
timbrewm,5,27,chinese:SSB0288,0,mean,-20,2,1,0.14779043,3.1583,0.9806
timbrewm,5,27,chinese:SSB0288,0,fwp,-20,2,1,0.01318598,1.7003,0.8331
timbrewm,5,27,chinese:SSB0288,0,mean,20,2,1,0.10338449,3.7990,0.9809
timbrewm,5,27,chinese:SSB0288,0,fwp,20,2,1,0.21622562,1.7182,0.8311
timbrewm,5,27,chinese:SSB0288,0,mean,-50,2,1,0.22581816,2.3123,0.9741
timbrewm,5,27,chinese:SSB0288,0,fwp,-50,2,0,-0.03223419,1.4680,0.7592
timbrewm,5,27,chinese:SSB0288,0,mean,50,2,1,0.12018013,2.8696,0.9736
timbrewm,5,27,chinese:SSB0288,0,fwp,50,2,1,0.05307102,1.4171,0.7411
timbrewm,5,28,chinese:SSB0299,0,mean,0,-1,1,0.45333576,4.4466,0.9973
timbrewm,5,28,chinese:SSB0299,0,fwp,0,-1,1,0.16574574,4.4405,0.9981
timbrewm,5,28,chinese:SSB0299,0,mean,-10,3,1,0.31590319,3.9678,0.9826
timbrewm,5,28,chinese:SSB0299,0,fwp,-10,3,1,0.41284990,2.2296,0.8684
timbrewm,5,28,chinese:SSB0299,0,mean,10,3,1,0.30221081,4.3104,0.9823
timbrewm,5,28,chinese:SSB0299,0,fwp,10,3,1,0.21753025,2.2018,0.8608
timbrewm,5,28,chinese:SSB0299,0,mean,-20,3,1,0.30468559,3.2561,0.9798
timbrewm,5,28,chinese:SSB0299,0,fwp,-20,3,1,0.35724258,1.6089,0.8313
timbrewm,5,28,chinese:SSB0299,0,mean,20,3,1,0.29275608,3.8091,0.9790
timbrewm,5,28,chinese:SSB0299,0,fwp,20,3,1,0.03066921,1.6215,0.8276
timbrewm,5,28,chinese:SSB0299,0,mean,-50,3,1,0.34155989,2.3117,0.9765
timbrewm,5,28,chinese:SSB0299,0,fwp,-50,3,1,0.23799372,1.3058,0.7565
timbrewm,5,28,chinese:SSB0299,0,mean,50,3,1,0.32146025,2.5009,0.9739
timbrewm,5,28,chinese:SSB0299,0,fwp,50,3,1,0.04428339,1.3182,0.7287
timbrewm,5,29,chinese:SSB0307,0,mean,0,-1,1,0.69230604,4.3367,0.9949
timbrewm,5,29,chinese:SSB0307,0,fwp,0,-1,1,0.25669479,4.3060,0.9928
timbrewm,5,29,chinese:SSB0307,0,mean,-10,4,1,0.62088108,4.2166,0.9827
timbrewm,5,29,chinese:SSB0307,0,fwp,-10,4,1,0.40854692,2.5749,0.8812
timbrewm,5,29,chinese:SSB0307,0,mean,10,4,1,0.58224392,4.3429,0.9819
timbrewm,5,29,chinese:SSB0307,0,fwp,10,4,1,0.20726681,2.6439,0.8805
timbrewm,5,29,chinese:SSB0307,0,mean,-20,4,1,0.71907234,3.5349,0.9761
timbrewm,5,29,chinese:SSB0307,0,fwp,-20,4,1,0.32592821,1.7211,0.8153
timbrewm,5,29,chinese:SSB0307,0,mean,20,4,1,0.60464668,4.1175,0.9760
timbrewm,5,29,chinese:SSB0307,0,fwp,20,4,1,0.14789867,1.7499,0.8234
timbrewm,5,29,chinese:SSB0307,0,mean,-50,4,1,0.61776590,2.6886,0.9710
timbrewm,5,29,chinese:SSB0307,0,fwp,-50,4,1,0.30530500,1.5249,0.7310
timbrewm,5,29,chinese:SSB0307,0,mean,50,4,1,0.67469406,3.3188,0.9718
timbrewm,5,29,chinese:SSB0307,0,fwp,50,4,1,0.08768272,1.5283,0.7230
timbrewm,5,30,chinese:SSB0309,0,mean,0,-1,0,-0.18548727,4.4946,0.9970
timbrewm,5,30,chinese:SSB0309,0,fwp,0,-1,1,0.34323740,4.5650,0.9984
timbrewm,5,30,chinese:SSB0309,0,mean,-10,0,0,-0.08662224,4.0325,0.9819
timbrewm,5,30,chinese:SSB0309,0,fwp,-10,0,1,0.28785849,2.3113,0.8806
timbrewm,5,30,chinese:SSB0309,0,mean,10,0,0,-0.06794357,4.1366,0.9824
timbrewm,5,30,chinese:SSB0309,0,fwp,10,0,1,0.34288406,2.3345,0.8799
timbrewm,5,30,chinese:SSB0309,0,mean,-20,0,0,-0.15807343,3.3401,0.9788
timbrewm,5,30,chinese:SSB0309,0,fwp,-20,0,1,0.23052454,1.8795,0.8469
timbrewm,5,30,chinese:SSB0309,0,mean,20,0,0,-0.12336349,3.8787,0.9796
timbrewm,5,30,chinese:SSB0309,0,fwp,20,0,1,0.20574760,1.8890,0.8547
timbrewm,5,30,chinese:SSB0309,0,mean,-50,0,0,-0.11824465,2.3832,0.9724
timbrewm,5,30,chinese:SSB0309,0,fwp,-50,0,1,0.12823391,1.3932,0.7770
timbrewm,5,30,chinese:SSB0309,0,mean,50,0,0,-0.10674334,2.9635,0.9732
timbrewm,5,30,chinese:SSB0309,0,fwp,50,0,1,0.16383743,1.3959,0.7568
timbrewm,5,31,chinese:SSB0315,0,mean,0,-1,0,-0.16672325,4.6098,0.9984
timbrewm,5,31,chinese:SSB0315,0,fwp,0,-1,1,0.15167284,4.5416,0.9976
timbrewm,5,31,chinese:SSB0315,0,mean,-10,1,0,-0.04307556,4.3386,0.9851
timbrewm,5,31,chinese:SSB0315,0,fwp,-10,1,1,0.13713288,2.4960,0.8819
timbrewm,5,31,chinese:SSB0315,0,mean,10,1,0,-0.02880192,4.4179,0.9852
timbrewm,5,31,chinese:SSB0315,0,fwp,10,1,1,0.10449481,2.4740,0.8829
timbrewm,5,31,chinese:SSB0315,0,mean,-20,1,0,-0.07447052,3.5694,0.9811
timbrewm,5,31,chinese:SSB0315,0,fwp,-20,1,1,0.08734512,2.0870,0.8412
timbrewm,5,31,chinese:SSB0315,0,mean,20,1,0,-0.04272795,4.1293,0.9813
timbrewm,5,31,chinese:SSB0315,0,fwp,20,1,0,-0.01067924,2.0904,0.8202
timbrewm,5,31,chinese:SSB0315,0,mean,-50,1,0,-0.20711899,2.4620,0.9744
timbrewm,5,31,chinese:SSB0315,0,fwp,-50,1,1,0.05651760,1.5610,0.7523
timbrewm,5,31,chinese:SSB0315,0,mean,50,1,0,-0.15227985,3.0868,0.9775
timbrewm,5,31,chinese:SSB0315,0,fwp,50,1,1,0.00060272,1.5556,0.7500
timbrewm,5,32,chinese:SSB0316,0,mean,0,-1,1,0.40571833,4.5422,0.9956
timbrewm,5,32,chinese:SSB0316,0,fwp,0,-1,1,0.23744535,4.5423,0.9976
timbrewm,5,32,chinese:SSB0316,0,mean,-10,2,1,0.02656555,4.1341,0.9812
timbrewm,5,32,chinese:SSB0316,0,fwp,-10,2,1,0.36209965,2.2158,0.8664
timbrewm,5,32,chinese:SSB0316,0,mean,10,2,1,0.02395010,4.3474,0.9819
timbrewm,5,32,chinese:SSB0316,0,fwp,10,2,1,0.25488281,2.2741,0.8763
timbrewm,5,32,chinese:SSB0316,0,mean,-20,2,1,0.08401299,3.4163,0.9760
timbrewm,5,32,chinese:SSB0316,0,fwp,-20,2,1,0.32317066,1.8209,0.7987
timbrewm,5,32,chinese:SSB0316,0,mean,20,2,1,0.07605171,3.9631,0.9769
timbrewm,5,32,chinese:SSB0316,0,fwp,20,2,1,0.23597527,1.8284,0.8042
timbrewm,5,32,chinese:SSB0316,0,mean,-50,2,1,0.23499298,2.6034,0.9726
timbrewm,5,32,chinese:SSB0316,0,fwp,-50,2,1,0.55741835,1.5000,0.7368
timbrewm,5,32,chinese:SSB0316,0,mean,50,2,1,0.17605352,3.2752,0.9723
timbrewm,5,32,chinese:SSB0316,0,fwp,50,2,1,0.32497215,1.5131,0.7203
timbrewm,5,33,chinese:SSB0323,0,mean,0,-1,1,0.12428761,4.4764,0.9972
timbrewm,5,33,chinese:SSB0323,0,fwp,0,-1,1,0.09887600,4.5485,0.9982
timbrewm,5,33,chinese:SSB0323,0,mean,-10,3,1,0.33671522,4.0931,0.9796
timbrewm,5,33,chinese:SSB0323,0,fwp,-10,3,1,0.14929485,2.4814,0.8614
timbrewm,5,33,chinese:SSB0323,0,mean,10,3,1,0.36378002,4.3555,0.9802
timbrewm,5,33,chinese:SSB0323,0,fwp,10,3,1,0.24450111,2.3649,0.8589
timbrewm,5,33,chinese:SSB0323,0,mean,-20,3,1,0.27893162,3.4183,0.9779
timbrewm,5,33,chinese:SSB0323,0,fwp,-20,3,1,0.05096102,1.7722,0.8252
timbrewm,5,33,chinese:SSB0323,0,mean,20,3,1,0.30958080,4.0453,0.9786
timbrewm,5,33,chinese:SSB0323,0,fwp,20,3,1,0.23084497,1.7786,0.8313
timbrewm,5,33,chinese:SSB0323,0,mean,-50,3,1,0.01335907,2.3320,0.9717
timbrewm,5,33,chinese:SSB0323,0,fwp,-50,3,1,0.15786743,1.3402,0.7426
timbrewm,5,33,chinese:SSB0323,0,mean,50,3,1,0.26524067,2.8493,0.9758
timbrewm,5,33,chinese:SSB0323,0,fwp,50,3,1,0.10942841,1.3427,0.7464
timbrewm,5,34,chinese:SSB0338,0,mean,0,-1,1,0.24957848,4.4547,0.9962
timbrewm,5,34,chinese:SSB0338,0,fwp,0,-1,1,0.08436155,4.2268,0.9939
timbrewm,5,34,chinese:SSB0338,0,mean,-10,4,1,0.12198591,3.9200,0.9832
timbrewm,5,34,chinese:SSB0338,0,fwp,-10,4,1,0.20774412,2.1813,0.8788
timbrewm,5,34,chinese:SSB0338,0,mean,10,4,1,0.09662247,4.0320,0.9831
timbrewm,5,34,chinese:SSB0338,0,fwp,10,4,1,0.12143660,2.1670,0.8789
timbrewm,5,34,chinese:SSB0338,0,mean,-20,4,1,0.14191818,3.2615,0.9799
timbrewm,5,34,chinese:SSB0338,0,fwp,-20,4,1,0.19821119,1.7838,0.8291
timbrewm,5,34,chinese:SSB0338,0,mean,20,4,1,0.10891056,3.7746,0.9803
timbrewm,5,34,chinese:SSB0338,0,fwp,20,4,1,0.06816959,1.7735,0.8290
timbrewm,5,34,chinese:SSB0338,0,mean,-50,4,1,0.19057178,2.2073,0.9756
timbrewm,5,34,chinese:SSB0338,0,fwp,-50,4,1,0.23955631,1.4643,0.7575
timbrewm,5,34,chinese:SSB0338,0,mean,50,4,1,0.14210367,3.1573,0.9771
timbrewm,5,34,chinese:SSB0338,0,fwp,50,4,1,0.02939224,1.4597,0.7442
timbrewm,5,35,chinese:SSB0339,0,mean,0,-1,1,0.61697674,4.5364,0.9958
timbrewm,5,35,chinese:SSB0339,0,fwp,0,-1,1,0.03860950,4.3274,0.9931
timbrewm,5,35,chinese:SSB0339,0,mean,-10,0,1,0.22201586,4.1979,0.9813
timbrewm,5,35,chinese:SSB0339,0,fwp,-10,0,1,0.18117428,2.2465,0.8717
timbrewm,5,35,chinese:SSB0339,0,mean,10,0,1,0.16297483,4.3005,0.9808
timbrewm,5,35,chinese:SSB0339,0,fwp,10,0,1,0.10355473,2.2768,0.8662
timbrewm,5,35,chinese:SSB0339,0,mean,-20,0,1,0.28940392,3.3881,0.9779
timbrewm,5,35,chinese:SSB0339,0,fwp,-20,0,1,0.17647934,1.9813,0.8419
timbrewm,5,35,chinese:SSB0339,0,mean,20,0,1,0.11690426,4.0648,0.9789
timbrewm,5,35,chinese:SSB0339,0,fwp,20,0,1,0.02427864,1.9973,0.8425
timbrewm,5,35,chinese:SSB0339,0,mean,-50,0,1,0.55379391,2.4038,0.9717
timbrewm,5,35,chinese:SSB0339,0,fwp,-50,0,1,0.09673023,1.3766,0.7523
timbrewm,5,35,chinese:SSB0339,0,mean,50,0,1,0.33019304,3.0105,0.9735
timbrewm,5,35,chinese:SSB0339,0,fwp,50,0,1,0.07992411,1.3988,0.7342
timbrewm,5,36,chinese:SSB0341,0,mean,0,-1,1,0.28405094,4.6003,0.9970
timbrewm,5,36,chinese:SSB0341,0,fwp,0,-1,1,0.19379139,4.5848,0.9956
timbrewm,5,36,chinese:SSB0341,0,mean,-10,1,1,0.38025713,4.2006,0.9838
timbrewm,5,36,chinese:SSB0341,0,fwp,-10,1,1,0.15794086,2.2520,0.8892
timbrewm,5,36,chinese:SSB0341,0,mean,10,1,1,0.40898800,4.3925,0.9840
timbrewm,5,36,chinese:SSB0341,0,fwp,10,1,1,0.29211903,2.2336,0.8919
timbrewm,5,36,chinese:SSB0341,0,mean,-20,1,1,0.34084082,3.4696,0.9810
timbrewm,5,36,chinese:SSB0341,0,fwp,-20,1,1,0.04832840,1.7852,0.8545
timbrewm,5,36,chinese:SSB0341,0,mean,20,1,1,0.36116028,3.9581,0.9808
timbrewm,5,36,chinese:SSB0341,0,fwp,20,1,1,0.19943190,1.7849,0.8465
timbrewm,5,36,chinese:SSB0341,0,mean,-50,1,1,0.22035313,2.3344,0.9759
timbrewm,5,36,chinese:SSB0341,0,fwp,-50,1,1,0.10698271,1.4776,0.7875
timbrewm,5,36,chinese:SSB0341,0,mean,50,1,1,0.26127720,3.1035,0.9752
timbrewm,5,36,chinese:SSB0341,0,fwp,50,1,1,0.21736479,1.4372,0.7590
timbrewm,5,37,chinese:SSB0342,0,mean,0,-1,1,0.27146578,4.5770,0.9975
timbrewm,5,37,chinese:SSB0342,0,fwp,0,-1,1,0.00328445,4.4671,0.9956
timbrewm,5,37,chinese:SSB0342,0,mean,-10,2,1,0.08110332,3.9976,0.9853
timbrewm,5,37,chinese:SSB0342,0,fwp,-10,2,1,0.30851555,2.1751,0.8780
timbrewm,5,37,chinese:SSB0342,0,mean,10,2,1,0.05635405,4.3518,0.9850
timbrewm,5,37,chinese:SSB0342,0,fwp,10,2,1,0.12712336,2.2130,0.8742
timbrewm,5,37,chinese:SSB0342,0,mean,-20,2,1,0.17761230,3.0593,0.9806
timbrewm,5,37,chinese:SSB0342,0,fwp,-20,2,1,0.26181364,1.7785,0.8475
timbrewm,5,37,chinese:SSB0342,0,mean,20,2,1,0.11882734,3.9214,0.9819
timbrewm,5,37,chinese:SSB0342,0,fwp,20,2,1,0.11483240,1.7728,0.8452
timbrewm,5,37,chinese:SSB0342,0,mean,-50,2,1,0.28236675,2.0887,0.9750
timbrewm,5,37,chinese:SSB0342,0,fwp,-50,2,1,0.27443504,1.3821,0.7745
timbrewm,5,37,chinese:SSB0342,0,mean,50,2,1,0.19777584,2.9136,0.9778
timbrewm,5,37,chinese:SSB0342,0,fwp,50,2,1,0.12062359,1.3780,0.7670
timbrewm,5,38,chinese:SSB0354,0,mean,0,-1,1,0.23291922,4.5758,0.9946
timbrewm,5,38,chinese:SSB0354,0,fwp,0,-1,1,0.21798515,4.5156,0.9915
timbrewm,5,38,chinese:SSB0354,0,mean,-10,3,1,0.59340477,3.9585,0.9813
timbrewm,5,38,chinese:SSB0354,0,fwp,-10,3,1,0.02044821,1.7695,0.8712
timbrewm,5,38,chinese:SSB0354,0,mean,10,3,1,0.65760517,4.2837,0.9813
timbrewm,5,38,chinese:SSB0354,0,fwp,10,3,1,0.03546381,1.7561,0.8736
timbrewm,5,38,chinese:SSB0354,0,mean,-20,3,1,0.36913204,3.0100,0.9787
timbrewm,5,38,chinese:SSB0354,0,fwp,-20,3,0,-0.04117393,1.6101,0.8500
timbrewm,5,38,chinese:SSB0354,0,mean,20,3,1,0.42017746,3.6663,0.9790
timbrewm,5,38,chinese:SSB0354,0,fwp,20,3,0,-0.05904150,1.6319,0.8527
timbrewm,5,38,chinese:SSB0354,0,mean,-50,3,1,0.21439934,2.1781,0.9728
timbrewm,5,38,chinese:SSB0354,0,fwp,-50,3,1,0.11182690,1.3296,0.7525
timbrewm,5,38,chinese:SSB0354,0,mean,50,3,1,0.46722698,2.7766,0.9736
timbrewm,5,38,chinese:SSB0354,0,fwp,50,3,0,-0.03657866,1.3393,0.7531
timbrewm,5,39,chinese:SSB0366,0,mean,0,-1,1,0.36135197,4.5160,0.9967
timbrewm,5,39,chinese:SSB0366,0,fwp,0,-1,1,0.26518726,4.3387,0.9926
timbrewm,5,39,chinese:SSB0366,0,mean,-10,4,1,0.20769072,4.2184,0.9831
timbrewm,5,39,chinese:SSB0366,0,fwp,-10,4,1,0.31548500,2.2567,0.8705
timbrewm,5,39,chinese:SSB0366,0,mean,10,4,1,0.17343903,4.3769,0.9829
timbrewm,5,39,chinese:SSB0366,0,fwp,10,4,1,0.21345329,2.2795,0.8702
timbrewm,5,39,chinese:SSB0366,0,mean,-20,4,1,0.26189899,3.5844,0.9777
timbrewm,5,39,chinese:SSB0366,0,fwp,-20,4,1,0.40053940,1.8320,0.8046
timbrewm,5,39,chinese:SSB0366,0,mean,20,4,1,0.18897057,4.0630,0.9787
timbrewm,5,39,chinese:SSB0366,0,fwp,20,4,1,0.24124765,1.8447,0.8078
timbrewm,5,39,chinese:SSB0366,0,mean,-50,4,1,0.41001844,2.5853,0.9729
timbrewm,5,39,chinese:SSB0366,0,fwp,-50,4,1,0.45977831,1.4387,0.7272
timbrewm,5,39,chinese:SSB0366,0,mean,50,4,1,0.27863884,3.2957,0.9750
timbrewm,5,39,chinese:SSB0366,0,fwp,50,4,1,0.20943356,1.4827,0.7271
timbrewm,5,40,chinese:SSB0375,0,mean,0,-1,1,0.28880215,4.5888,0.9987
timbrewm,5,40,chinese:SSB0375,0,fwp,0,-1,1,0.30451393,4.4771,0.9975
timbrewm,5,40,chinese:SSB0375,0,mean,-10,0,1,0.13556671,4.1507,0.9872
timbrewm,5,40,chinese:SSB0375,0,fwp,-10,0,1,0.02890205,2.4992,0.8890
timbrewm,5,40,chinese:SSB0375,0,mean,10,0,1,0.12338161,4.3671,0.9876
timbrewm,5,40,chinese:SSB0375,0,fwp,10,0,1,0.17168188,2.4924,0.9031
timbrewm,5,40,chinese:SSB0375,0,mean,-20,0,1,0.23116016,3.4577,0.9812
timbrewm,5,40,chinese:SSB0375,0,fwp,-20,0,1,0.07595730,2.0732,0.8598
timbrewm,5,40,chinese:SSB0375,0,mean,20,0,1,0.18309498,3.9806,0.9824
timbrewm,5,40,chinese:SSB0375,0,fwp,20,0,1,0.21453333,2.0788,0.8626
timbrewm,5,40,chinese:SSB0375,0,mean,-50,0,1,0.29433489,2.3900,0.9734
timbrewm,5,40,chinese:SSB0375,0,fwp,-50,0,1,0.07962894,1.4667,0.7807
timbrewm,5,40,chinese:SSB0375,0,mean,50,0,1,0.28551102,2.9843,0.9754
timbrewm,5,40,chinese:SSB0375,0,fwp,50,0,1,0.21526384,1.4545,0.7642
timbrewm,5,41,chinese:SSB0379,0,mean,0,-1,1,0.52473307,4.4427,0.9954
timbrewm,5,41,chinese:SSB0379,0,fwp,0,-1,1,0.18705130,4.5119,0.9974
timbrewm,5,41,chinese:SSB0379,0,mean,-10,1,1,0.31036425,3.9733,0.9822
timbrewm,5,41,chinese:SSB0379,0,fwp,-10,1,1,0.29200983,2.1199,0.8656
timbrewm,5,41,chinese:SSB0379,0,mean,10,1,1,0.31207848,4.2702,0.9817
timbrewm,5,41,chinese:SSB0379,0,fwp,10,1,1,0.12144041,2.0999,0.8687
timbrewm,5,41,chinese:SSB0379,0,mean,-20,1,1,0.42118454,3.2988,0.9788
timbrewm,5,41,chinese:SSB0379,0,fwp,-20,1,1,0.13564396,1.8406,0.8381
timbrewm,5,41,chinese:SSB0379,0,mean,20,1,1,0.39761209,3.9004,0.9799
timbrewm,5,41,chinese:SSB0379,0,fwp,20,1,1,0.02828550,1.8257,0.8471
timbrewm,5,41,chinese:SSB0379,0,mean,-50,1,1,0.39114761,2.3424,0.9734
timbrewm,5,41,chinese:SSB0379,0,fwp,-50,1,1,0.06106997,1.3643,0.7730
timbrewm,5,41,chinese:SSB0379,0,mean,50,1,1,0.37689972,2.8356,0.9744
timbrewm,5,41,chinese:SSB0379,0,fwp,50,1,1,0.04493666,1.3731,0.7583
timbrewm,5,42,chinese:SSB0380,0,mean,0,-1,1,0.37379646,4.3831,0.9938
timbrewm,5,42,chinese:SSB0380,0,fwp,0,-1,1,0.15235424,4.3936,0.9970
timbrewm,5,42,chinese:SSB0380,0,mean,-10,2,1,0.60059738,4.0379,0.9783
timbrewm,5,42,chinese:SSB0380,0,fwp,-10,2,1,0.06653595,2.1560,0.8265
timbrewm,5,42,chinese:SSB0380,0,mean,10,2,1,0.57893372,4.3105,0.9789
timbrewm,5,42,chinese:SSB0380,0,fwp,10,2,1,0.14844942,2.1763,0.8274
timbrewm,5,42,chinese:SSB0380,0,mean,-20,2,1,0.54511261,3.3385,0.9744
timbrewm,5,42,chinese:SSB0380,0,fwp,-20,2,1,0.02991247,1.8337,0.8180
timbrewm,5,42,chinese:SSB0380,0,mean,20,2,1,0.55049038,3.8754,0.9756
timbrewm,5,42,chinese:SSB0380,0,fwp,20,2,1,0.14965153,1.8359,0.8207
timbrewm,5,42,chinese:SSB0380,0,mean,-50,2,1,0.34180927,2.5601,0.9708
timbrewm,5,42,chinese:SSB0380,0,fwp,-50,2,0,-0.01963854,1.4580,0.7354
timbrewm,5,42,chinese:SSB0380,0,mean,50,2,1,0.54112339,3.2371,0.9710
timbrewm,5,42,chinese:SSB0380,0,fwp,50,2,1,0.03813934,1.4639,0.7239
timbrewm,5,43,chinese:SSB0382,0,mean,0,-1,1,0.63598156,4.5560,0.9977
timbrewm,5,43,chinese:SSB0382,0,fwp,0,-1,1,0.04194593,4.4667,0.9959
timbrewm,5,43,chinese:SSB0382,0,mean,-10,3,1,0.38936901,4.1641,0.9828
timbrewm,5,43,chinese:SSB0382,0,fwp,-10,3,1,0.03320837,2.5090,0.8847
timbrewm,5,43,chinese:SSB0382,0,mean,10,3,1,0.39798307,4.3322,0.9830
timbrewm,5,43,chinese:SSB0382,0,fwp,10,3,1,0.10053682,2.5101,0.8879
timbrewm,5,43,chinese:SSB0382,0,mean,-20,3,1,0.48472977,3.4750,0.9804
timbrewm,5,43,chinese:SSB0382,0,fwp,-20,3,1,0.06339979,1.8746,0.8373
timbrewm,5,43,chinese:SSB0382,0,mean,20,3,1,0.49775028,4.0685,0.9818
timbrewm,5,43,chinese:SSB0382,0,fwp,20,3,1,0.04994869,1.8712,0.8394
timbrewm,5,43,chinese:SSB0382,0,mean,-50,3,1,0.63529539,2.3208,0.9752
timbrewm,5,43,chinese:SSB0382,0,fwp,-50,3,1,0.28671455,1.4680,0.7493
timbrewm,5,43,chinese:SSB0382,0,mean,50,3,1,0.60358715,3.1995,0.9792
timbrewm,5,43,chinese:SSB0382,0,fwp,50,3,1,0.15727425,1.4877,0.7558
timbrewm,5,44,chinese:SSB0385,0,mean,0,-1,1,0.82213736,4.5701,0.9970
timbrewm,5,44,chinese:SSB0385,0,fwp,0,-1,1,0.35618877,4.5856,0.9972
timbrewm,5,44,chinese:SSB0385,0,mean,-10,4,1,0.43554640,4.3720,0.9811
timbrewm,5,44,chinese:SSB0385,0,fwp,-10,4,1,0.35058260,2.5831,0.8583
timbrewm,5,44,chinese:SSB0385,0,mean,10,4,1,0.38513470,4.4744,0.9813
timbrewm,5,44,chinese:SSB0385,0,fwp,10,4,1,0.37088013,2.6010,0.8588
timbrewm,5,44,chinese:SSB0385,0,mean,-20,4,1,0.60448837,3.7518,0.9800
timbrewm,5,44,chinese:SSB0385,0,fwp,-20,4,1,0.26911306,2.2178,0.8525
timbrewm,5,44,chinese:SSB0385,0,mean,20,4,1,0.46322203,4.1030,0.9799
timbrewm,5,44,chinese:SSB0385,0,fwp,20,4,1,0.12959957,2.2562,0.8471
timbrewm,5,44,chinese:SSB0385,0,mean,-50,4,1,0.84634066,2.6547,0.9743
timbrewm,5,44,chinese:SSB0385,0,fwp,-50,4,1,0.09109974,1.5834,0.7631
timbrewm,5,44,chinese:SSB0385,0,mean,50,4,1,0.56812859,3.1529,0.9755
timbrewm,5,44,chinese:SSB0385,0,fwp,50,4,1,0.01149511,1.5829,0.7531
timbrewm,5,45,chinese:SSB0393,0,mean,0,-1,0,-0.04799604,4.5480,0.9960
timbrewm,5,45,chinese:SSB0393,0,fwp,0,-1,1,0.19041157,4.6002,0.9975
timbrewm,5,45,chinese:SSB0393,0,mean,-10,0,1,0.02495193,4.1162,0.9786
timbrewm,5,45,chinese:SSB0393,0,fwp,-10,0,1,0.17936993,2.3648,0.8702
timbrewm,5,45,chinese:SSB0393,0,mean,10,0,1,0.03580952,4.3269,0.9791
timbrewm,5,45,chinese:SSB0393,0,fwp,10,0,1,0.05040932,2.3770,0.8686
timbrewm,5,45,chinese:SSB0393,0,mean,-20,0,0,-0.01947927,3.3833,0.9760
timbrewm,5,45,chinese:SSB0393,0,fwp,-20,0,1,0.21362019,1.9174,0.8420
timbrewm,5,45,chinese:SSB0393,0,mean,20,0,1,0.00431538,4.1130,0.9767
timbrewm,5,45,chinese:SSB0393,0,fwp,20,0,1,0.12221956,1.9248,0.8418
timbrewm,5,45,chinese:SSB0393,0,mean,-50,0,0,-0.04838181,2.2971,0.9712
timbrewm,5,45,chinese:SSB0393,0,fwp,-50,0,1,0.15410662,1.4121,0.7586
timbrewm,5,45,chinese:SSB0393,0,mean,50,0,0,-0.03106308,3.1649,0.9728
timbrewm,5,45,chinese:SSB0393,0,fwp,50,0,1,0.15356255,1.4042,0.7469
timbrewm,5,46,chinese:SSB0394,0,mean,0,-1,1,0.65623093,4.5487,0.9940
timbrewm,5,46,chinese:SSB0394,0,fwp,0,-1,1,0.04314232,4.5923,0.9962
timbrewm,5,46,chinese:SSB0394,0,mean,-10,1,1,0.35269356,3.9955,0.9807
timbrewm,5,46,chinese:SSB0394,0,fwp,-10,1,0,-0.05777073,1.8646,0.8463
timbrewm,5,46,chinese:SSB0394,0,mean,10,1,1,0.33596516,4.2960,0.9804
timbrewm,5,46,chinese:SSB0394,0,fwp,10,1,1,0.02645826,1.8202,0.8561
timbrewm,5,46,chinese:SSB0394,0,mean,-20,1,1,0.44300365,3.3888,0.9734
timbrewm,5,46,chinese:SSB0394,0,fwp,-20,1,0,-0.06805229,1.6779,0.7919
timbrewm,5,46,chinese:SSB0394,0,mean,20,1,1,0.36492443,3.9792,0.9743
timbrewm,5,46,chinese:SSB0394,0,fwp,20,1,1,0.07264709,1.6769,0.8066
timbrewm,5,46,chinese:SSB0394,0,mean,-50,1,1,0.59885216,2.4422,0.9685
timbrewm,5,46,chinese:SSB0394,0,fwp,-50,1,1,0.00254202,1.3471,0.7436
timbrewm,5,46,chinese:SSB0394,0,mean,50,1,1,0.41837311,3.2817,0.9689
timbrewm,5,46,chinese:SSB0394,0,fwp,50,1,1,0.07592726,1.3821,0.7280
timbrewm,5,47,chinese:SSB0395,0,mean,0,-1,1,0.19818258,4.5031,0.9961
timbrewm,5,47,chinese:SSB0395,0,fwp,0,-1,1,0.03722715,4.2311,0.9928
timbrewm,5,47,chinese:SSB0395,0,mean,-10,2,1,0.11327076,4.1883,0.9829
timbrewm,5,47,chinese:SSB0395,0,fwp,-10,2,1,0.09494591,2.3614,0.8841
timbrewm,5,47,chinese:SSB0395,0,mean,10,2,1,0.13345671,4.2850,0.9831
timbrewm,5,47,chinese:SSB0395,0,fwp,10,2,1,0.03215790,2.3430,0.8790
timbrewm,5,47,chinese:SSB0395,0,mean,-20,2,1,0.12829590,3.5608,0.9770
timbrewm,5,47,chinese:SSB0395,0,fwp,-20,2,1,0.07252789,1.7768,0.8236
timbrewm,5,47,chinese:SSB0395,0,mean,20,2,1,0.14467573,4.0035,0.9775
timbrewm,5,47,chinese:SSB0395,0,fwp,20,2,0,-0.04648066,1.7746,0.8141
timbrewm,5,47,chinese:SSB0395,0,mean,-50,2,1,0.15325165,2.5344,0.9677
timbrewm,5,47,chinese:SSB0395,0,fwp,-50,2,1,0.08055401,1.4851,0.7647
timbrewm,5,47,chinese:SSB0395,0,mean,50,2,1,0.13500214,3.3244,0.9707
timbrewm,5,47,chinese:SSB0395,0,fwp,50,2,1,0.01680470,1.4601,0.7450
timbrewm,5,48,chinese:SSB0407,0,mean,0,-1,1,0.40300179,4.5787,0.9967
timbrewm,5,48,chinese:SSB0407,0,fwp,0,-1,1,0.04081440,4.4322,0.9917
timbrewm,5,48,chinese:SSB0407,0,mean,-10,3,1,0.26246309,4.2289,0.9838
timbrewm,5,48,chinese:SSB0407,0,fwp,-10,3,1,0.23304176,2.1424,0.8903
timbrewm,5,48,chinese:SSB0407,0,mean,10,3,1,0.22260952,4.3389,0.9846
timbrewm,5,48,chinese:SSB0407,0,fwp,10,3,1,0.27158499,2.0362,0.8936
timbrewm,5,48,chinese:SSB0407,0,mean,-20,3,1,0.30081892,3.3629,0.9794
timbrewm,5,48,chinese:SSB0407,0,fwp,-20,3,1,0.12377357,1.7498,0.8275
timbrewm,5,48,chinese:SSB0407,0,mean,20,3,1,0.26642370,3.9228,0.9804
timbrewm,5,48,chinese:SSB0407,0,fwp,20,3,1,0.20892286,1.7483,0.8294
timbrewm,5,48,chinese:SSB0407,0,mean,-50,3,1,0.48010349,2.5139,0.9739
timbrewm,5,48,chinese:SSB0407,0,fwp,-50,3,1,0.09624672,1.3789,0.7345
timbrewm,5,48,chinese:SSB0407,0,mean,50,3,1,0.35593414,3.0940,0.9762
timbrewm,5,48,chinese:SSB0407,0,fwp,50,3,1,0.14027119,1.4006,0.7370
timbrewm,5,49,chinese:SSB0415,0,mean,0,-1,1,0.18142033,4.5729,0.9970
timbrewm,5,49,chinese:SSB0415,0,fwp,0,-1,0,-0.07543993,4.5636,0.9978
timbrewm,5,49,chinese:SSB0415,0,mean,-10,4,0,-0.01790571,4.3641,0.9848
timbrewm,5,49,chinese:SSB0415,0,fwp,-10,4,1,0.23287487,2.4767,0.8948
timbrewm,5,49,chinese:SSB0415,0,mean,10,4,0,-0.03888369,4.4305,0.9853
timbrewm,5,49,chinese:SSB0415,0,fwp,10,4,1,0.40779114,2.4239,0.8924
timbrewm,5,49,chinese:SSB0415,0,mean,-20,4,1,0.06008863,3.8452,0.9814
timbrewm,5,49,chinese:SSB0415,0,fwp,-20,4,1,0.23918343,2.1612,0.8443
timbrewm,5,49,chinese:SSB0415,0,mean,20,4,1,0.03132677,4.1525,0.9822
timbrewm,5,49,chinese:SSB0415,0,fwp,20,4,1,0.38686275,2.1807,0.8476
timbrewm,5,49,chinese:SSB0415,0,mean,-50,4,1,0.11347389,2.6763,0.9757
timbrewm,5,49,chinese:SSB0415,0,fwp,-50,4,1,0.13237524,1.7237,0.7638
timbrewm,5,49,chinese:SSB0415,0,mean,50,4,1,0.03323174,3.6631,0.9768
timbrewm,5,49,chinese:SSB0415,0,fwp,50,4,1,0.26099110,1.6990,0.7591
timbrewm,5,50,english:103,0,mean,0,-1,1,0.21406412,4.5537,0.9932
timbrewm,5,50,english:103,0,fwp,0,-1,1,0.36868382,4.5326,0.9918
timbrewm,5,50,english:103,0,mean,-10,0,0,-0.06165028,4.0187,0.9687
timbrewm,5,50,english:103,0,fwp,-10,0,0,-0.00915384,2.5379,0.8349
timbrewm,5,50,english:103,0,mean,10,0,0,-0.08179808,4.2885,0.9691
timbrewm,5,50,english:103,0,fwp,10,0,0,-0.02223349,2.4550,0.8345
timbrewm,5,50,english:103,0,mean,-20,0,1,0.01570129,3.1616,0.9649
timbrewm,5,50,english:103,0,fwp,-20,0,1,0.09722281,1.8376,0.7826
timbrewm,5,50,english:103,0,mean,20,0,0,-0.00778294,3.7871,0.9674
timbrewm,5,50,english:103,0,fwp,20,0,1,0.05446148,1.8427,0.7905
timbrewm,5,50,english:103,0,mean,-50,0,1,0.01222897,2.2425,0.9548
timbrewm,5,50,english:103,0,fwp,-50,0,0,-0.03588915,1.3448,0.7251
timbrewm,5,50,english:103,0,mean,50,0,1,0.00420666,2.8389,0.9582
timbrewm,5,50,english:103,0,fwp,50,0,1,0.00715065,1.3528,0.7173
timbrewm,5,51,english:1034,0,mean,0,-1,1,0.65167236,4.6105,0.9896
timbrewm,5,51,english:1034,0,fwp,0,-1,1,0.48648691,4.5498,0.9811
timbrewm,5,51,english:1034,0,mean,-10,1,1,0.48576260,4.2881,0.9577
timbrewm,5,51,english:1034,0,fwp,-10,1,1,0.13966513,2.5075,0.7580
timbrewm,5,51,english:1034,0,mean,10,1,1,0.48035288,4.4212,0.9588
timbrewm,5,51,english:1034,0,fwp,10,1,1,0.17000866,2.6225,0.7644
timbrewm,5,51,english:1034,0,mean,-20,1,1,0.60438490,3.7777,0.9543
timbrewm,5,51,english:1034,0,fwp,-20,1,1,0.14742136,2.1144,0.7314
timbrewm,5,51,english:1034,0,mean,20,1,1,0.59548473,4.0583,0.9560
timbrewm,5,51,english:1034,0,fwp,20,1,1,0.20842361,2.1099,0.7372
timbrewm,5,51,english:1034,0,mean,-50,1,1,0.51642942,3.0697,0.9465
timbrewm,5,51,english:1034,0,fwp,-50,1,1,0.17638636,1.8036,0.6773
timbrewm,5,51,english:1034,0,mean,50,1,1,0.52306366,3.4221,0.9501
timbrewm,5,51,english:1034,0,fwp,50,1,1,0.22295618,1.8402,0.6870
timbrewm,5,52,english:1040,0,mean,0,-1,1,0.01065254,4.6064,0.9987
timbrewm,5,52,english:1040,0,fwp,0,-1,1,0.22598457,4.5745,0.9984
timbrewm,5,52,english:1040,0,mean,-10,2,1,0.11736631,4.3384,0.9845
timbrewm,5,52,english:1040,0,fwp,-10,2,1,0.01063490,2.8353,0.8766
timbrewm,5,52,english:1040,0,mean,10,2,1,0.12942171,4.4590,0.9842
timbrewm,5,52,english:1040,0,fwp,10,2,1,0.00659704,2.8300,0.8767
timbrewm,5,52,english:1040,0,mean,-20,2,1,0.13095760,3.6649,0.9814
timbrewm,5,52,english:1040,0,fwp,-20,2,0,-0.00927305,2.3483,0.8320
timbrewm,5,52,english:1040,0,mean,20,2,1,0.11588001,4.1030,0.9817
timbrewm,5,52,english:1040,0,fwp,20,2,0,-0.00373316,2.3506,0.8322
timbrewm,5,52,english:1040,0,mean,-50,2,1,0.14469719,2.6936,0.9747
timbrewm,5,52,english:1040,0,fwp,-50,2,1,0.01429081,1.8550,0.7545
timbrewm,5,52,english:1040,0,mean,50,2,1,0.14720678,3.5648,0.9769
timbrewm,5,52,english:1040,0,fwp,50,2,0,-0.03761721,1.8602,0.7302
timbrewm,5,53,english:1069,0,mean,0,-1,1,0.69010305,4.5605,0.9989
timbrewm,5,53,english:1069,0,fwp,0,-1,1,0.28625011,4.4767,0.9990
timbrewm,5,53,english:1069,0,mean,-10,3,1,0.51660824,3.8997,0.9864
timbrewm,5,53,english:1069,0,fwp,-10,3,0,-0.00319290,2.1369,0.8865
timbrewm,5,53,english:1069,0,mean,10,3,1,0.47332096,4.2545,0.9867
timbrewm,5,53,english:1069,0,fwp,10,3,1,0.06613588,2.1370,0.8947
timbrewm,5,53,english:1069,0,mean,-20,3,1,0.55427599,2.8565,0.9816
timbrewm,5,53,english:1069,0,fwp,-20,3,0,-0.03382111,1.5849,0.8407
timbrewm,5,53,english:1069,0,mean,20,3,1,0.44346571,3.6221,0.9821
timbrewm,5,53,english:1069,0,fwp,20,3,1,0.11348629,1.5841,0.8405
timbrewm,5,53,english:1069,0,mean,-50,3,1,0.52329063,1.9996,0.9768
timbrewm,5,53,english:1069,0,fwp,-50,3,1,0.34348965,1.2644,0.7961
timbrewm,5,53,english:1069,0,mean,50,3,1,0.53931046,2.5685,0.9765
timbrewm,5,53,english:1069,0,fwp,50,3,1,0.06938839,1.2687,0.7865
timbrewm,5,54,english:1081,0,mean,0,-1,1,0.26382446,4.5397,0.9994
timbrewm,5,54,english:1081,0,fwp,0,-1,1,0.46393728,4.4226,0.9988
timbrewm,5,54,english:1081,0,mean,-10,4,1,0.38827848,3.7716,0.9868
timbrewm,5,54,english:1081,0,fwp,-10,4,1,0.38678455,2.0026,0.8852
timbrewm,5,54,english:1081,0,mean,10,4,1,0.38512325,3.9431,0.9873
timbrewm,5,54,english:1081,0,fwp,10,4,1,0.41632318,2.1065,0.8905
timbrewm,5,54,english:1081,0,mean,-20,4,1,0.40070724,2.7776,0.9838
timbrewm,5,54,english:1081,0,fwp,-20,4,1,0.25961447,1.4431,0.8390
timbrewm,5,54,english:1081,0,mean,20,4,1,0.39820433,3.0630,0.9842
timbrewm,5,54,english:1081,0,fwp,20,4,1,0.29845619,1.4400,0.8387
timbrewm,5,54,english:1081,0,mean,-50,4,1,0.26579380,1.8509,0.9756
timbrewm,5,54,english:1081,0,fwp,-50,4,1,0.16005135,1.1749,0.7691
timbrewm,5,54,english:1081,0,mean,50,4,1,0.44281960,1.9726,0.9777
timbrewm,5,54,english:1081,0,fwp,50,4,1,0.25984812,1.1671,0.7767
timbrewm,5,55,english:1088,0,mean,0,-1,1,0.61692333,4.5824,0.9982
timbrewm,5,55,english:1088,0,fwp,0,-1,1,0.01467943,4.5975,0.9988
timbrewm,5,55,english:1088,0,mean,-10,0,1,0.23467350,4.1244,0.9851
timbrewm,5,55,english:1088,0,fwp,-10,0,1,0.02283430,2.0807,0.8879
timbrewm,5,55,english:1088,0,mean,10,0,1,0.22109270,4.2248,0.9850
timbrewm,5,55,english:1088,0,fwp,10,0,1,0.06250954,2.0788,0.8883
timbrewm,5,55,english:1088,0,mean,-20,0,1,0.37975454,3.1930,0.9813
timbrewm,5,55,english:1088,0,fwp,-20,0,1,0.03464365,1.6028,0.8353
timbrewm,5,55,english:1088,0,mean,20,0,1,0.34524536,3.5428,0.9810
timbrewm,5,55,english:1088,0,fwp,20,0,1,0.12149954,1.6018,0.8352
timbrewm,5,55,english:1088,0,mean,-50,0,1,0.43648291,2.1607,0.9777
timbrewm,5,55,english:1088,0,fwp,-50,0,0,-0.10458136,1.2561,0.7935
timbrewm,5,55,english:1088,0,mean,50,0,1,0.34148264,2.4447,0.9741
timbrewm,5,55,english:1088,0,fwp,50,0,1,0.01363230,1.2731,0.7633
timbrewm,5,56,english:1098,0,mean,0,-1,0,-0.04102325,4.5542,0.9990
timbrewm,5,56,english:1098,0,fwp,0,-1,1,0.13119030,4.4076,0.9986
timbrewm,5,56,english:1098,0,mean,-10,1,1,0.09796762,3.8384,0.9875
timbrewm,5,56,english:1098,0,fwp,-10,1,1,0.15202188,1.8435,0.8882
timbrewm,5,56,english:1098,0,mean,10,1,1,0.09900951,4.0825,0.9873
timbrewm,5,56,english:1098,0,fwp,10,1,1,0.35159445,1.8685,0.8920
timbrewm,5,56,english:1098,0,mean,-20,1,1,0.05092001,2.7488,0.9830
timbrewm,5,56,english:1098,0,fwp,-20,1,1,0.01189375,1.4262,0.8435
timbrewm,5,56,english:1098,0,mean,20,1,1,0.08429193,3.0620,0.9832
timbrewm,5,56,english:1098,0,fwp,20,1,1,0.17574024,1.4176,0.8333
timbrewm,5,56,english:1098,0,mean,-50,1,1,0.03796339,1.8379,0.9792
timbrewm,5,56,english:1098,0,fwp,-50,1,0,-0.07068110,1.1576,0.7886
timbrewm,5,56,english:1098,0,mean,50,1,1,0.16674042,2.0820,0.9774
timbrewm,5,56,english:1098,0,fwp,50,1,1,0.07790852,1.1629,0.7767
timbrewm,5,57,english:1116,0,mean,0,-1,1,0.07808876,4.4854,0.9976
timbrewm,5,57,english:1116,0,fwp,0,-1,1,0.05246496,4.5503,0.9986
timbrewm,5,57,english:1116,0,mean,-10,2,0,-0.01171637,4.0994,0.9839
timbrewm,5,57,english:1116,0,fwp,-10,2,1,0.11750126,2.3109,0.8835
timbrewm,5,57,english:1116,0,mean,10,2,0,-0.03692961,4.3284,0.9836
timbrewm,5,57,english:1116,0,fwp,10,2,1,0.00404692,2.3288,0.8877
timbrewm,5,57,english:1116,0,mean,-20,2,1,0.02818584,3.2520,0.9799
timbrewm,5,57,english:1116,0,fwp,-20,2,1,0.18690968,1.8117,0.8448
timbrewm,5,57,english:1116,0,mean,20,2,1,0.00160789,3.4888,0.9801
timbrewm,5,57,english:1116,0,fwp,20,2,1,0.04283619,1.8608,0.8475
timbrewm,5,57,english:1116,0,mean,-50,2,1,0.07839870,2.2371,0.9757
timbrewm,5,57,english:1116,0,fwp,-50,2,1,0.23027515,1.2398,0.7833
timbrewm,5,57,english:1116,0,mean,50,2,1,0.02794981,2.3084,0.9744
timbrewm,5,57,english:1116,0,fwp,50,2,1,0.03133440,1.2358,0.7734
timbrewm,5,58,english:118,0,mean,0,-1,1,0.43665934,4.5847,0.9945
timbrewm,5,58,english:118,0,fwp,0,-1,1,0.18400478,4.5206,0.9907
timbrewm,5,58,english:118,0,mean,-10,3,1,0.15801907,4.1976,0.9780
timbrewm,5,58,english:118,0,fwp,-10,3,0,-0.03185272,2.5804,0.8570
timbrewm,5,58,english:118,0,mean,10,3,1,0.16296959,4.3570,0.9782
timbrewm,5,58,english:118,0,fwp,10,3,1,0.00027084,2.5119,0.8617
timbrewm,5,58,english:118,0,mean,-20,3,1,0.15902090,3.4349,0.9713
timbrewm,5,58,english:118,0,fwp,-20,3,1,0.08458567,1.8809,0.8028
timbrewm,5,58,english:118,0,mean,20,3,1,0.13212109,3.8405,0.9727
timbrewm,5,58,english:118,0,fwp,20,3,1,0.16785908,1.9380,0.8093
timbrewm,5,58,english:118,0,mean,-50,3,1,0.21803951,2.4691,0.9588
timbrewm,5,58,english:118,0,fwp,-50,3,1,0.05456352,1.3579,0.7464
timbrewm,5,58,english:118,0,mean,50,3,1,0.13849354,2.7178,0.9637
timbrewm,5,58,english:118,0,fwp,50,3,1,0.17019129,1.3672,0.7405
timbrewm,5,59,english:1183,0,mean,0,-1,1,0.25427246,4.5527,0.9973
timbrewm,5,59,english:1183,0,fwp,0,-1,1,0.21500731,4.5581,0.9981
timbrewm,5,59,english:1183,0,mean,-10,4,1,0.07721043,4.0694,0.9841
timbrewm,5,59,english:1183,0,fwp,-10,4,1,0.07488680,2.5629,0.8747
timbrewm,5,59,english:1183,0,mean,10,4,1,0.07473660,4.3255,0.9851
timbrewm,5,59,english:1183,0,fwp,10,4,1,0.13526821,2.5799,0.8823
timbrewm,5,59,english:1183,0,mean,-20,4,1,0.10309410,3.1713,0.9810
timbrewm,5,59,english:1183,0,fwp,-20,4,0,-0.02078915,1.9741,0.8486
timbrewm,5,59,english:1183,0,mean,20,4,1,0.07937956,3.6665,0.9805
timbrewm,5,59,english:1183,0,fwp,20,4,1,0.14826298,1.9762,0.8378
timbrewm,5,59,english:1183,0,mean,-50,4,1,0.13524055,2.2897,0.9776
timbrewm,5,59,english:1183,0,fwp,-50,4,0,-0.02575016,1.3339,0.8074
timbrewm,5,59,english:1183,0,mean,50,4,1,0.10615635,2.5948,0.9715
timbrewm,5,59,english:1183,0,fwp,50,4,1,0.15626097,1.3421,0.7892
timbrewm,5,60,english:1235,0,mean,0,-1,1,0.19767570,4.5730,0.9954
timbrewm,5,60,english:1235,0,fwp,0,-1,1,0.39040947,4.5764,0.9964
timbrewm,5,60,english:1235,0,mean,-10,0,1,0.17798328,4.1136,0.9744
timbrewm,5,60,english:1235,0,fwp,-10,0,1,0.26243830,2.1202,0.8429
timbrewm,5,60,english:1235,0,mean,10,0,1,0.19567156,4.2621,0.9737
timbrewm,5,60,english:1235,0,fwp,10,0,1,0.06788492,2.1996,0.8427
timbrewm,5,60,english:1235,0,mean,-20,0,1,0.14022589,3.3334,0.9715
timbrewm,5,60,english:1235,0,fwp,-20,0,1,0.17325497,1.5489,0.7940
timbrewm,5,60,english:1235,0,mean,20,0,1,0.10555077,3.7857,0.9718
timbrewm,5,60,english:1235,0,fwp,20,0,1,0.10119724,1.5698,0.7939
timbrewm,5,60,english:1235,0,mean,-50,0,1,0.20041084,2.5483,0.9597
timbrewm,5,60,english:1235,0,fwp,-50,0,1,0.21311712,1.3324,0.7115
timbrewm,5,60,english:1235,0,mean,50,0,1,0.16384125,2.8801,0.9657
timbrewm,5,60,english:1235,0,fwp,50,0,1,0.02747583,1.3406,0.7121
timbrewm,5,61,english:1246,0,mean,0,-1,1,0.50912762,4.5700,0.9978
timbrewm,5,61,english:1246,0,fwp,0,-1,1,0.10652781,4.5110,0.9971
timbrewm,5,61,english:1246,0,mean,-10,1,1,0.08570290,4.0167,0.9860
timbrewm,5,61,english:1246,0,fwp,-10,1,1,0.01457739,2.3637,0.8915
timbrewm,5,61,english:1246,0,mean,10,1,1,0.09623098,4.2724,0.9859
timbrewm,5,61,english:1246,0,fwp,10,1,0,-0.02664900,2.4061,0.8900
timbrewm,5,61,english:1246,0,mean,-20,1,1,0.15877390,2.9691,0.9818
timbrewm,5,61,english:1246,0,fwp,-20,1,1,0.09631252,1.8056,0.8542
timbrewm,5,61,english:1246,0,mean,20,1,1,0.16373825,3.5624,0.9826
timbrewm,5,61,english:1246,0,fwp,20,1,1,0.01093674,1.7367,0.8511
timbrewm,5,61,english:1246,0,mean,-50,1,1,0.35680485,2.1202,0.9763
timbrewm,5,61,english:1246,0,fwp,-50,1,1,0.05118704,1.2626,0.8005
timbrewm,5,61,english:1246,0,mean,50,1,1,0.12404299,2.5517,0.9759
timbrewm,5,61,english:1246,0,fwp,50,1,0,-0.01834297,1.2581,0.7911
timbrewm,5,62,english:125,0,mean,0,-1,1,0.73342323,4.4778,0.9953
timbrewm,5,62,english:125,0,fwp,0,-1,1,0.40315962,4.3852,0.9968
timbrewm,5,62,english:125,0,mean,-10,2,1,0.36575317,4.0470,0.9806
timbrewm,5,62,english:125,0,fwp,-10,2,1,0.26080942,2.1212,0.8562
timbrewm,5,62,english:125,0,mean,10,2,1,0.37070322,4.1775,0.9802
timbrewm,5,62,english:125,0,fwp,10,2,1,0.23315430,2.1956,0.8629
timbrewm,5,62,english:125,0,mean,-20,2,1,0.46518040,3.2248,0.9767
timbrewm,5,62,english:125,0,fwp,-20,2,1,0.21413469,1.6622,0.8326
timbrewm,5,62,english:125,0,mean,20,2,1,0.43298388,2.9960,0.9768
timbrewm,5,62,english:125,0,fwp,20,2,1,0.18244362,1.6765,0.8251
timbrewm,5,62,english:125,0,mean,-50,2,1,0.59202814,2.1825,0.9699
timbrewm,5,62,english:125,0,fwp,-50,2,1,0.05656862,1.2521,0.7630
timbrewm,5,62,english:125,0,mean,50,2,1,0.48113823,2.4694,0.9704
timbrewm,5,62,english:125,0,fwp,50,2,1,0.25280190,1.2522,0.7501
timbrewm,5,63,english:1263,0,mean,0,-1,1,0.58864927,4.5842,0.9987
timbrewm,5,63,english:1263,0,fwp,0,-1,1,0.42191601,4.5611,0.9989
timbrewm,5,63,english:1263,0,mean,-10,3,1,0.26328182,3.7227,0.9869
timbrewm,5,63,english:1263,0,fwp,-10,3,1,0.34304333,1.8585,0.8629
timbrewm,5,63,english:1263,0,mean,10,3,1,0.24117708,4.0430,0.9870
timbrewm,5,63,english:1263,0,fwp,10,3,1,0.12814617,1.8490,0.8736
timbrewm,5,63,english:1263,0,mean,-20,3,1,0.43721247,2.6806,0.9829
timbrewm,5,63,english:1263,0,fwp,-20,3,1,0.29615021,1.4467,0.8555
timbrewm,5,63,english:1263,0,mean,20,3,1,0.36404753,3.1375,0.9832
timbrewm,5,63,english:1263,0,fwp,20,3,1,0.20319033,1.4488,0.8522
timbrewm,5,63,english:1263,0,mean,-50,3,1,0.59765148,2.1839,0.9779
timbrewm,5,63,english:1263,0,fwp,-50,3,1,0.14515066,1.2646,0.7980
timbrewm,5,63,english:1263,0,mean,50,3,1,0.41255236,2.1542,0.9780
timbrewm,5,63,english:1263,0,fwp,50,3,1,0.27194452,1.2518,0.7913
timbrewm,5,64,english:1334,0,mean,0,-1,1,0.38091183,4.5782,0.9968
timbrewm,5,64,english:1334,0,fwp,0,-1,1,0.18427563,4.5963,0.9980
timbrewm,5,64,english:1334,0,mean,-10,4,1,0.12017393,4.0707,0.9818
timbrewm,5,64,english:1334,0,fwp,-10,4,0,-0.03297758,2.2780,0.8667
timbrewm,5,64,english:1334,0,mean,10,4,1,0.11299419,4.3698,0.9817
timbrewm,5,64,english:1334,0,fwp,10,4,0,-0.03184986,2.3735,0.8745
timbrewm,5,64,english:1334,0,mean,-20,4,1,0.13674355,3.2990,0.9776
timbrewm,5,64,english:1334,0,fwp,-20,4,0,-0.01641893,1.8196,0.8341
timbrewm,5,64,english:1334,0,mean,20,4,1,0.12888432,3.8430,0.9792
timbrewm,5,64,english:1334,0,fwp,20,4,1,0.01283693,1.8592,0.8404
timbrewm,5,64,english:1334,0,mean,-50,4,1,0.14480114,2.4156,0.9668
timbrewm,5,64,english:1334,0,fwp,-50,4,0,-0.00434637,1.4416,0.7688
timbrewm,5,64,english:1334,0,mean,50,4,1,0.19221592,2.8504,0.9712
timbrewm,5,64,english:1334,0,fwp,50,4,1,0.03174686,1.4526,0.7536
timbrewm,5,65,english:1355,0,mean,0,-1,1,0.23032427,4.5938,0.9990
timbrewm,5,65,english:1355,0,fwp,0,-1,1,0.00673246,4.5123,0.9983
timbrewm,5,65,english:1355,0,mean,-10,0,1,0.34923267,4.0400,0.9860
timbrewm,5,65,english:1355,0,fwp,-10,0,1,0.05904484,1.9076,0.8813
timbrewm,5,65,english:1355,0,mean,10,0,1,0.35761547,4.2683,0.9861
timbrewm,5,65,english:1355,0,fwp,10,0,1,0.08025837,1.9119,0.8863
timbrewm,5,65,english:1355,0,mean,-20,0,1,0.28576660,3.0693,0.9830
timbrewm,5,65,english:1355,0,fwp,-20,0,1,0.12702656,1.5592,0.8502
timbrewm,5,65,english:1355,0,mean,20,0,1,0.30403376,3.5002,0.9838
timbrewm,5,65,english:1355,0,fwp,20,0,1,0.22274780,1.5573,0.8457
timbrewm,5,65,english:1355,0,mean,-50,0,1,0.16823292,2.0424,0.9777
timbrewm,5,65,english:1355,0,fwp,-50,0,1,0.08728647,1.2299,0.7734
timbrewm,5,65,english:1355,0,mean,50,0,1,0.27600336,2.6330,0.9773
timbrewm,5,65,english:1355,0,fwp,50,0,0,-0.05969095,1.2306,0.7465
timbrewm,5,66,english:1363,0,mean,0,-1,1,0.70352173,4.5742,0.9958
timbrewm,5,66,english:1363,0,fwp,0,-1,1,0.27023363,4.5447,0.9965
timbrewm,5,66,english:1363,0,mean,-10,1,1,0.52015734,4.0272,0.9810
timbrewm,5,66,english:1363,0,fwp,-10,1,1,0.07772398,2.0746,0.8690
timbrewm,5,66,english:1363,0,mean,10,1,1,0.52996683,4.2549,0.9813
timbrewm,5,66,english:1363,0,fwp,10,1,0,-0.01090574,2.1065,0.8774
timbrewm,5,66,english:1363,0,mean,-20,1,1,0.69185352,3.2210,0.9758
timbrewm,5,66,english:1363,0,fwp,-20,1,1,0.17202663,1.7482,0.8294
timbrewm,5,66,english:1363,0,mean,20,1,1,0.65273190,3.6645,0.9774
timbrewm,5,66,english:1363,0,fwp,20,1,1,0.15162754,1.7541,0.8279
timbrewm,5,66,english:1363,0,mean,-50,1,1,0.53837061,2.2547,0.9682
timbrewm,5,66,english:1363,0,fwp,-50,1,1,0.06778240,1.3781,0.7854
timbrewm,5,66,english:1363,0,mean,50,1,1,0.59381676,2.5983,0.9700
timbrewm,5,66,english:1363,0,fwp,50,1,1,0.07615948,1.3570,0.7669
timbrewm,5,67,english:1447,0,mean,0,-1,1,0.13093472,4.5330,0.9876
timbrewm,5,67,english:1447,0,fwp,0,-1,1,0.23593712,4.4133,0.9775
timbrewm,5,67,english:1447,0,mean,-10,2,1,0.52513123,3.8589,0.9623
timbrewm,5,67,english:1447,0,fwp,-10,2,1,0.02876616,1.6231,0.7670
timbrewm,5,67,english:1447,0,mean,10,2,1,0.54354000,4.2065,0.9615
timbrewm,5,67,english:1447,0,fwp,10,2,0,-0.00742722,1.6170,0.7622
timbrewm,5,67,english:1447,0,mean,-20,2,1,0.43506527,3.1352,0.9553
timbrewm,5,67,english:1447,0,fwp,-20,2,0,-0.02514553,1.5231,0.7230
timbrewm,5,67,english:1447,0,mean,20,2,1,0.49013042,3.6503,0.9574
timbrewm,5,67,english:1447,0,fwp,20,2,1,0.13592052,1.5446,0.7488
timbrewm,5,67,english:1447,0,mean,-50,2,1,0.31631088,2.2950,0.9459
timbrewm,5,67,english:1447,0,fwp,-50,2,1,0.01318169,1.2230,0.6534
timbrewm,5,67,english:1447,0,mean,50,2,1,0.43492794,2.4270,0.9497
timbrewm,5,67,english:1447,0,fwp,50,2,0,-0.04721069,1.2169,0.6515
timbrewm,5,68,english:1455,0,mean,0,-1,0,-0.19314337,4.5277,0.9968
timbrewm,5,68,english:1455,0,fwp,0,-1,1,0.07007647,4.5821,0.9983
timbrewm,5,68,english:1455,0,mean,-10,3,0,-0.09694815,3.7838,0.9822
timbrewm,5,68,english:1455,0,fwp,-10,3,1,0.02042198,1.6697,0.8492
timbrewm,5,68,english:1455,0,mean,10,3,0,-0.09573746,4.2018,0.9829
timbrewm,5,68,english:1455,0,fwp,10,3,1,0.04878759,1.8018,0.8535
timbrewm,5,68,english:1455,0,mean,-20,3,0,-0.11761522,2.7538,0.9804
timbrewm,5,68,english:1455,0,fwp,-20,3,1,0.01248837,1.3600,0.8336
timbrewm,5,68,english:1455,0,mean,20,3,0,-0.11809540,3.3249,0.9807
timbrewm,5,68,english:1455,0,fwp,20,3,1,0.13401127,1.3549,0.8353
timbrewm,5,68,english:1455,0,mean,-50,3,0,-0.15589476,1.7765,0.9723
timbrewm,5,68,english:1455,0,fwp,-50,3,1,0.00692034,1.1296,0.7506
timbrewm,5,68,english:1455,0,mean,50,3,0,-0.09462929,2.1131,0.9716
timbrewm,5,68,english:1455,0,fwp,50,3,1,0.19014549,1.1321,0.7426
timbrewm,5,69,english:150,0,mean,0,-1,1,0.43214512,4.5888,0.9973
timbrewm,5,69,english:150,0,fwp,0,-1,1,0.05918312,4.5169,0.9946
timbrewm,5,69,english:150,0,mean,-10,4,1,0.43269253,4.1521,0.9803
timbrewm,5,69,english:150,0,fwp,-10,4,1,0.30511570,2.3185,0.8412
timbrewm,5,69,english:150,0,mean,10,4,1,0.44286394,4.2706,0.9803
timbrewm,5,69,english:150,0,fwp,10,4,1,0.36004877,2.3099,0.8438
timbrewm,5,69,english:150,0,mean,-20,4,1,0.40933323,3.3186,0.9777
timbrewm,5,69,english:150,0,fwp,-20,4,1,0.22619677,1.7056,0.8221
timbrewm,5,69,english:150,0,mean,20,4,1,0.42214823,3.5760,0.9790
timbrewm,5,69,english:150,0,fwp,20,4,1,0.32006645,1.7164,0.8218
timbrewm,5,69,english:150,0,mean,-50,4,1,0.32784176,2.2444,0.9696
timbrewm,5,69,english:150,0,fwp,-50,4,1,0.17397976,1.2722,0.7532
timbrewm,5,69,english:150,0,mean,50,4,1,0.38726139,2.3208,0.9725
timbrewm,5,69,english:150,0,fwp,50,4,1,0.14060450,1.2671,0.7494
timbrewm,5,70,english:1502,0,mean,0,-1,0,-0.02791214,4.5797,0.9970
timbrewm,5,70,english:1502,0,fwp,0,-1,1,0.34681797,4.5388,0.9932
timbrewm,5,70,english:1502,0,mean,-10,0,1,0.20762444,4.0321,0.9813
timbrewm,5,70,english:1502,0,fwp,-10,0,1,0.24180841,2.0283,0.8649
timbrewm,5,70,english:1502,0,mean,10,0,1,0.22102785,4.2957,0.9817
timbrewm,5,70,english:1502,0,fwp,10,0,1,0.35601044,2.0348,0.8674
timbrewm,5,70,english:1502,0,mean,-20,0,1,0.11456585,3.1342,0.9741
timbrewm,5,70,english:1502,0,fwp,-20,0,1,0.21218348,1.6387,0.8070
timbrewm,5,70,english:1502,0,mean,20,0,1,0.10866928,3.5112,0.9747
timbrewm,5,70,english:1502,0,fwp,20,0,1,0.26688337,1.6379,0.8122
timbrewm,5,70,english:1502,0,mean,-50,0,1,0.05788994,2.3337,0.9653
timbrewm,5,70,english:1502,0,fwp,-50,0,1,0.25278139,1.2874,0.7460
timbrewm,5,70,english:1502,0,mean,50,0,1,0.16573143,2.4144,0.9671
timbrewm,5,70,english:1502,0,fwp,50,0,1,0.17830133,1.2891,0.7337
timbrewm,5,71,english:1553,0,mean,0,-1,1,0.41184711,4.5535,0.9972
timbrewm,5,71,english:1553,0,fwp,0,-1,1,0.18147469,4.5930,0.9985
timbrewm,5,71,english:1553,0,mean,-10,1,1,0.15082264,4.0360,0.9850
timbrewm,5,71,english:1553,0,fwp,-10,1,0,-0.00175428,2.4561,0.8858
timbrewm,5,71,english:1553,0,mean,10,1,1,0.13529778,4.3220,0.9855
timbrewm,5,71,english:1553,0,fwp,10,1,0,-0.05321598,2.4439,0.8860
timbrewm,5,71,english:1553,0,mean,-20,1,1,0.22706175,3.1259,0.9815
timbrewm,5,71,english:1553,0,fwp,-20,1,0,-0.02851200,1.9144,0.8544
timbrewm,5,71,english:1553,0,mean,20,1,1,0.20176697,3.6284,0.9819
timbrewm,5,71,english:1553,0,fwp,20,1,0,-0.11528444,1.9078,0.8484
timbrewm,5,71,english:1553,0,mean,-50,1,1,0.32095814,2.0908,0.9774
timbrewm,5,71,english:1553,0,fwp,-50,1,1,0.07704353,1.2920,0.8087
timbrewm,5,71,english:1553,0,mean,50,1,1,0.18070316,2.4320,0.9750
timbrewm,5,71,english:1553,0,fwp,50,1,0,-0.11821795,1.2818,0.7874
timbrewm,5,72,english:1578,0,mean,0,-1,1,0.38751793,4.4939,0.9945
timbrewm,5,72,english:1578,0,fwp,0,-1,1,0.15595293,4.5211,0.9971
timbrewm,5,72,english:1578,0,mean,-10,2,1,0.13263273,3.9035,0.9818
timbrewm,5,72,english:1578,0,fwp,-10,2,1,0.05760431,2.4044,0.8879
timbrewm,5,72,english:1578,0,mean,10,2,1,0.11679649,4.1919,0.9821
timbrewm,5,72,english:1578,0,fwp,10,2,0,-0.05708170,2.3609,0.8793
timbrewm,5,72,english:1578,0,mean,-20,2,1,0.23181152,3.0071,0.9767
timbrewm,5,72,english:1578,0,fwp,-20,2,1,0.21477270,1.3861,0.8314
timbrewm,5,72,english:1578,0,mean,20,2,1,0.19236040,1.9148,0.9765
timbrewm,5,72,english:1578,0,fwp,20,2,0,-0.02166700,1.3987,0.8236
timbrewm,5,72,english:1578,0,mean,-50,2,1,0.42997932,2.2075,0.9696
timbrewm,5,72,english:1578,0,fwp,-50,2,1,0.08641672,1.2880,0.7665
timbrewm,5,72,english:1578,0,mean,50,2,1,0.18300486,2.4335,0.9683
timbrewm,5,72,english:1578,0,fwp,50,2,1,0.04729939,1.2523,0.7565
timbrewm,5,73,english:1594,0,mean,0,-1,1,0.03566837,4.4783,0.9977
timbrewm,5,73,english:1594,0,fwp,0,-1,1,0.23115110,4.5786,0.9988
timbrewm,5,73,english:1594,0,mean,-10,3,1,0.20638609,4.0711,0.9843
timbrewm,5,73,english:1594,0,fwp,-10,3,0,-0.79917359,2.2362,0.8828
timbrewm,5,73,english:1594,0,mean,10,3,1,0.23005915,4.2510,0.9853
timbrewm,5,73,english:1594,0,fwp,10,3,0,-0.80638814,2.2947,0.8862
timbrewm,5,73,english:1594,0,mean,-20,3,1,0.15653896,3.2884,0.9834
timbrewm,5,73,english:1594,0,fwp,-20,3,0,-0.07150269,1.9340,0.8666
timbrewm,5,73,english:1594,0,mean,20,3,1,0.21372604,3.5566,0.9848
timbrewm,5,73,english:1594,0,fwp,20,3,1,0.28371477,1.9218,0.8685
timbrewm,5,73,english:1594,0,mean,-50,3,0,-0.11802053,2.2661,0.9795
timbrewm,5,73,english:1594,0,fwp,-50,3,0,-0.17932987,1.3321,0.8118
timbrewm,5,73,english:1594,0,mean,50,3,1,0.07873535,2.3972,0.9779
timbrewm,5,73,english:1594,0,fwp,50,3,1,0.16575766,1.3268,0.8077
timbrewm,5,74,english:1624,0,mean,0,-1,1,0.23864126,4.5951,0.9989
timbrewm,5,74,english:1624,0,fwp,0,-1,1,0.20500755,4.4496,0.9972
timbrewm,5,74,english:1624,0,mean,-10,4,1,0.11895895,3.9531,0.9830
timbrewm,5,74,english:1624,0,fwp,-10,4,1,0.24781036,1.9094,0.8754
timbrewm,5,74,english:1624,0,mean,10,4,1,0.10014915,4.1888,0.9822
timbrewm,5,74,english:1624,0,fwp,10,4,1,0.12077427,2.0368,0.8802
timbrewm,5,74,english:1624,0,mean,-20,4,1,0.22630453,2.8202,0.9803
timbrewm,5,74,english:1624,0,fwp,-20,4,1,0.23024559,1.4887,0.8435
timbrewm,5,74,english:1624,0,mean,20,4,1,0.15832472,3.4468,0.9799
timbrewm,5,74,english:1624,0,fwp,20,4,1,0.00393438,1.4895,0.8385
timbrewm,5,74,english:1624,0,mean,-50,4,1,0.14702225,1.8261,0.9752
timbrewm,5,74,english:1624,0,fwp,-50,4,0,-0.06787491,1.1586,0.7757
timbrewm,5,74,english:1624,0,mean,50,4,1,0.15096664,2.0830,0.9754
timbrewm,5,74,english:1624,0,fwp,50,4,0,-0.02982235,1.1819,0.7698
timbrewm,5,75,english:163,0,mean,0,-1,0,-0.01077318,4.6163,0.9964
timbrewm,5,75,english:163,0,fwp,0,-1,1,0.01871014,4.5416,0.9930
timbrewm,5,75,english:163,0,mean,-10,0,1,0.17347336,3.7112,0.9781
timbrewm,5,75,english:163,0,fwp,-10,0,1,0.05145073,1.6833,0.8535
timbrewm,5,75,english:163,0,mean,10,0,1,0.17591381,4.2106,0.9793
timbrewm,5,75,english:163,0,fwp,10,0,0,-0.01265717,1.8988,0.8646
timbrewm,5,75,english:163,0,mean,-20,0,1,0.10552454,2.9583,0.9752
timbrewm,5,75,english:163,0,fwp,-20,0,1,0.05850124,1.4061,0.8225
timbrewm,5,75,english:163,0,mean,20,0,1,0.11712742,3.1588,0.9764
timbrewm,5,75,english:163,0,fwp,20,0,0,-0.05329275,1.4232,0.8185
timbrewm,5,75,english:163,0,mean,-50,0,1,0.04185343,1.9932,0.9672
timbrewm,5,75,english:163,0,fwp,-50,0,1,0.07176781,1.2324,0.7709
timbrewm,5,75,english:163,0,mean,50,0,1,0.07574129,2.2083,0.9708
timbrewm,5,75,english:163,0,fwp,50,0,1,0.02954769,1.2456,0.7660
timbrewm,5,76,english:1723,0,mean,0,-1,1,0.27251530,4.5843,0.9962
timbrewm,5,76,english:1723,0,fwp,0,-1,1,0.24066067,4.5317,0.9947
timbrewm,5,76,english:1723,0,mean,-10,1,1,0.31939268,3.8454,0.9813
timbrewm,5,76,english:1723,0,fwp,-10,1,0,-0.02677488,1.6703,0.8638
timbrewm,5,76,english:1723,0,mean,10,1,1,0.32231045,4.2361,0.9826
timbrewm,5,76,english:1723,0,fwp,10,1,0,-0.04049587,1.9484,0.8721
timbrewm,5,76,english:1723,0,mean,-20,1,1,0.29950809,2.8653,0.9773
timbrewm,5,76,english:1723,0,fwp,-20,1,1,0.22396660,1.6564,0.8351
timbrewm,5,76,english:1723,0,mean,20,1,1,0.30129480,3.6166,0.9795
timbrewm,5,76,english:1723,0,fwp,20,1,1,0.10728979,1.6760,0.8355
timbrewm,5,76,english:1723,0,mean,-50,1,1,0.23505306,1.8818,0.9615
timbrewm,5,76,english:1723,0,fwp,-50,1,1,0.05201340,1.1761,0.7513
timbrewm,5,76,english:1723,0,mean,50,1,1,0.30004978,2.3806,0.9652
timbrewm,5,76,english:1723,0,fwp,50,1,1,0.10729504,1.1860,0.7393
timbrewm,5,77,english:1737,0,mean,0,-1,1,0.11616611,4.5726,0.9978
timbrewm,5,77,english:1737,0,fwp,0,-1,1,0.27329826,4.3924,0.9938
timbrewm,5,77,english:1737,0,mean,-10,2,0,-0.05340767,3.9338,0.9840
timbrewm,5,77,english:1737,0,fwp,-10,2,1,0.23027134,2.1399,0.8740
timbrewm,5,77,english:1737,0,mean,10,2,0,-0.03719044,4.1882,0.9841
timbrewm,5,77,english:1737,0,fwp,10,2,1,0.14990759,2.1296,0.8752
timbrewm,5,77,english:1737,0,mean,-20,2,0,-0.03586102,2.7473,0.9804
timbrewm,5,77,english:1737,0,fwp,-20,2,1,0.32651758,1.4097,0.8302
timbrewm,5,77,english:1737,0,mean,20,2,0,-0.04038525,3.1657,0.9811
timbrewm,5,77,english:1737,0,fwp,20,2,1,0.21655083,1.4160,0.8286
timbrewm,5,77,english:1737,0,mean,-50,2,1,0.02322721,1.6362,0.9722
timbrewm,5,77,english:1737,0,fwp,-50,2,1,0.20100117,1.1352,0.7662
timbrewm,5,77,english:1737,0,mean,50,2,0,-0.02389050,1.7967,0.9732
timbrewm,5,77,english:1737,0,fwp,50,2,1,0.18912315,1.1295,0.7487
timbrewm,5,78,english:1743,0,mean,0,-1,1,0.32211924,4.5596,0.9991
timbrewm,5,78,english:1743,0,fwp,0,-1,1,0.12560844,4.5736,0.9993
timbrewm,5,78,english:1743,0,mean,-10,3,1,0.24925375,4.3409,0.9848
timbrewm,5,78,english:1743,0,fwp,-10,3,0,-0.19755197,2.5801,0.8888
timbrewm,5,78,english:1743,0,mean,10,3,1,0.24441004,4.3803,0.9848
timbrewm,5,78,english:1743,0,fwp,10,3,0,-0.07162237,2.5196,0.8867
timbrewm,5,78,english:1743,0,mean,-20,3,1,0.28055716,3.7419,0.9825
timbrewm,5,78,english:1743,0,fwp,-20,3,0,-0.31749296,2.0022,0.8443
timbrewm,5,78,english:1743,0,mean,20,3,1,0.23690605,3.8969,0.9823
timbrewm,5,78,english:1743,0,fwp,20,3,0,-0.10015631,2.0094,0.8455
timbrewm,5,78,english:1743,0,mean,-50,3,1,0.34460735,2.6684,0.9778
timbrewm,5,78,english:1743,0,fwp,-50,3,0,-0.35290051,1.4928,0.7772
timbrewm,5,78,english:1743,0,mean,50,3,1,0.25784540,2.6750,0.9768
timbrewm,5,78,english:1743,0,fwp,50,3,1,0.13239288,1.4706,0.7762
timbrewm,5,79,english:1841,0,mean,0,-1,0,-0.13338947,4.5950,0.9990
timbrewm,5,79,english:1841,0,fwp,0,-1,1,0.06289387,4.5424,0.9986
timbrewm,5,79,english:1841,0,mean,-10,4,1,0.01536274,4.1202,0.9867
timbrewm,5,79,english:1841,0,fwp,-10,4,1,0.18776512,2.4194,0.8858
timbrewm,5,79,english:1841,0,mean,10,4,1,0.02751207,4.3403,0.9866
timbrewm,5,79,english:1841,0,fwp,10,4,0,-0.01475906,2.3983,0.8925
timbrewm,5,79,english:1841,0,mean,-20,4,0,-0.02384377,3.0578,0.9833
timbrewm,5,79,english:1841,0,fwp,-20,4,1,0.14798355,1.8114,0.8560
timbrewm,5,79,english:1841,0,mean,20,4,0,-0.01787663,3.4882,0.9835
timbrewm,5,79,english:1841,0,fwp,20,4,0,-0.06925106,1.8078,0.8530
timbrewm,5,79,english:1841,0,mean,-50,4,0,-0.11300373,1.9928,0.9787
timbrewm,5,79,english:1841,0,fwp,-50,4,1,0.01200676,1.2920,0.7919
timbrewm,5,79,english:1841,0,mean,50,4,0,-0.02690458,2.3101,0.9789
timbrewm,5,79,english:1841,0,fwp,50,4,0,-0.11545372,1.2735,0.7929
timbrewm,5,80,english:1867,0,mean,0,-1,1,0.47752380,4.4833,0.9982
timbrewm,5,80,english:1867,0,fwp,0,-1,1,0.20750523,4.5562,0.9991
timbrewm,5,80,english:1867,0,mean,-10,0,1,0.59575987,4.0481,0.9849
timbrewm,5,80,english:1867,0,fwp,-10,0,1,0.29706287,2.4624,0.8690
timbrewm,5,80,english:1867,0,mean,10,0,1,0.57468891,4.2242,0.9845
timbrewm,5,80,english:1867,0,fwp,10,0,1,0.24053335,2.4812,0.8837
timbrewm,5,80,english:1867,0,mean,-20,0,1,0.48590088,3.3076,0.9786
timbrewm,5,80,english:1867,0,fwp,-20,0,1,0.28154659,1.8005,0.8494
timbrewm,5,80,english:1867,0,mean,20,0,1,0.49142551,3.7554,0.9792
timbrewm,5,80,english:1867,0,fwp,20,0,1,0.17145634,1.7550,0.8451
timbrewm,5,80,english:1867,0,mean,-50,0,1,0.32946110,2.4629,0.9744
timbrewm,5,80,english:1867,0,fwp,-50,0,1,0.41165113,1.3899,0.7926
timbrewm,5,80,english:1867,0,mean,50,0,1,0.39640665,2.8252,0.9739
timbrewm,5,80,english:1867,0,fwp,50,0,1,0.13997650,1.3806,0.7799
timbrewm,5,81,english:1898,0,mean,0,-1,1,0.67588043,4.5240,0.9950
timbrewm,5,81,english:1898,0,fwp,0,-1,1,0.15869904,4.4295,0.9915
timbrewm,5,81,english:1898,0,mean,-10,1,1,0.61623955,4.1819,0.9774
timbrewm,5,81,english:1898,0,fwp,-10,1,1,0.14243984,2.1254,0.8417
timbrewm,5,81,english:1898,0,mean,10,1,1,0.61583614,4.2910,0.9773
timbrewm,5,81,english:1898,0,fwp,10,1,1,0.19041729,2.1415,0.8447
timbrewm,5,81,english:1898,0,mean,-20,1,1,0.63983917,3.4257,0.9735
timbrewm,5,81,english:1898,0,fwp,-20,1,1,0.18484163,1.6951,0.8085
timbrewm,5,81,english:1898,0,mean,20,1,1,0.64624977,3.7070,0.9742
timbrewm,5,81,english:1898,0,fwp,20,1,1,0.14016533,1.6462,0.8081
timbrewm,5,81,english:1898,0,mean,-50,1,1,0.61971903,2.1995,0.9645
timbrewm,5,81,english:1898,0,fwp,-50,1,1,0.27744865,1.2820,0.7515
timbrewm,5,81,english:1898,0,mean,50,1,1,0.56812286,2.4118,0.9662
timbrewm,5,81,english:1898,0,fwp,50,1,1,0.02467060,1.3083,0.7497
timbrewm,5,82,english:19,0,mean,0,-1,1,0.21301270,4.5740,0.9907
timbrewm,5,82,english:19,0,fwp,0,-1,1,0.37799311,4.5318,0.9850
timbrewm,5,82,english:19,0,mean,-10,2,1,0.03242350,4.1521,0.9680
timbrewm,5,82,english:19,0,fwp,-10,2,1,0.21643925,2.7488,0.8105
timbrewm,5,82,english:19,0,mean,10,2,1,0.02628088,4.3686,0.9677
timbrewm,5,82,english:19,0,fwp,10,2,1,0.21776009,2.7189,0.8113
timbrewm,5,82,english:19,0,mean,-20,2,1,0.10084105,3.6357,0.9637
timbrewm,5,82,english:19,0,fwp,-20,2,1,0.08405066,2.1941,0.7773
timbrewm,5,82,english:19,0,mean,20,2,1,0.07902431,4.0654,0.9646
timbrewm,5,82,english:19,0,fwp,20,2,1,0.09373236,2.1917,0.7701
timbrewm,5,82,english:19,0,mean,-50,2,1,0.09924698,2.9739,0.9553
timbrewm,5,82,english:19,0,fwp,-50,2,1,0.23110247,1.7263,0.7201
timbrewm,5,82,english:19,0,mean,50,2,1,0.08252382,3.3503,0.9589
timbrewm,5,82,english:19,0,fwp,50,2,1,0.18708563,1.7124,0.7094
timbrewm,5,83,english:1926,0,mean,0,-1,1,0.23253345,4.5456,0.9984
timbrewm,5,83,english:1926,0,fwp,0,-1,0,-0.02901268,4.5737,0.9991
timbrewm,5,83,english:1926,0,mean,-10,3,1,0.13175106,4.0076,0.9876
timbrewm,5,83,english:1926,0,fwp,-10,3,1,0.16737175,2.3609,0.8811
timbrewm,5,83,english:1926,0,mean,10,3,1,0.11055326,4.3496,0.9874
timbrewm,5,83,english:1926,0,fwp,10,3,1,0.12282658,2.3957,0.8858
timbrewm,5,83,english:1926,0,mean,-20,3,1,0.13684368,1.8632,0.9834
timbrewm,5,83,english:1926,0,fwp,-20,3,1,0.14843845,1.9102,0.8442
timbrewm,5,83,english:1926,0,mean,20,3,1,0.09066534,3.5924,0.9835
timbrewm,5,83,english:1926,0,fwp,20,3,1,0.15523815,1.9177,0.8444
timbrewm,5,83,english:1926,0,mean,-50,3,1,0.13180780,2.3591,0.9759
timbrewm,5,83,english:1926,0,fwp,-50,3,0,-0.00999355,1.4050,0.7881
timbrewm,5,83,english:1926,0,mean,50,3,1,0.03991270,2.5945,0.9770
timbrewm,5,83,english:1926,0,fwp,50,3,0,-0.07141781,1.4025,0.7800
timbrewm,5,84,english:196,0,mean,0,-1,1,0.57756186,4.5762,0.9985
timbrewm,5,84,english:196,0,fwp,0,-1,1,0.26402378,4.4563,0.9967
timbrewm,5,84,english:196,0,mean,-10,4,1,0.28005505,4.0910,0.9826
timbrewm,5,84,english:196,0,fwp,-10,4,1,0.11270905,2.1477,0.8728
timbrewm,5,84,english:196,0,mean,10,4,1,0.25161362,4.2919,0.9828
timbrewm,5,84,english:196,0,fwp,10,4,1,0.11545849,2.1449,0.8775
timbrewm,5,84,english:196,0,mean,-20,4,1,0.37650824,3.1354,0.9792
timbrewm,5,84,english:196,0,fwp,-20,4,1,0.12200546,1.6417,0.8338
timbrewm,5,84,english:196,0,mean,20,4,1,0.31910372,3.6125,0.9798
timbrewm,5,84,english:196,0,fwp,20,4,1,0.11636448,1.6407,0.8385
timbrewm,5,84,english:196,0,mean,-50,4,1,0.36027431,2.1917,0.9753
timbrewm,5,84,english:196,0,fwp,-50,4,1,0.03167534,1.2450,0.7677
timbrewm,5,84,english:196,0,mean,50,4,1,0.24320316,2.2496,0.9747
timbrewm,5,84,english:196,0,fwp,50,4,1,0.15404892,1.2493,0.7675
timbrewm,5,85,english:1963,0,mean,0,-1,1,0.04454994,4.6059,0.9998
timbrewm,5,85,english:1963,0,fwp,0,-1,1,0.18567562,4.5032,0.9997
timbrewm,5,85,english:1963,0,mean,-10,0,0,-0.00141859,4.2593,0.9864
timbrewm,5,85,english:1963,0,fwp,-10,0,1,0.03314924,2.4905,0.8835
timbrewm,5,85,english:1963,0,mean,10,0,1,0.01370573,4.4009,0.9862
timbrewm,5,85,english:1963,0,fwp,10,0,0,-0.02211761,2.4955,0.8881
timbrewm,5,85,english:1963,0,mean,-20,0,1,0.00917339,3.4191,0.9790
timbrewm,5,85,english:1963,0,fwp,-20,0,1,0.09826994,2.0731,0.8336
timbrewm,5,85,english:1963,0,mean,20,0,1,0.03120136,3.8418,0.9785
timbrewm,5,85,english:1963,0,fwp,20,0,1,0.00624228,2.0736,0.8293
timbrewm,5,85,english:1963,0,mean,-50,0,1,0.01339054,2.3453,0.9745
timbrewm,5,85,english:1963,0,fwp,-50,0,0,-0.00587416,1.4493,0.7784
timbrewm,5,85,english:1963,0,mean,50,0,1,0.09185600,2.6087,0.9714
timbrewm,5,85,english:1963,0,fwp,50,0,1,0.00978565,1.4575,0.7577
timbrewm,5,86,english:1970,0,mean,0,-1,1,0.34770298,4.5943,0.9963
timbrewm,5,86,english:1970,0,fwp,0,-1,0,-0.04306316,4.5352,0.9936
timbrewm,5,86,english:1970,0,mean,-10,1,1,0.08470058,4.0080,0.9775
timbrewm,5,86,english:1970,0,fwp,-10,1,0,-0.07843685,2.4171,0.8548
timbrewm,5,86,english:1970,0,mean,10,1,1,0.08334541,4.3029,0.9777
timbrewm,5,86,english:1970,0,fwp,10,1,0,-0.08352947,2.4661,0.8508
timbrewm,5,86,english:1970,0,mean,-20,1,1,0.10634613,3.2127,0.9721
timbrewm,5,86,english:1970,0,fwp,-20,1,0,-0.07912254,1.9535,0.8061
timbrewm,5,86,english:1970,0,mean,20,1,1,0.09240437,3.8506,0.9726
timbrewm,5,86,english:1970,0,fwp,20,1,0,-0.11689091,1.9485,0.8026
timbrewm,5,86,english:1970,0,mean,-50,1,1,0.14756775,2.4038,0.9643
timbrewm,5,86,english:1970,0,fwp,-50,1,0,-0.05273151,1.4385,0.7529
timbrewm,5,86,english:1970,0,mean,50,1,1,0.02884865,2.8849,0.9655
timbrewm,5,86,english:1970,0,fwp,50,1,0,-0.11704922,1.4456,0.7366
timbrewm,5,87,english:198,0,mean,0,-1,1,0.16984558,4.5876,0.9969
timbrewm,5,87,english:198,0,fwp,0,-1,1,0.13760567,4.4880,0.9936
timbrewm,5,87,english:198,0,mean,-10,2,1,0.11431408,3.9874,0.9859
timbrewm,5,87,english:198,0,fwp,-10,2,1,0.21266794,2.4337,0.8933
timbrewm,5,87,english:198,0,mean,10,2,1,0.10521698,4.2988,0.9859
timbrewm,5,87,english:198,0,fwp,10,2,1,0.07477808,2.4205,0.8933
timbrewm,5,87,english:198,0,mean,-20,2,1,0.05418587,3.1450,0.9811
timbrewm,5,87,english:198,0,fwp,-20,2,1,0.14661646,1.6214,0.8376
timbrewm,5,87,english:198,0,mean,20,2,1,0.03436279,3.4489,0.9814
timbrewm,5,87,english:198,0,fwp,20,2,1,0.11163187,1.6561,0.8417
timbrewm,5,87,english:198,0,mean,-50,2,1,0.15610838,2.2391,0.9739
timbrewm,5,87,english:198,0,fwp,-50,2,0,-0.00018024,1.2950,0.7804
timbrewm,5,87,english:198,0,mean,50,2,1,0.07234621,2.2580,0.9742
timbrewm,5,87,english:198,0,fwp,50,2,1,0.04216051,1.3004,0.7708
timbrewm,5,88,english:1992,0,mean,0,-1,1,0.39365387,4.4888,0.9950
timbrewm,5,88,english:1992,0,fwp,0,-1,1,0.35655832,4.5746,0.9966
timbrewm,5,88,english:1992,0,mean,-10,3,1,0.38153267,3.8937,0.9820
timbrewm,5,88,english:1992,0,fwp,-10,3,1,0.34817982,1.9648,0.8732
timbrewm,5,88,english:1992,0,mean,10,3,1,0.36701012,4.1132,0.9825
timbrewm,5,88,english:1992,0,fwp,10,3,1,0.30328035,1.9576,0.8763
timbrewm,5,88,english:1992,0,mean,-20,3,1,0.40603685,2.8975,0.9775
timbrewm,5,88,english:1992,0,fwp,-20,3,1,0.35430574,1.3879,0.8271
timbrewm,5,88,english:1992,0,mean,20,3,1,0.38629341,3.3646,0.9776
timbrewm,5,88,english:1992,0,fwp,20,3,1,0.22045565,1.3839,0.8245
timbrewm,5,88,english:1992,0,mean,-50,3,1,0.37958860,1.9042,0.9716
timbrewm,5,88,english:1992,0,fwp,-50,3,1,0.28627491,1.1376,0.7605
timbrewm,5,88,english:1992,0,mean,50,3,1,0.34613323,2.1479,0.9692
timbrewm,5,88,english:1992,0,fwp,50,3,1,0.21350765,1.1338,0.7408
timbrewm,5,89,english:200,0,mean,0,-1,0,-0.06691217,4.5321,0.9967
timbrewm,5,89,english:200,0,fwp,0,-1,1,0.25282335,4.5519,0.9975
timbrewm,5,89,english:200,0,mean,-10,4,0,-0.07038260,3.9863,0.9837
timbrewm,5,89,english:200,0,fwp,-10,4,1,0.25485468,1.8390,0.8812
timbrewm,5,89,english:200,0,mean,10,4,0,-0.06719923,4.0594,0.9834
timbrewm,5,89,english:200,0,fwp,10,4,1,0.22533178,1.7899,0.8818
timbrewm,5,89,english:200,0,mean,-20,4,0,-0.08227253,2.8054,0.9811
timbrewm,5,89,english:200,0,fwp,-20,4,1,0.07644606,1.4045,0.8383
timbrewm,5,89,english:200,0,mean,20,4,0,-0.05295753,3.1369,0.9807
timbrewm,5,89,english:200,0,fwp,20,4,1,0.27812099,1.4328,0.8331
timbrewm,5,89,english:200,0,mean,-50,4,0,-0.14900160,1.8250,0.9759
timbrewm,5,89,english:200,0,fwp,-50,4,0,-0.04689837,1.1536,0.7654
timbrewm,5,89,english:200,0,mean,50,4,0,-0.10130501,1.8709,0.9761
timbrewm,5,89,english:200,0,fwp,50,4,1,0.18044090,1.1575,0.7673
timbrewm,5,90,english:2002,0,mean,0,-1,0,-0.02660227,4.6119,0.9991
timbrewm,5,90,english:2002,0,fwp,0,-1,1,0.20824337,4.5563,0.9984
timbrewm,5,90,english:2002,0,mean,-10,0,1,0.20251322,4.0859,0.9852
timbrewm,5,90,english:2002,0,fwp,-10,0,1,0.16745710,2.0449,0.8665
timbrewm,5,90,english:2002,0,mean,10,0,1,0.22374392,4.2877,0.9850
timbrewm,5,90,english:2002,0,fwp,10,0,1,0.09337902,2.0546,0.8664
timbrewm,5,90,english:2002,0,mean,-20,0,1,0.21096706,3.4122,0.9802
timbrewm,5,90,english:2002,0,fwp,-20,0,1,0.32902288,1.8510,0.8413
timbrewm,5,90,english:2002,0,mean,20,0,1,0.22740698,3.8739,0.9805
timbrewm,5,90,english:2002,0,fwp,20,0,1,0.11379766,1.8544,0.8357
timbrewm,5,90,english:2002,0,mean,-50,0,1,0.05226183,2.3527,0.9736
timbrewm,5,90,english:2002,0,fwp,-50,0,1,0.21677303,1.4064,0.7662
timbrewm,5,90,english:2002,0,mean,50,0,1,0.18211746,2.8339,0.9747
timbrewm,5,90,english:2002,0,fwp,50,0,1,0.18340874,1.4228,0.7483
timbrewm,5,91,english:2007,0,mean,0,-1,1,0.29779530,4.5876,0.9987
timbrewm,5,91,english:2007,0,fwp,0,-1,1,0.20262718,4.5663,0.9981
timbrewm,5,91,english:2007,0,mean,-10,1,1,0.13146162,4.1521,0.9865
timbrewm,5,91,english:2007,0,fwp,-10,1,1,0.15074968,2.5619,0.8955
timbrewm,5,91,english:2007,0,mean,10,1,1,0.12050247,4.2975,0.9868
timbrewm,5,91,english:2007,0,fwp,10,1,1,0.13287067,2.6188,0.8975
timbrewm,5,91,english:2007,0,mean,-20,1,1,0.23512459,3.2612,0.9830
timbrewm,5,91,english:2007,0,fwp,-20,1,0,-0.09446287,1.8709,0.8593
timbrewm,5,91,english:2007,0,mean,20,1,1,0.19383860,3.5033,0.9828
timbrewm,5,91,english:2007,0,fwp,20,1,1,0.10429811,1.8800,0.8497
timbrewm,5,91,english:2007,0,mean,-50,1,1,0.27470875,2.1871,0.9750
timbrewm,5,91,english:2007,0,fwp,-50,1,1,0.08103752,1.3133,0.7972
timbrewm,5,91,english:2007,0,mean,50,1,1,0.18632460,2.4186,0.9765
timbrewm,5,91,english:2007,0,fwp,50,1,1,0.00612259,1.2968,0.7882
timbrewm,5,92,english:201,0,mean,0,-1,1,0.46536922,4.6041,0.9991
timbrewm,5,92,english:201,0,fwp,0,-1,1,0.38556242,4.5677,0.9986
timbrewm,5,92,english:201,0,mean,-10,2,1,0.38514185,4.1441,0.9844
timbrewm,5,92,english:201,0,fwp,-10,2,1,0.42843056,2.2358,0.8752
timbrewm,5,92,english:201,0,mean,10,2,1,0.32905531,4.2750,0.9843
timbrewm,5,92,english:201,0,fwp,10,2,1,0.27257872,2.2317,0.8798
timbrewm,5,92,english:201,0,mean,-20,2,1,0.54614401,3.2870,0.9821
timbrewm,5,92,english:201,0,fwp,-20,2,1,0.25397587,1.7859,0.8513
timbrewm,5,92,english:201,0,mean,20,2,1,0.50122404,3.5308,0.9823
timbrewm,5,92,english:201,0,fwp,20,2,1,0.14303160,1.7789,0.8514
timbrewm,5,92,english:201,0,mean,-50,2,1,0.41514540,2.3069,0.9770
timbrewm,5,92,english:201,0,fwp,-50,2,1,0.14583445,1.3358,0.7817
timbrewm,5,92,english:201,0,mean,50,2,1,0.43298054,2.5452,0.9737
timbrewm,5,92,english:201,0,fwp,50,2,1,0.06025410,1.3546,0.7635
timbrewm,5,93,english:2092,0,mean,0,-1,1,0.21666670,4.5275,0.9910
timbrewm,5,93,english:2092,0,fwp,0,-1,1,0.12096643,4.4108,0.9836
timbrewm,5,93,english:2092,0,mean,-10,3,1,0.13569164,3.9786,0.9762
timbrewm,5,93,english:2092,0,fwp,-10,3,1,0.13591671,2.4818,0.8628
timbrewm,5,93,english:2092,0,mean,10,3,1,0.12738132,4.3100,0.9765
timbrewm,5,93,english:2092,0,fwp,10,3,1,0.04004431,2.3940,0.8563
timbrewm,5,93,english:2092,0,mean,-20,3,1,0.14248419,3.3490,0.9711
timbrewm,5,93,english:2092,0,fwp,-20,3,1,0.01245356,1.9004,0.8001
timbrewm,5,93,english:2092,0,mean,20,3,1,0.14820147,3.9082,0.9706
timbrewm,5,93,english:2092,0,fwp,20,3,1,0.16883421,1.8921,0.7968
timbrewm,5,93,english:2092,0,mean,-50,3,1,0.18759108,2.7127,0.9650
timbrewm,5,93,english:2092,0,fwp,-50,3,0,-0.05813360,1.5406,0.7564
timbrewm,5,93,english:2092,0,mean,50,3,1,0.18349552,2.8639,0.9639
timbrewm,5,93,english:2092,0,fwp,50,3,1,0.07817650,1.5481,0.7392
timbrewm,5,94,english:211,0,mean,0,-1,1,0.04156876,4.5639,0.9969
timbrewm,5,94,english:211,0,fwp,0,-1,1,0.21364498,4.5166,0.9978
timbrewm,5,94,english:211,0,mean,-10,4,1,0.25281572,4.1601,0.9844
timbrewm,5,94,english:211,0,fwp,-10,4,1,0.17918253,2.5891,0.8840
timbrewm,5,94,english:211,0,mean,10,4,1,0.24646044,4.3628,0.9839
timbrewm,5,94,english:211,0,fwp,10,4,1,0.18695641,2.4593,0.8869
timbrewm,5,94,english:211,0,mean,-20,4,1,0.20658493,3.2284,0.9780
timbrewm,5,94,english:211,0,fwp,-20,4,1,0.18806934,1.6655,0.8349
timbrewm,5,94,english:211,0,mean,20,4,1,0.20777130,3.6195,0.9790
timbrewm,5,94,english:211,0,fwp,20,4,1,0.15134716,1.6337,0.8372
timbrewm,5,94,english:211,0,mean,-50,4,1,0.16232014,2.1836,0.9687
timbrewm,5,94,english:211,0,fwp,-50,4,1,0.24678755,1.2419,0.7631
timbrewm,5,94,english:211,0,mean,50,4,1,0.15980005,2.3719,0.9708
timbrewm,5,94,english:211,0,fwp,50,4,1,0.17886591,1.2527,0.7598
timbrewm,5,95,english:2136,0,mean,0,-1,1,0.14513493,4.5008,0.9991
timbrewm,5,95,english:2136,0,fwp,0,-1,1,0.06011486,4.3463,0.9982
timbrewm,5,95,english:2136,0,mean,-10,0,1,0.04401970,3.9537,0.9820
timbrewm,5,95,english:2136,0,fwp,-10,0,1,0.25402832,2.2222,0.8833
timbrewm,5,95,english:2136,0,mean,10,0,1,0.04073954,4.2481,0.9816
timbrewm,5,95,english:2136,0,fwp,10,0,1,0.27713442,2.5048,0.8891
timbrewm,5,95,english:2136,0,mean,-20,0,1,0.09030199,3.0982,0.9751
timbrewm,5,95,english:2136,0,fwp,-20,0,1,0.32258177,1.6345,0.8174
timbrewm,5,95,english:2136,0,mean,20,0,1,0.05782843,3.7562,0.9752
timbrewm,5,95,english:2136,0,fwp,20,0,1,0.20348740,1.6354,0.8215
timbrewm,5,95,english:2136,0,mean,-50,0,1,0.03749180,2.2422,0.9691
timbrewm,5,95,english:2136,0,fwp,-50,0,1,0.23889399,1.3106,0.7508
timbrewm,5,95,english:2136,0,mean,50,0,1,0.08487320,2.7801,0.9670
timbrewm,5,95,english:2136,0,fwp,50,0,1,0.13729334,1.3145,0.7310
timbrewm,5,96,english:2159,0,mean,0,-1,1,0.47162962,4.5898,0.9980
timbrewm,5,96,english:2159,0,fwp,0,-1,1,0.18152475,4.5229,0.9961
timbrewm,5,96,english:2159,0,mean,-10,1,1,0.34035778,4.0774,0.9841
timbrewm,5,96,english:2159,0,fwp,-10,1,0,-0.01657295,2.2519,0.8820
timbrewm,5,96,english:2159,0,mean,10,1,1,0.31944275,4.2240,0.9836
timbrewm,5,96,english:2159,0,fwp,10,1,0,-0.04464865,2.2093,0.8789
timbrewm,5,96,english:2159,0,mean,-20,1,1,0.29838371,3.2251,0.9788
timbrewm,5,96,english:2159,0,fwp,-20,1,1,0.21788311,1.6237,0.8383
timbrewm,5,96,english:2159,0,mean,20,1,1,0.29109287,3.4724,0.9796
timbrewm,5,96,english:2159,0,fwp,20,1,0,-0.08696842,1.6645,0.8372
timbrewm,5,96,english:2159,0,mean,-50,1,1,0.44563007,2.1558,0.9706
timbrewm,5,96,english:2159,0,fwp,-50,1,1,0.27815676,1.2200,0.7784
timbrewm,5,96,english:2159,0,mean,50,1,1,0.42289019,2.2208,0.9737
timbrewm,5,96,english:2159,0,fwp,50,1,1,0.07250214,1.2413,0.7730
timbrewm,5,97,english:2182,0,mean,0,-1,1,0.23731422,4.5710,0.9970
timbrewm,5,97,english:2182,0,fwp,0,-1,1,0.25146008,4.5316,0.9965
timbrewm,5,97,english:2182,0,mean,-10,2,1,0.18001080,4.0101,0.9844
timbrewm,5,97,english:2182,0,fwp,-10,2,0,-0.05970764,1.9875,0.8656
timbrewm,5,97,english:2182,0,mean,10,2,1,0.17100477,4.2510,0.9843
timbrewm,5,97,english:2182,0,fwp,10,2,1,0.07018423,1.9930,0.8743
timbrewm,5,97,english:2182,0,mean,-20,2,1,0.17673445,3.0420,0.9795
timbrewm,5,97,english:2182,0,fwp,-20,2,1,0.14809227,1.6435,0.8353
timbrewm,5,97,english:2182,0,mean,20,2,1,0.14552593,3.5323,0.9802
timbrewm,5,97,english:2182,0,fwp,20,2,0,-0.00022984,1.6367,0.8374
timbrewm,5,97,english:2182,0,mean,-50,2,1,0.30569839,2.0222,0.9702
timbrewm,5,97,english:2182,0,fwp,-50,2,1,0.19811487,1.2009,0.7692
timbrewm,5,97,english:2182,0,mean,50,2,1,0.25487852,2.2548,0.9755
timbrewm,5,97,english:2182,0,fwp,50,2,1,0.03766680,1.1987,0.7796
timbrewm,5,98,english:2196,0,mean,0,-1,1,0.07947731,4.5896,0.9978
timbrewm,5,98,english:2196,0,fwp,0,-1,1,0.15906763,4.4996,0.9962
timbrewm,5,98,english:2196,0,mean,-10,3,0,-0.03469753,4.1252,0.9863
timbrewm,5,98,english:2196,0,fwp,-10,3,1,0.26922131,2.4046,0.8899
timbrewm,5,98,english:2196,0,mean,10,3,0,-0.04650021,4.3844,0.9860
timbrewm,5,98,english:2196,0,fwp,10,3,1,0.07961798,2.4627,0.8907
timbrewm,5,98,english:2196,0,mean,-20,3,1,0.00893402,3.2704,0.9823
timbrewm,5,98,english:2196,0,fwp,-20,3,1,0.20012760,1.8906,0.8475
timbrewm,5,98,english:2196,0,mean,20,3,0,-0.04773998,3.8710,0.9814
timbrewm,5,98,english:2196,0,fwp,20,3,0,-0.05165005,1.9504,0.8382
timbrewm,5,98,english:2196,0,mean,-50,3,1,0.07065487,2.4417,0.9770
timbrewm,5,98,english:2196,0,fwp,-50,3,1,0.24850845,1.3573,0.7848
timbrewm,5,98,english:2196,0,mean,50,3,0,-0.07638597,2.7677,0.9741
timbrewm,5,98,english:2196,0,fwp,50,3,0,-0.05730438,1.3587,0.7750
timbrewm,5,99,english:226,0,mean,0,-1,1,0.72745466,4.5420,0.9901
timbrewm,5,99,english:226,0,fwp,0,-1,1,0.14637995,4.4232,0.9832
timbrewm,5,99,english:226,0,mean,-10,4,1,0.73480701,4.1169,0.9711
timbrewm,5,99,english:226,0,fwp,-10,4,1,0.01200628,2.6428,0.8150
timbrewm,5,99,english:226,0,mean,10,4,1,0.73108149,4.3732,0.9716
timbrewm,5,99,english:226,0,fwp,10,4,1,0.00310421,2.6429,0.8218
timbrewm,5,99,english:226,0,mean,-20,4,1,0.74509621,3.2996,0.9650
timbrewm,5,99,english:226,0,fwp,-20,4,1,0.30391550,1.8804,0.7702
timbrewm,5,99,english:226,0,mean,20,4,1,0.70805836,3.6169,0.9664
timbrewm,5,99,english:226,0,fwp,20,4,1,0.32393885,1.8958,0.7633
timbrewm,5,99,english:226,0,mean,-50,4,1,0.62809324,2.4484,0.9568
timbrewm,5,99,english:226,0,fwp,-50,4,1,0.23747253,1.3715,0.7219
timbrewm,5,99,english:226,0,mean,50,4,1,0.60058880,2.7874,0.9585
timbrewm,5,99,english:226,0,fwp,50,4,1,0.24875259,1.3398,0.7042
