model,K,spk,local_t,eps,r0,ASR
wavmark,3,chinese:SSB0005,0,0.0,0.05,1
wavmark,3,chinese:SSB0005,0,0.0,0.1,1
wavmark,3,chinese:SSB0005,0,0.0,0.3,1
wavmark,3,chinese:SSB0005,0,0.001,0.05,1
wavmark,3,chinese:SSB0005,0,0.001,0.1,1
wavmark,3,chinese:SSB0005,0,0.001,0.3,1
wavmark,3,chinese:SSB0005,0,0.01,0.05,1
wavmark,3,chinese:SSB0005,0,0.01,0.1,1
wavmark,3,chinese:SSB0005,0,0.01,0.3,1
wavmark,3,chinese:SSB0005,0,0.05,0.05,1
wavmark,3,chinese:SSB0005,0,0.05,0.1,1
wavmark,3,chinese:SSB0005,0,0.05,0.3,1
wavmark,3,chinese:SSB0009,0,0.0,0.05,1
wavmark,3,chinese:SSB0009,0,0.0,0.1,1
wavmark,3,chinese:SSB0009,0,0.0,0.3,1
wavmark,3,chinese:SSB0009,0,0.001,0.05,1
wavmark,3,chinese:SSB0009,0,0.001,0.1,1
wavmark,3,chinese:SSB0009,0,0.001,0.3,1
wavmark,3,chinese:SSB0009,0,0.01,0.05,1
wavmark,3,chinese:SSB0009,0,0.01,0.1,1
wavmark,3,chinese:SSB0009,0,0.01,0.3,1
wavmark,3,chinese:SSB0009,0,0.05,0.05,1
wavmark,3,chinese:SSB0009,0,0.05,0.1,1
wavmark,3,chinese:SSB0009,0,0.05,0.3,1
wavmark,3,chinese:SSB0011,0,0.0,0.05,1
wavmark,3,chinese:SSB0011,0,0.0,0.1,1
wavmark,3,chinese:SSB0011,0,0.0,0.3,1
wavmark,3,chinese:SSB0011,0,0.001,0.05,1
wavmark,3,chinese:SSB0011,0,0.001,0.1,1
wavmark,3,chinese:SSB0011,0,0.001,0.3,1
wavmark,3,chinese:SSB0011,0,0.01,0.05,1
wavmark,3,chinese:SSB0011,0,0.01,0.1,1
wavmark,3,chinese:SSB0011,0,0.01,0.3,1
wavmark,3,chinese:SSB0011,0,0.05,0.05,1
wavmark,3,chinese:SSB0011,0,0.05,0.1,1
wavmark,3,chinese:SSB0011,0,0.05,0.3,1
wavmark,3,chinese:SSB0012,0,0.0,0.05,1
wavmark,3,chinese:SSB0012,0,0.0,0.1,1
wavmark,3,chinese:SSB0012,0,0.0,0.3,1
wavmark,3,chinese:SSB0012,0,0.001,0.05,1
wavmark,3,chinese:SSB0012,0,0.001,0.1,1
wavmark,3,chinese:SSB0012,0,0.001,0.3,1
wavmark,3,chinese:SSB0012,0,0.01,0.05,1
wavmark,3,chinese:SSB0012,0,0.01,0.1,1
wavmark,3,chinese:SSB0012,0,0.01,0.3,1
wavmark,3,chinese:SSB0012,0,0.05,0.05,1
wavmark,3,chinese:SSB0012,0,0.05,0.1,1
wavmark,3,chinese:SSB0012,0,0.05,0.3,1
wavmark,3,chinese:SSB0016,0,0.0,0.05,1
wavmark,3,chinese:SSB0016,0,0.0,0.1,1
wavmark,3,chinese:SSB0016,0,0.0,0.3,1
wavmark,3,chinese:SSB0016,0,0.001,0.05,1
wavmark,3,chinese:SSB0016,0,0.001,0.1,1
wavmark,3,chinese:SSB0016,0,0.001,0.3,1
wavmark,3,chinese:SSB0016,0,0.01,0.05,1
wavmark,3,chinese:SSB0016,0,0.01,0.1,1
wavmark,3,chinese:SSB0016,0,0.01,0.3,1
wavmark,3,chinese:SSB0016,0,0.05,0.05,1
wavmark,3,chinese:SSB0016,0,0.05,0.1,1
wavmark,3,chinese:SSB0016,0,0.05,0.3,1
wavmark,3,chinese:SSB0018,0,0.0,0.05,1
wavmark,3,chinese:SSB0018,0,0.0,0.1,1
wavmark,3,chinese:SSB0018,0,0.0,0.3,1
wavmark,3,chinese:SSB0018,0,0.001,0.05,1
wavmark,3,chinese:SSB0018,0,0.001,0.1,1
wavmark,3,chinese:SSB0018,0,0.001,0.3,1
wavmark,3,chinese:SSB0018,0,0.01,0.05,1
wavmark,3,chinese:SSB0018,0,0.01,0.1,1
wavmark,3,chinese:SSB0018,0,0.01,0.3,1
wavmark,3,chinese:SSB0018,0,0.05,0.05,1
wavmark,3,chinese:SSB0018,0,0.05,0.1,1
wavmark,3,chinese:SSB0018,0,0.05,0.3,1
wavmark,3,chinese:SSB0033,0,0.0,0.05,1
wavmark,3,chinese:SSB0033,0,0.0,0.1,1
wavmark,3,chinese:SSB0033,0,0.0,0.3,1
wavmark,3,chinese:SSB0033,0,0.001,0.05,1
wavmark,3,chinese:SSB0033,0,0.001,0.1,1
wavmark,3,chinese:SSB0033,0,0.001,0.3,1
wavmark,3,chinese:SSB0033,0,0.01,0.05,1
wavmark,3,chinese:SSB0033,0,0.01,0.1,1
wavmark,3,chinese:SSB0033,0,0.01,0.3,1
wavmark,3,chinese:SSB0033,0,0.05,0.05,1
wavmark,3,chinese:SSB0033,0,0.05,0.1,1
wavmark,3,chinese:SSB0033,0,0.05,0.3,1
wavmark,3,chinese:SSB0038,0,0.0,0.05,1
wavmark,3,chinese:SSB0038,0,0.0,0.1,1
wavmark,3,chinese:SSB0038,0,0.0,0.3,1
wavmark,3,chinese:SSB0038,0,0.001,0.05,1
wavmark,3,chinese:SSB0038,0,0.001,0.1,1
wavmark,3,chinese:SSB0038,0,0.001,0.3,1
wavmark,3,chinese:SSB0038,0,0.01,0.05,1
wavmark,3,chinese:SSB0038,0,0.01,0.1,1
wavmark,3,chinese:SSB0038,0,0.01,0.3,1
wavmark,3,chinese:SSB0038,0,0.05,0.05,1
wavmark,3,chinese:SSB0038,0,0.05,0.1,1
wavmark,3,chinese:SSB0038,0,0.05,0.3,1
wavmark,3,chinese:SSB0043,0,0.0,0.05,1
wavmark,3,chinese:SSB0043,0,0.0,0.1,1
wavmark,3,chinese:SSB0043,0,0.0,0.3,1
wavmark,3,chinese:SSB0043,0,0.001,0.05,1
wavmark,3,chinese:SSB0043,0,0.001,0.1,1
wavmark,3,chinese:SSB0043,0,0.001,0.3,1
wavmark,3,chinese:SSB0043,0,0.01,0.05,1
wavmark,3,chinese:SSB0043,0,0.01,0.1,1
wavmark,3,chinese:SSB0043,0,0.01,0.3,1
wavmark,3,chinese:SSB0043,0,0.05,0.05,1
wavmark,3,chinese:SSB0043,0,0.05,0.1,1
wavmark,3,chinese:SSB0043,0,0.05,0.3,1
wavmark,3,chinese:SSB0057,0,0.0,0.05,1
wavmark,3,chinese:SSB0057,0,0.0,0.1,1
wavmark,3,chinese:SSB0057,0,0.0,0.3,1
wavmark,3,chinese:SSB0057,0,0.001,0.05,1
wavmark,3,chinese:SSB0057,0,0.001,0.1,1
wavmark,3,chinese:SSB0057,0,0.001,0.3,1
wavmark,3,chinese:SSB0057,0,0.01,0.05,1
wavmark,3,chinese:SSB0057,0,0.01,0.1,1
wavmark,3,chinese:SSB0057,0,0.01,0.3,1
wavmark,3,chinese:SSB0057,0,0.05,0.05,1
wavmark,3,chinese:SSB0057,0,0.05,0.1,1
wavmark,3,chinese:SSB0057,0,0.05,0.3,1
wavmark,3,chinese:SSB0073,0,0.0,0.05,1
wavmark,3,chinese:SSB0073,0,0.0,0.1,1
wavmark,3,chinese:SSB0073,0,0.0,0.3,1
wavmark,3,chinese:SSB0073,0,0.001,0.05,1
wavmark,3,chinese:SSB0073,0,0.001,0.1,1
wavmark,3,chinese:SSB0073,0,0.001,0.3,1
wavmark,3,chinese:SSB0073,0,0.01,0.05,1
wavmark,3,chinese:SSB0073,0,0.01,0.1,1
wavmark,3,chinese:SSB0073,0,0.01,0.3,1
wavmark,3,chinese:SSB0073,0,0.05,0.05,1
wavmark,3,chinese:SSB0073,0,0.05,0.1,1
wavmark,3,chinese:SSB0073,0,0.05,0.3,1
wavmark,3,chinese:SSB0080,0,0.0,0.05,1
wavmark,3,chinese:SSB0080,0,0.0,0.1,1
wavmark,3,chinese:SSB0080,0,0.0,0.3,1
wavmark,3,chinese:SSB0080,0,0.001,0.05,1
wavmark,3,chinese:SSB0080,0,0.001,0.1,1
wavmark,3,chinese:SSB0080,0,0.001,0.3,1
wavmark,3,chinese:SSB0080,0,0.01,0.05,1
wavmark,3,chinese:SSB0080,0,0.01,0.1,1
wavmark,3,chinese:SSB0080,0,0.01,0.3,1
wavmark,3,chinese:SSB0080,0,0.05,0.05,1
wavmark,3,chinese:SSB0080,0,0.05,0.1,1
wavmark,3,chinese:SSB0080,0,0.05,0.3,1
wavmark,3,chinese:SSB0112,0,0.0,0.05,1
wavmark,3,chinese:SSB0112,0,0.0,0.1,1
wavmark,3,chinese:SSB0112,0,0.0,0.3,1
wavmark,3,chinese:SSB0112,0,0.001,0.05,1
wavmark,3,chinese:SSB0112,0,0.001,0.1,1
wavmark,3,chinese:SSB0112,0,0.001,0.3,1
wavmark,3,chinese:SSB0112,0,0.01,0.05,1
wavmark,3,chinese:SSB0112,0,0.01,0.1,1
wavmark,3,chinese:SSB0112,0,0.01,0.3,1
wavmark,3,chinese:SSB0112,0,0.05,0.05,1
wavmark,3,chinese:SSB0112,0,0.05,0.1,1
wavmark,3,chinese:SSB0112,0,0.05,0.3,1
wavmark,3,chinese:SSB0122,0,0.0,0.05,1
wavmark,3,chinese:SSB0122,0,0.0,0.1,1
wavmark,3,chinese:SSB0122,0,0.0,0.3,1
wavmark,3,chinese:SSB0122,0,0.001,0.05,1
wavmark,3,chinese:SSB0122,0,0.001,0.1,1
wavmark,3,chinese:SSB0122,0,0.001,0.3,1
wavmark,3,chinese:SSB0122,0,0.01,0.05,1
wavmark,3,chinese:SSB0122,0,0.01,0.1,1
wavmark,3,chinese:SSB0122,0,0.01,0.3,1
wavmark,3,chinese:SSB0122,0,0.05,0.05,1
wavmark,3,chinese:SSB0122,0,0.05,0.1,1
wavmark,3,chinese:SSB0122,0,0.05,0.3,1
wavmark,3,chinese:SSB0133,0,0.0,0.05,1
wavmark,3,chinese:SSB0133,0,0.0,0.1,1
wavmark,3,chinese:SSB0133,0,0.0,0.3,1
wavmark,3,chinese:SSB0133,0,0.001,0.05,1
wavmark,3,chinese:SSB0133,0,0.001,0.1,1
wavmark,3,chinese:SSB0133,0,0.001,0.3,1
wavmark,3,chinese:SSB0133,0,0.01,0.05,1
wavmark,3,chinese:SSB0133,0,0.01,0.1,1
wavmark,3,chinese:SSB0133,0,0.01,0.3,1
wavmark,3,chinese:SSB0133,0,0.05,0.05,1
wavmark,3,chinese:SSB0133,0,0.05,0.1,1
wavmark,3,chinese:SSB0133,0,0.05,0.3,1
wavmark,3,chinese:SSB0139,0,0.0,0.05,1
wavmark,3,chinese:SSB0139,0,0.0,0.1,1
wavmark,3,chinese:SSB0139,0,0.0,0.3,1
wavmark,3,chinese:SSB0139,0,0.001,0.05,1
wavmark,3,chinese:SSB0139,0,0.001,0.1,1
wavmark,3,chinese:SSB0139,0,0.001,0.3,1
wavmark,3,chinese:SSB0139,0,0.01,0.05,1
wavmark,3,chinese:SSB0139,0,0.01,0.1,1
wavmark,3,chinese:SSB0139,0,0.01,0.3,1
wavmark,3,chinese:SSB0139,0,0.05,0.05,1
wavmark,3,chinese:SSB0139,0,0.05,0.1,1
wavmark,3,chinese:SSB0139,0,0.05,0.3,1
wavmark,3,chinese:SSB0145,0,0.0,0.05,1
wavmark,3,chinese:SSB0145,0,0.0,0.1,1
wavmark,3,chinese:SSB0145,0,0.0,0.3,1
wavmark,3,chinese:SSB0145,0,0.001,0.05,1
wavmark,3,chinese:SSB0145,0,0.001,0.1,1
wavmark,3,chinese:SSB0145,0,0.001,0.3,1
wavmark,3,chinese:SSB0145,0,0.01,0.05,1
wavmark,3,chinese:SSB0145,0,0.01,0.1,1
wavmark,3,chinese:SSB0145,0,0.01,0.3,1
wavmark,3,chinese:SSB0145,0,0.05,0.05,1
wavmark,3,chinese:SSB0145,0,0.05,0.1,1
wavmark,3,chinese:SSB0145,0,0.05,0.3,1
wavmark,3,chinese:SSB0149,0,0.0,0.05,1
wavmark,3,chinese:SSB0149,0,0.0,0.1,1
wavmark,3,chinese:SSB0149,0,0.0,0.3,1
wavmark,3,chinese:SSB0149,0,0.001,0.05,1
wavmark,3,chinese:SSB0149,0,0.001,0.1,1
wavmark,3,chinese:SSB0149,0,0.001,0.3,1
wavmark,3,chinese:SSB0149,0,0.01,0.05,1
wavmark,3,chinese:SSB0149,0,0.01,0.1,1
wavmark,3,chinese:SSB0149,0,0.01,0.3,1
wavmark,3,chinese:SSB0149,0,0.05,0.05,1
wavmark,3,chinese:SSB0149,0,0.05,0.1,1
wavmark,3,chinese:SSB0149,0,0.05,0.3,1
wavmark,3,chinese:SSB0193,0,0.0,0.05,1
wavmark,3,chinese:SSB0193,0,0.0,0.1,1
wavmark,3,chinese:SSB0193,0,0.0,0.3,1
wavmark,3,chinese:SSB0193,0,0.001,0.05,1
wavmark,3,chinese:SSB0193,0,0.001,0.1,1
wavmark,3,chinese:SSB0193,0,0.001,0.3,1
wavmark,3,chinese:SSB0193,0,0.01,0.05,1
wavmark,3,chinese:SSB0193,0,0.01,0.1,1
wavmark,3,chinese:SSB0193,0,0.01,0.3,1
wavmark,3,chinese:SSB0193,0,0.05,0.05,1
wavmark,3,chinese:SSB0193,0,0.05,0.1,1
wavmark,3,chinese:SSB0193,0,0.05,0.3,1
wavmark,3,chinese:SSB0197,0,0.0,0.05,1
wavmark,3,chinese:SSB0197,0,0.0,0.1,1
wavmark,3,chinese:SSB0197,0,0.0,0.3,1
wavmark,3,chinese:SSB0197,0,0.001,0.05,1
wavmark,3,chinese:SSB0197,0,0.001,0.1,1
wavmark,3,chinese:SSB0197,0,0.001,0.3,1
wavmark,3,chinese:SSB0197,0,0.01,0.05,1
wavmark,3,chinese:SSB0197,0,0.01,0.1,1
wavmark,3,chinese:SSB0197,0,0.01,0.3,1
wavmark,3,chinese:SSB0197,0,0.05,0.05,1
wavmark,3,chinese:SSB0197,0,0.05,0.1,1
wavmark,3,chinese:SSB0197,0,0.05,0.3,1
wavmark,3,chinese:SSB0200,0,0.0,0.05,1
wavmark,3,chinese:SSB0200,0,0.0,0.1,1
wavmark,3,chinese:SSB0200,0,0.0,0.3,1
wavmark,3,chinese:SSB0200,0,0.001,0.05,1
wavmark,3,chinese:SSB0200,0,0.001,0.1,1
wavmark,3,chinese:SSB0200,0,0.001,0.3,1
wavmark,3,chinese:SSB0200,0,0.01,0.05,1
wavmark,3,chinese:SSB0200,0,0.01,0.1,1
wavmark,3,chinese:SSB0200,0,0.01,0.3,1
wavmark,3,chinese:SSB0200,0,0.05,0.05,1
wavmark,3,chinese:SSB0200,0,0.05,0.1,1
wavmark,3,chinese:SSB0200,0,0.05,0.3,1
wavmark,3,chinese:SSB0241,0,0.0,0.05,1
wavmark,3,chinese:SSB0241,0,0.0,0.1,1
wavmark,3,chinese:SSB0241,0,0.0,0.3,1
wavmark,3,chinese:SSB0241,0,0.001,0.05,1
wavmark,3,chinese:SSB0241,0,0.001,0.1,1
wavmark,3,chinese:SSB0241,0,0.001,0.3,1
wavmark,3,chinese:SSB0241,0,0.01,0.05,1
wavmark,3,chinese:SSB0241,0,0.01,0.1,1
wavmark,3,chinese:SSB0241,0,0.01,0.3,1
wavmark,3,chinese:SSB0241,0,0.05,0.05,1
wavmark,3,chinese:SSB0241,0,0.05,0.1,1
wavmark,3,chinese:SSB0241,0,0.05,0.3,1
wavmark,3,chinese:SSB0246,0,0.0,0.05,1
wavmark,3,chinese:SSB0246,0,0.0,0.1,1
wavmark,3,chinese:SSB0246,0,0.0,0.3,1
wavmark,3,chinese:SSB0246,0,0.001,0.05,1
wavmark,3,chinese:SSB0246,0,0.001,0.1,1
wavmark,3,chinese:SSB0246,0,0.001,0.3,1
wavmark,3,chinese:SSB0246,0,0.01,0.05,1
wavmark,3,chinese:SSB0246,0,0.01,0.1,1
wavmark,3,chinese:SSB0246,0,0.01,0.3,1
wavmark,3,chinese:SSB0246,0,0.05,0.05,1
wavmark,3,chinese:SSB0246,0,0.05,0.1,1
wavmark,3,chinese:SSB0246,0,0.05,0.3,1
wavmark,3,chinese:SSB0261,0,0.0,0.05,1
wavmark,3,chinese:SSB0261,0,0.0,0.1,1
wavmark,3,chinese:SSB0261,0,0.0,0.3,1
wavmark,3,chinese:SSB0261,0,0.001,0.05,1
wavmark,3,chinese:SSB0261,0,0.001,0.1,1
wavmark,3,chinese:SSB0261,0,0.001,0.3,1
wavmark,3,chinese:SSB0261,0,0.01,0.05,1
wavmark,3,chinese:SSB0261,0,0.01,0.1,1
wavmark,3,chinese:SSB0261,0,0.01,0.3,1
wavmark,3,chinese:SSB0261,0,0.05,0.05,1
wavmark,3,chinese:SSB0261,0,0.05,0.1,1
wavmark,3,chinese:SSB0261,0,0.05,0.3,1
wavmark,3,chinese:SSB0267,0,0.0,0.05,1
wavmark,3,chinese:SSB0267,0,0.0,0.1,1
wavmark,3,chinese:SSB0267,0,0.0,0.3,1
wavmark,3,chinese:SSB0267,0,0.001,0.05,1
wavmark,3,chinese:SSB0267,0,0.001,0.1,1
wavmark,3,chinese:SSB0267,0,0.001,0.3,1
wavmark,3,chinese:SSB0267,0,0.01,0.05,1
wavmark,3,chinese:SSB0267,0,0.01,0.1,1
wavmark,3,chinese:SSB0267,0,0.01,0.3,1
wavmark,3,chinese:SSB0267,0,0.05,0.05,1
wavmark,3,chinese:SSB0267,0,0.05,0.1,1
wavmark,3,chinese:SSB0267,0,0.05,0.3,1
wavmark,3,chinese:SSB0273,0,0.0,0.05,1
wavmark,3,chinese:SSB0273,0,0.0,0.1,1
wavmark,3,chinese:SSB0273,0,0.0,0.3,1
wavmark,3,chinese:SSB0273,0,0.001,0.05,1
wavmark,3,chinese:SSB0273,0,0.001,0.1,1
wavmark,3,chinese:SSB0273,0,0.001,0.3,1
wavmark,3,chinese:SSB0273,0,0.01,0.05,1
wavmark,3,chinese:SSB0273,0,0.01,0.1,1
wavmark,3,chinese:SSB0273,0,0.01,0.3,1
wavmark,3,chinese:SSB0273,0,0.05,0.05,1
wavmark,3,chinese:SSB0273,0,0.05,0.1,1
wavmark,3,chinese:SSB0273,0,0.05,0.3,1
wavmark,3,chinese:SSB0287,0,0.0,0.05,1
wavmark,3,chinese:SSB0287,0,0.0,0.1,1
wavmark,3,chinese:SSB0287,0,0.0,0.3,1
wavmark,3,chinese:SSB0287,0,0.001,0.05,1
wavmark,3,chinese:SSB0287,0,0.001,0.1,1
wavmark,3,chinese:SSB0287,0,0.001,0.3,1
wavmark,3,chinese:SSB0287,0,0.01,0.05,1
wavmark,3,chinese:SSB0287,0,0.01,0.1,1
wavmark,3,chinese:SSB0287,0,0.01,0.3,1
wavmark,3,chinese:SSB0287,0,0.05,0.05,1
wavmark,3,chinese:SSB0287,0,0.05,0.1,1
wavmark,3,chinese:SSB0287,0,0.05,0.3,1
wavmark,3,chinese:SSB0288,0,0.0,0.05,1
wavmark,3,chinese:SSB0288,0,0.0,0.1,1
wavmark,3,chinese:SSB0288,0,0.0,0.3,1
wavmark,3,chinese:SSB0288,0,0.001,0.05,1
wavmark,3,chinese:SSB0288,0,0.001,0.1,1
wavmark,3,chinese:SSB0288,0,0.001,0.3,1
wavmark,3,chinese:SSB0288,0,0.01,0.05,1
wavmark,3,chinese:SSB0288,0,0.01,0.1,1
wavmark,3,chinese:SSB0288,0,0.01,0.3,1
wavmark,3,chinese:SSB0288,0,0.05,0.05,1
wavmark,3,chinese:SSB0288,0,0.05,0.1,1
wavmark,3,chinese:SSB0288,0,0.05,0.3,1
wavmark,3,chinese:SSB0299,0,0.0,0.05,1
wavmark,3,chinese:SSB0299,0,0.0,0.1,1
wavmark,3,chinese:SSB0299,0,0.0,0.3,1
wavmark,3,chinese:SSB0299,0,0.001,0.05,1
wavmark,3,chinese:SSB0299,0,0.001,0.1,1
wavmark,3,chinese:SSB0299,0,0.001,0.3,1
wavmark,3,chinese:SSB0299,0,0.01,0.05,1
wavmark,3,chinese:SSB0299,0,0.01,0.1,1
wavmark,3,chinese:SSB0299,0,0.01,0.3,1
wavmark,3,chinese:SSB0299,0,0.05,0.05,1
wavmark,3,chinese:SSB0299,0,0.05,0.1,1
wavmark,3,chinese:SSB0299,0,0.05,0.3,1
wavmark,3,chinese:SSB0307,0,0.0,0.05,1
wavmark,3,chinese:SSB0307,0,0.0,0.1,1
wavmark,3,chinese:SSB0307,0,0.0,0.3,1
wavmark,3,chinese:SSB0307,0,0.001,0.05,1
wavmark,3,chinese:SSB0307,0,0.001,0.1,1
wavmark,3,chinese:SSB0307,0,0.001,0.3,1
wavmark,3,chinese:SSB0307,0,0.01,0.05,1
wavmark,3,chinese:SSB0307,0,0.01,0.1,1
wavmark,3,chinese:SSB0307,0,0.01,0.3,1
wavmark,3,chinese:SSB0307,0,0.05,0.05,1
wavmark,3,chinese:SSB0307,0,0.05,0.1,1
wavmark,3,chinese:SSB0307,0,0.05,0.3,1
wavmark,3,chinese:SSB0309,0,0.0,0.05,1
wavmark,3,chinese:SSB0309,0,0.0,0.1,1
wavmark,3,chinese:SSB0309,0,0.0,0.3,1
wavmark,3,chinese:SSB0309,0,0.001,0.05,1
wavmark,3,chinese:SSB0309,0,0.001,0.1,1
wavmark,3,chinese:SSB0309,0,0.001,0.3,1
wavmark,3,chinese:SSB0309,0,0.01,0.05,1
wavmark,3,chinese:SSB0309,0,0.01,0.1,1
wavmark,3,chinese:SSB0309,0,0.01,0.3,1
wavmark,3,chinese:SSB0309,0,0.05,0.05,1
wavmark,3,chinese:SSB0309,0,0.05,0.1,1
wavmark,3,chinese:SSB0309,0,0.05,0.3,1
wavmark,3,chinese:SSB0315,0,0.0,0.05,1
wavmark,3,chinese:SSB0315,0,0.0,0.1,1
wavmark,3,chinese:SSB0315,0,0.0,0.3,1
wavmark,3,chinese:SSB0315,0,0.001,0.05,1
wavmark,3,chinese:SSB0315,0,0.001,0.1,1
wavmark,3,chinese:SSB0315,0,0.001,0.3,1
wavmark,3,chinese:SSB0315,0,0.01,0.05,1
wavmark,3,chinese:SSB0315,0,0.01,0.1,1
wavmark,3,chinese:SSB0315,0,0.01,0.3,1
wavmark,3,chinese:SSB0315,0,0.05,0.05,1
wavmark,3,chinese:SSB0315,0,0.05,0.1,1
wavmark,3,chinese:SSB0315,0,0.05,0.3,1
wavmark,3,chinese:SSB0316,0,0.0,0.05,1
wavmark,3,chinese:SSB0316,0,0.0,0.1,1
wavmark,3,chinese:SSB0316,0,0.0,0.3,1
wavmark,3,chinese:SSB0316,0,0.001,0.05,1
wavmark,3,chinese:SSB0316,0,0.001,0.1,1
wavmark,3,chinese:SSB0316,0,0.001,0.3,1
wavmark,3,chinese:SSB0316,0,0.01,0.05,1
wavmark,3,chinese:SSB0316,0,0.01,0.1,1
wavmark,3,chinese:SSB0316,0,0.01,0.3,1
wavmark,3,chinese:SSB0316,0,0.05,0.05,1
wavmark,3,chinese:SSB0316,0,0.05,0.1,1
wavmark,3,chinese:SSB0316,0,0.05,0.3,1
wavmark,3,chinese:SSB0323,0,0.0,0.05,1
wavmark,3,chinese:SSB0323,0,0.0,0.1,1
wavmark,3,chinese:SSB0323,0,0.0,0.3,1
wavmark,3,chinese:SSB0323,0,0.001,0.05,1
wavmark,3,chinese:SSB0323,0,0.001,0.1,1
wavmark,3,chinese:SSB0323,0,0.001,0.3,1
wavmark,3,chinese:SSB0323,0,0.01,0.05,1
wavmark,3,chinese:SSB0323,0,0.01,0.1,1
wavmark,3,chinese:SSB0323,0,0.01,0.3,1
wavmark,3,chinese:SSB0323,0,0.05,0.05,1
wavmark,3,chinese:SSB0323,0,0.05,0.1,1
wavmark,3,chinese:SSB0323,0,0.05,0.3,1
wavmark,3,chinese:SSB0338,0,0.0,0.05,1
wavmark,3,chinese:SSB0338,0,0.0,0.1,1
wavmark,3,chinese:SSB0338,0,0.0,0.3,1
wavmark,3,chinese:SSB0338,0,0.001,0.05,1
wavmark,3,chinese:SSB0338,0,0.001,0.1,1
wavmark,3,chinese:SSB0338,0,0.001,0.3,1
wavmark,3,chinese:SSB0338,0,0.01,0.05,1
wavmark,3,chinese:SSB0338,0,0.01,0.1,1
wavmark,3,chinese:SSB0338,0,0.01,0.3,1
wavmark,3,chinese:SSB0338,0,0.05,0.05,1
wavmark,3,chinese:SSB0338,0,0.05,0.1,1
wavmark,3,chinese:SSB0338,0,0.05,0.3,1
wavmark,3,chinese:SSB0339,0,0.0,0.05,1
wavmark,3,chinese:SSB0339,0,0.0,0.1,1
wavmark,3,chinese:SSB0339,0,0.0,0.3,1
wavmark,3,chinese:SSB0339,0,0.001,0.05,1
wavmark,3,chinese:SSB0339,0,0.001,0.1,1
wavmark,3,chinese:SSB0339,0,0.001,0.3,1
wavmark,3,chinese:SSB0339,0,0.01,0.05,1
wavmark,3,chinese:SSB0339,0,0.01,0.1,1
wavmark,3,chinese:SSB0339,0,0.01,0.3,1
wavmark,3,chinese:SSB0339,0,0.05,0.05,1
wavmark,3,chinese:SSB0339,0,0.05,0.1,1
wavmark,3,chinese:SSB0339,0,0.05,0.3,1
wavmark,3,chinese:SSB0341,0,0.0,0.05,1
wavmark,3,chinese:SSB0341,0,0.0,0.1,1
wavmark,3,chinese:SSB0341,0,0.0,0.3,1
wavmark,3,chinese:SSB0341,0,0.001,0.05,1
wavmark,3,chinese:SSB0341,0,0.001,0.1,1
wavmark,3,chinese:SSB0341,0,0.001,0.3,1
wavmark,3,chinese:SSB0341,0,0.01,0.05,1
wavmark,3,chinese:SSB0341,0,0.01,0.1,1
wavmark,3,chinese:SSB0341,0,0.01,0.3,1
wavmark,3,chinese:SSB0341,0,0.05,0.05,1
wavmark,3,chinese:SSB0341,0,0.05,0.1,1
wavmark,3,chinese:SSB0341,0,0.05,0.3,1
wavmark,3,chinese:SSB0342,0,0.0,0.05,1
wavmark,3,chinese:SSB0342,0,0.0,0.1,1
wavmark,3,chinese:SSB0342,0,0.0,0.3,1
wavmark,3,chinese:SSB0342,0,0.001,0.05,1
wavmark,3,chinese:SSB0342,0,0.001,0.1,1
wavmark,3,chinese:SSB0342,0,0.001,0.3,1
wavmark,3,chinese:SSB0342,0,0.01,0.05,1
wavmark,3,chinese:SSB0342,0,0.01,0.1,1
wavmark,3,chinese:SSB0342,0,0.01,0.3,1
wavmark,3,chinese:SSB0342,0,0.05,0.05,1
wavmark,3,chinese:SSB0342,0,0.05,0.1,1
wavmark,3,chinese:SSB0342,0,0.05,0.3,1
wavmark,3,chinese:SSB0354,0,0.0,0.05,1
wavmark,3,chinese:SSB0354,0,0.0,0.1,1
wavmark,3,chinese:SSB0354,0,0.0,0.3,1
wavmark,3,chinese:SSB0354,0,0.001,0.05,1
wavmark,3,chinese:SSB0354,0,0.001,0.1,1
wavmark,3,chinese:SSB0354,0,0.001,0.3,1
wavmark,3,chinese:SSB0354,0,0.01,0.05,1
wavmark,3,chinese:SSB0354,0,0.01,0.1,1
wavmark,3,chinese:SSB0354,0,0.01,0.3,1
wavmark,3,chinese:SSB0354,0,0.05,0.05,1
wavmark,3,chinese:SSB0354,0,0.05,0.1,1
wavmark,3,chinese:SSB0354,0,0.05,0.3,1
wavmark,3,chinese:SSB0366,0,0.0,0.05,1
wavmark,3,chinese:SSB0366,0,0.0,0.1,1
wavmark,3,chinese:SSB0366,0,0.0,0.3,1
wavmark,3,chinese:SSB0366,0,0.001,0.05,1
wavmark,3,chinese:SSB0366,0,0.001,0.1,0
wavmark,3,chinese:SSB0366,0,0.001,0.3,0
wavmark,3,chinese:SSB0366,0,0.01,0.05,1
wavmark,3,chinese:SSB0366,0,0.01,0.1,1
wavmark,3,chinese:SSB0366,0,0.01,0.3,1
wavmark,3,chinese:SSB0366,0,0.05,0.05,1
wavmark,3,chinese:SSB0366,0,0.05,0.1,1
wavmark,3,chinese:SSB0366,0,0.05,0.3,1
wavmark,3,chinese:SSB0375,0,0.0,0.05,1
wavmark,3,chinese:SSB0375,0,0.0,0.1,1
wavmark,3,chinese:SSB0375,0,0.0,0.3,1
wavmark,3,chinese:SSB0375,0,0.001,0.05,1
wavmark,3,chinese:SSB0375,0,0.001,0.1,1
wavmark,3,chinese:SSB0375,0,0.001,0.3,1
wavmark,3,chinese:SSB0375,0,0.01,0.05,1
wavmark,3,chinese:SSB0375,0,0.01,0.1,1
wavmark,3,chinese:SSB0375,0,0.01,0.3,1
wavmark,3,chinese:SSB0375,0,0.05,0.05,1
wavmark,3,chinese:SSB0375,0,0.05,0.1,1
wavmark,3,chinese:SSB0375,0,0.05,0.3,1
wavmark,3,chinese:SSB0379,0,0.0,0.05,1
wavmark,3,chinese:SSB0379,0,0.0,0.1,1
wavmark,3,chinese:SSB0379,0,0.0,0.3,1
wavmark,3,chinese:SSB0379,0,0.001,0.05,1
wavmark,3,chinese:SSB0379,0,0.001,0.1,1
wavmark,3,chinese:SSB0379,0,0.001,0.3,1
wavmark,3,chinese:SSB0379,0,0.01,0.05,1
wavmark,3,chinese:SSB0379,0,0.01,0.1,1
wavmark,3,chinese:SSB0379,0,0.01,0.3,1
wavmark,3,chinese:SSB0379,0,0.05,0.05,1
wavmark,3,chinese:SSB0379,0,0.05,0.1,1
wavmark,3,chinese:SSB0379,0,0.05,0.3,1
wavmark,3,chinese:SSB0380,0,0.0,0.05,1
wavmark,3,chinese:SSB0380,0,0.0,0.1,1
wavmark,3,chinese:SSB0380,0,0.0,0.3,1
wavmark,3,chinese:SSB0380,0,0.001,0.05,1
wavmark,3,chinese:SSB0380,0,0.001,0.1,1
wavmark,3,chinese:SSB0380,0,0.001,0.3,1
wavmark,3,chinese:SSB0380,0,0.01,0.05,1
wavmark,3,chinese:SSB0380,0,0.01,0.1,1
wavmark,3,chinese:SSB0380,0,0.01,0.3,1
wavmark,3,chinese:SSB0380,0,0.05,0.05,1
wavmark,3,chinese:SSB0380,0,0.05,0.1,1
wavmark,3,chinese:SSB0380,0,0.05,0.3,1
wavmark,3,chinese:SSB0382,0,0.0,0.05,1
wavmark,3,chinese:SSB0382,0,0.0,0.1,1
wavmark,3,chinese:SSB0382,0,0.0,0.3,1
wavmark,3,chinese:SSB0382,0,0.001,0.05,1
wavmark,3,chinese:SSB0382,0,0.001,0.1,1
wavmark,3,chinese:SSB0382,0,0.001,0.3,1
wavmark,3,chinese:SSB0382,0,0.01,0.05,1
wavmark,3,chinese:SSB0382,0,0.01,0.1,1
wavmark,3,chinese:SSB0382,0,0.01,0.3,1
wavmark,3,chinese:SSB0382,0,0.05,0.05,1
wavmark,3,chinese:SSB0382,0,0.05,0.1,1
wavmark,3,chinese:SSB0382,0,0.05,0.3,1
wavmark,3,chinese:SSB0385,0,0.0,0.05,1
wavmark,3,chinese:SSB0385,0,0.0,0.1,1
wavmark,3,chinese:SSB0385,0,0.0,0.3,1
wavmark,3,chinese:SSB0385,0,0.001,0.05,1
wavmark,3,chinese:SSB0385,0,0.001,0.1,1
wavmark,3,chinese:SSB0385,0,0.001,0.3,1
wavmark,3,chinese:SSB0385,0,0.01,0.05,1
wavmark,3,chinese:SSB0385,0,0.01,0.1,1
wavmark,3,chinese:SSB0385,0,0.01,0.3,1
wavmark,3,chinese:SSB0385,0,0.05,0.05,1
wavmark,3,chinese:SSB0385,0,0.05,0.1,1
wavmark,3,chinese:SSB0385,0,0.05,0.3,1
wavmark,3,chinese:SSB0393,0,0.0,0.05,1
wavmark,3,chinese:SSB0393,0,0.0,0.1,1
wavmark,3,chinese:SSB0393,0,0.0,0.3,1
wavmark,3,chinese:SSB0393,0,0.001,0.05,1
wavmark,3,chinese:SSB0393,0,0.001,0.1,1
wavmark,3,chinese:SSB0393,0,0.001,0.3,1
wavmark,3,chinese:SSB0393,0,0.01,0.05,1
wavmark,3,chinese:SSB0393,0,0.01,0.1,1
wavmark,3,chinese:SSB0393,0,0.01,0.3,1
wavmark,3,chinese:SSB0393,0,0.05,0.05,1
wavmark,3,chinese:SSB0393,0,0.05,0.1,1
wavmark,3,chinese:SSB0393,0,0.05,0.3,1
wavmark,3,chinese:SSB0394,0,0.0,0.05,1
wavmark,3,chinese:SSB0394,0,0.0,0.1,1
wavmark,3,chinese:SSB0394,0,0.0,0.3,1
wavmark,3,chinese:SSB0394,0,0.001,0.05,1
wavmark,3,chinese:SSB0394,0,0.001,0.1,1
wavmark,3,chinese:SSB0394,0,0.001,0.3,1
wavmark,3,chinese:SSB0394,0,0.01,0.05,1
wavmark,3,chinese:SSB0394,0,0.01,0.1,1
wavmark,3,chinese:SSB0394,0,0.01,0.3,1
wavmark,3,chinese:SSB0394,0,0.05,0.05,1
wavmark,3,chinese:SSB0394,0,0.05,0.1,1
wavmark,3,chinese:SSB0394,0,0.05,0.3,1
wavmark,3,chinese:SSB0395,0,0.0,0.05,1
wavmark,3,chinese:SSB0395,0,0.0,0.1,1
wavmark,3,chinese:SSB0395,0,0.0,0.3,1
wavmark,3,chinese:SSB0395,0,0.001,0.05,1
wavmark,3,chinese:SSB0395,0,0.001,0.1,1
wavmark,3,chinese:SSB0395,0,0.001,0.3,1
wavmark,3,chinese:SSB0395,0,0.01,0.05,1
wavmark,3,chinese:SSB0395,0,0.01,0.1,1
wavmark,3,chinese:SSB0395,0,0.01,0.3,1
wavmark,3,chinese:SSB0395,0,0.05,0.05,1
wavmark,3,chinese:SSB0395,0,0.05,0.1,1
wavmark,3,chinese:SSB0395,0,0.05,0.3,1
wavmark,3,chinese:SSB0407,0,0.0,0.05,1
wavmark,3,chinese:SSB0407,0,0.0,0.1,1
wavmark,3,chinese:SSB0407,0,0.0,0.3,1
wavmark,3,chinese:SSB0407,0,0.001,0.05,1
wavmark,3,chinese:SSB0407,0,0.001,0.1,1
wavmark,3,chinese:SSB0407,0,0.001,0.3,1
wavmark,3,chinese:SSB0407,0,0.01,0.05,1
wavmark,3,chinese:SSB0407,0,0.01,0.1,1
wavmark,3,chinese:SSB0407,0,0.01,0.3,1
wavmark,3,chinese:SSB0407,0,0.05,0.05,1
wavmark,3,chinese:SSB0407,0,0.05,0.1,1
wavmark,3,chinese:SSB0407,0,0.05,0.3,1
wavmark,3,chinese:SSB0415,0,0.0,0.05,1
wavmark,3,chinese:SSB0415,0,0.0,0.1,1
wavmark,3,chinese:SSB0415,0,0.0,0.3,1
wavmark,3,chinese:SSB0415,0,0.001,0.05,1
wavmark,3,chinese:SSB0415,0,0.001,0.1,1
wavmark,3,chinese:SSB0415,0,0.001,0.3,1
wavmark,3,chinese:SSB0415,0,0.01,0.05,1
wavmark,3,chinese:SSB0415,0,0.01,0.1,1
wavmark,3,chinese:SSB0415,0,0.01,0.3,1
wavmark,3,chinese:SSB0415,0,0.05,0.05,1
wavmark,3,chinese:SSB0415,0,0.05,0.1,1
wavmark,3,chinese:SSB0415,0,0.05,0.3,1
