model,K,spk,local_t,gi,method,ASR,R3_escape,R5_escape,ACC_near,ACC_near_norm,AggResid,PESQ,STOI,SI_SDR
wavmark,5,121,0,0,pgr,1,1,1,12,0.7500,0.116309,4.5152,1.0000,41.47
wavmark,5,121,1,1,pgr,1,1,1,12,0.7500,0.105268,4.5112,1.0000,40.92
wavmark,5,121,2,2,pgr,1,1,1,12,0.7500,0.089432,4.4146,1.0000,40.66
wavmark,5,121,3,3,pgr,1,1,1,13,0.8125,0.295999,4.4740,1.0000,42.03
wavmark,5,121,4,4,pgr,1,1,1,12,0.7500,0.222134,4.4708,1.0000,41.63
wavmark,5,121,5,5,pgr,1,1,1,13,0.8125,0.085888,4.5278,1.0000,41.32
wavmark,5,121,6,6,pgr,1,1,1,11,0.6875,0.097036,4.5010,1.0000,40.63
wavmark,5,121,7,7,pgr,1,1,1,12,0.7500,0.175805,4.5376,1.0000,41.70
wavmark,5,237,0,8,pgr,1,1,1,13,0.8125,0.270772,4.6019,0.9999,44.00
wavmark,5,237,1,9,pgr,1,1,1,10,0.6250,0.099343,4.5837,0.9999,41.94
wavmark,5,237,2,10,pgr,1,1,1,12,0.7500,0.179187,4.5994,0.9999,43.77
wavmark,5,237,3,11,pgr,1,1,1,11,0.6875,0.155090,4.5971,0.9999,43.16
wavmark,5,237,4,12,pgr,1,1,1,11,0.6875,0.107150,4.5898,0.9999,43.16
wavmark,5,237,5,13,pgr,1,1,1,12,0.7500,0.306631,4.6112,0.9999,44.94
wavmark,5,237,6,14,pgr,1,1,1,12,0.7500,0.177321,4.5911,0.9999,43.93
wavmark,5,237,7,15,pgr,1,1,1,12,0.7500,0.202831,4.6032,0.9999,43.66
wavmark,5,260,0,16,pgr,1,1,1,12,0.7500,0.143391,4.5985,0.9996,44.20
wavmark,5,260,1,17,pgr,1,1,1,11,0.6875,0.127903,4.6017,0.9996,44.16
wavmark,5,260,2,18,pgr,1,1,1,12,0.7500,0.188376,4.6014,0.9995,44.10
wavmark,5,260,3,19,pgr,1,1,1,11,0.6875,0.220176,4.5989,0.9991,43.64
wavmark,5,260,4,20,pgr,1,1,1,12,0.7500,0.130585,4.6000,0.9996,43.94
wavmark,5,260,5,21,pgr,1,1,1,11,0.6875,0.096908,4.6016,0.9992,43.58
wavmark,5,260,6,22,pgr,1,1,1,12,0.7500,0.106042,4.5734,0.9995,43.77
wavmark,5,260,7,23,pgr,1,1,1,13,0.8125,0.251329,4.6154,0.9997,44.89
wavmark,5,672,0,24,pgr,1,1,1,12,0.7500,0.123306,4.5871,0.9968,41.63
wavmark,5,672,1,25,pgr,1,1,1,12,0.7500,0.247250,4.6215,0.9989,43.55
wavmark,5,672,2,26,pgr,1,1,1,12,0.7500,0.128915,4.6050,0.9985,42.90
wavmark,5,672,3,27,pgr,1,1,1,13,0.8125,0.194170,4.5860,0.9983,42.75
wavmark,5,672,4,28,pgr,1,1,1,14,0.8750,0.230176,4.5936,0.9975,42.67
wavmark,5,672,5,29,pgr,1,1,1,11,0.6875,0.265521,4.5941,0.9981,42.57
wavmark,5,672,6,30,pgr,1,1,1,14,0.8750,0.178672,4.6129,0.9985,42.37
wavmark,5,672,7,31,pgr,1,1,1,11,0.6875,0.172933,4.6127,0.9984,41.95
wavmark,5,908,0,32,pgr,1,1,1,11,0.6875,0.130337,4.5783,0.9994,42.60
wavmark,5,908,1,33,pgr,1,1,1,13,0.8125,0.151148,4.5844,0.9994,42.48
wavmark,5,908,2,34,pgr,1,1,1,12,0.7500,0.185020,4.5798,0.9993,42.18
wavmark,5,908,3,35,pgr,1,1,1,13,0.8125,0.156930,4.5829,0.9993,42.22
wavmark,5,908,4,36,pgr,1,1,1,14,0.8750,0.405196,4.5970,0.9995,43.57
wavmark,5,908,5,37,pgr,1,1,1,11,0.6875,0.100604,4.5649,0.9991,41.58
wavmark,5,908,6,38,pgr,1,1,1,11,0.6875,0.111861,4.5739,0.9993,42.47
wavmark,5,908,7,39,pgr,1,1,1,11,0.6875,0.089276,4.5696,0.9992,41.83
wavmark,5,1089,0,40,pgr,1,1,1,11,0.6875,0.139680,4.6000,0.9997,43.57
wavmark,5,1089,1,41,pgr,1,1,1,12,0.7500,0.135352,4.6047,0.9997,43.04
wavmark,5,1089,2,42,pgr,1,1,1,11,0.6875,0.072990,4.5983,0.9997,43.72
wavmark,5,1089,3,43,pgr,1,1,1,11,0.6875,0.079428,4.5977,0.9998,43.79
wavmark,5,1089,4,44,pgr,1,1,1,11,0.6875,0.138697,4.6045,0.9997,43.26
wavmark,5,1089,5,45,pgr,1,1,1,14,0.8750,0.199101,4.6065,0.9996,43.14
wavmark,5,1089,6,46,pgr,1,1,1,12,0.7500,0.131331,4.6041,0.9998,43.42
wavmark,5,1089,7,47,pgr,1,1,1,13,0.8125,0.119759,4.6023,0.9997,43.35
wavmark,5,1188,0,48,pgr,1,1,1,12,0.7500,0.234422,4.5852,0.9933,42.51
wavmark,5,1188,1,49,pgr,1,1,1,12,0.7500,0.163185,4.5804,0.9936,42.47
wavmark,5,1188,2,50,pgr,1,1,1,13,0.8125,0.195396,4.5872,0.9944,42.22
wavmark,5,1188,3,51,pgr,1,1,1,12,0.7500,0.186100,4.5911,0.9937,43.18
wavmark,5,1188,4,52,pgr,1,1,1,14,0.8750,0.249833,4.5930,0.9951,43.22
wavmark,5,1188,5,53,pgr,1,1,1,11,0.6875,0.152402,4.5828,0.9942,42.59
wavmark,5,1188,6,54,pgr,1,1,1,14,0.8750,0.357620,4.5762,0.9930,42.66
wavmark,5,1188,7,55,pgr,1,1,1,13,0.8125,0.109913,4.5912,0.9952,42.89
wavmark,5,1221,0,56,pgr,1,1,1,11,0.6875,0.174844,4.6037,0.9997,40.09
wavmark,5,1221,1,57,pgr,1,1,1,10,0.6250,0.066923,4.6188,0.9997,40.82
wavmark,5,1221,2,58,pgr,1,1,1,12,0.7500,0.095467,4.6288,0.9999,42.12
wavmark,5,1221,3,59,pgr,1,1,1,13,0.8125,0.133250,4.6125,0.9999,42.32
wavmark,5,1221,4,60,pgr,1,1,1,12,0.7500,0.268756,4.6182,0.9998,42.25
wavmark,5,1221,5,61,pgr,1,1,1,12,0.7500,0.259169,4.6255,0.9998,41.88
wavmark,5,1221,6,62,pgr,1,1,1,12,0.7500,0.106072,4.6126,0.9998,41.27
wavmark,5,1221,7,63,pgr,1,1,1,12,0.7500,0.239054,4.6131,0.9998,40.59
wavmark,5,1284,0,64,pgr,1,1,1,12,0.7500,0.238714,4.6041,0.9998,44.31
wavmark,5,1284,1,65,pgr,1,1,1,12,0.7500,0.177896,4.5677,0.9997,43.09
wavmark,5,1284,2,66,pgr,1,1,1,12,0.7500,0.269714,4.5820,0.9998,44.10
wavmark,5,1284,3,67,pgr,1,1,1,10,0.6250,0.092013,4.5912,0.9998,43.84
wavmark,5,1284,4,68,pgr,1,1,1,12,0.7500,0.209001,4.5868,0.9998,43.52
wavmark,5,1284,5,69,pgr,1,1,1,12,0.7500,0.255636,4.6018,0.9998,44.24
wavmark,5,1284,6,70,pgr,1,1,1,13,0.8125,0.178014,4.5901,0.9997,43.26
wavmark,5,1284,7,71,pgr,1,1,1,12,0.7500,0.211116,4.5848,0.9997,43.43
wavmark,5,1320,0,72,pgr,1,1,1,11,0.6875,0.168715,4.5784,0.9998,43.74
wavmark,5,1320,1,73,pgr,1,1,1,12,0.7500,0.250873,4.5843,0.9997,43.85
wavmark,5,1320,2,74,pgr,1,1,1,13,0.8125,0.138333,4.5551,0.9996,42.61
wavmark,5,1320,3,75,pgr,1,1,1,11,0.6875,0.134024,4.5713,0.9997,42.67
wavmark,5,1320,4,76,pgr,1,1,1,12,0.7500,0.163993,4.5589,0.9998,43.46
wavmark,5,1320,5,77,pgr,1,1,1,11,0.6875,0.251430,4.5903,0.9998,44.70
wavmark,5,1320,6,78,pgr,1,1,1,13,0.8125,0.254087,4.5812,0.9998,44.08
wavmark,5,1320,7,79,pgr,1,1,1,12,0.7500,0.178809,4.5673,0.9997,42.96
wavmark,5,1580,0,80,pgr,1,1,1,14,0.8750,0.263179,4.5518,0.9961,37.69
wavmark,5,1580,1,81,pgr,1,1,1,12,0.7500,0.155255,4.5935,0.9968,37.70
wavmark,5,1580,2,82,pgr,1,1,1,12,0.7500,0.204725,4.5989,0.9962,37.45
wavmark,5,1580,3,83,pgr,1,1,1,13,0.8125,0.153269,4.5099,0.9970,37.28
wavmark,5,1580,4,84,pgr,1,1,1,13,0.8125,0.214846,4.5913,0.9971,38.18
wavmark,5,1580,5,85,pgr,1,1,1,11,0.6875,0.241955,4.5977,0.9972,37.71
wavmark,5,1580,6,86,pgr,1,1,1,11,0.6875,0.168853,4.5557,0.9954,36.56
wavmark,5,1580,7,87,pgr,1,1,1,11,0.6875,0.211659,4.5768,0.9956,36.64
wavmark,5,1995,0,88,pgr,1,1,1,10,0.6250,0.098422,4.5747,0.9993,42.62
wavmark,5,1995,1,89,pgr,1,1,1,12,0.7500,0.190384,4.5917,0.9994,44.24
wavmark,5,1995,2,90,pgr,1,1,1,11,0.6875,0.174165,4.5876,0.9995,43.55
wavmark,5,1995,3,91,pgr,1,1,1,15,0.9375,0.150799,4.5706,0.9995,43.68
wavmark,5,1995,4,92,pgr,1,1,1,11,0.6875,0.129777,4.5873,0.9994,43.62
wavmark,5,1995,5,93,pgr,1,1,1,11,0.6875,0.089396,4.5806,0.9994,43.51
wavmark,5,1995,6,94,pgr,1,1,1,11,0.6875,0.129206,4.5672,0.9993,42.88
wavmark,5,1995,7,95,pgr,1,1,1,12,0.7500,0.179781,4.5719,0.9994,42.74
wavmark,5,2300,0,96,pgr,1,1,1,12,0.7500,0.210116,4.4862,0.9997,43.72
wavmark,5,2300,1,97,pgr,1,1,1,12,0.7500,0.174888,4.5376,0.9996,43.49
wavmark,5,2300,2,98,pgr,1,1,1,12,0.7500,0.118189,4.5455,0.9997,43.86
wavmark,5,2300,3,99,pgr,1,1,1,11,0.6875,0.118428,4.5614,0.9997,44.27
wavmark,5,2300,4,100,pgr,1,1,1,10,0.6250,0.118045,4.4877,0.9996,43.18
wavmark,5,2300,5,101,pgr,1,1,1,11,0.6875,0.110258,4.5454,0.9997,43.57
wavmark,5,2300,6,102,pgr,1,1,1,13,0.8125,0.200403,4.5428,0.9997,43.43
wavmark,5,2300,7,103,pgr,1,1,1,12,0.7500,0.220037,4.5408,0.9997,44.14
wavmark,5,2830,0,104,pgr,1,1,1,12,0.7500,0.237711,4.5979,0.9999,42.55
wavmark,5,2830,1,105,pgr,1,1,1,13,0.8125,0.208411,4.6050,0.9999,43.53
wavmark,5,2830,2,106,pgr,1,1,1,12,0.7500,0.243135,4.5835,0.9999,42.17
wavmark,5,2830,3,107,pgr,1,1,1,13,0.8125,0.153959,4.5966,0.9999,42.53
wavmark,5,2830,4,108,pgr,1,1,1,12,0.7500,0.190125,4.5884,0.9998,42.22
wavmark,5,2830,5,109,pgr,1,1,1,13,0.8125,0.147909,4.5993,0.9999,42.84
wavmark,5,2830,6,110,pgr,1,1,1,14,0.8750,0.161342,4.5784,0.9999,42.20
wavmark,5,2830,7,111,pgr,1,1,1,10,0.6250,0.123330,4.5934,0.9998,41.60
wavmark,5,2961,0,112,pgr,1,1,1,11,0.6875,0.101199,4.5711,0.9998,41.93
wavmark,5,2961,1,113,pgr,1,1,1,11,0.6875,0.158593,4.5880,0.9998,42.88
wavmark,5,2961,2,114,pgr,1,1,1,13,0.8125,0.138029,4.5766,0.9998,42.66
wavmark,5,2961,3,115,pgr,1,1,1,11,0.6875,0.103434,4.5892,0.9999,43.13
wavmark,5,2961,4,116,pgr,1,1,1,12,0.7500,0.193229,4.5941,0.9999,43.59
wavmark,5,2961,5,117,pgr,1,1,1,12,0.7500,0.092392,4.5802,0.9999,42.88
wavmark,5,2961,6,118,pgr,1,1,1,12,0.7500,0.194245,4.5738,0.9998,42.71
wavmark,5,2961,7,119,pgr,1,1,1,12,0.7500,0.197821,4.5812,0.9999,43.71
wavmark,5,3570,0,120,pgr,1,1,1,12,0.7500,0.252733,4.5789,0.9999,44.15
wavmark,5,3570,1,121,pgr,1,1,1,12,0.7500,0.162410,4.5897,0.9999,43.68
wavmark,5,3570,2,122,pgr,1,1,1,12,0.7500,0.276722,4.5676,0.9998,42.50
wavmark,5,3570,3,123,pgr,1,1,1,13,0.8125,0.141425,4.5880,0.9998,43.43
wavmark,5,3570,4,124,pgr,1,1,1,11,0.6875,0.075527,4.5779,0.9998,42.94
wavmark,5,3570,5,125,pgr,1,1,1,11,0.6875,0.190161,4.5755,0.9999,43.91
wavmark,5,3570,6,126,pgr,1,1,1,13,0.8125,0.106708,4.5826,0.9998,43.42
wavmark,5,3570,7,127,pgr,1,1,1,12,0.7500,0.293424,4.5901,0.9999,43.48
wavmark,5,3575,0,128,pgr,1,1,1,14,0.8750,0.230615,4.5763,0.9998,43.90
wavmark,5,3575,1,129,pgr,1,1,1,13,0.8125,0.227410,4.5979,0.9998,44.34
wavmark,5,3575,2,130,pgr,1,1,1,12,0.7500,0.195092,4.5711,0.9998,43.91
wavmark,5,3575,3,131,pgr,1,1,1,11,0.6875,0.069463,4.5648,0.9998,42.92
wavmark,5,3575,4,132,pgr,1,1,1,12,0.7500,0.107518,4.5688,0.9997,42.81
wavmark,5,3575,5,133,pgr,1,1,1,11,0.6875,0.107305,4.5681,0.9997,43.05
wavmark,5,3575,6,134,pgr,1,1,1,13,0.8125,0.188472,4.5592,0.9998,43.31
wavmark,5,3575,7,135,pgr,1,1,1,11,0.6875,0.128318,4.5789,0.9998,43.58
wavmark,5,3729,0,136,pgr,1,1,1,11,0.6875,0.097324,4.6130,0.9999,39.52
wavmark,5,3729,1,137,pgr,1,1,1,13,0.8125,0.134924,4.6096,0.9999,39.62
wavmark,5,3729,2,138,pgr,1,1,1,12,0.7500,0.074369,4.6131,0.9999,39.04
wavmark,5,3729,3,139,pgr,1,1,1,11,0.6875,0.109558,4.6251,0.9998,39.84
wavmark,5,3729,4,140,pgr,1,1,1,12,0.7500,0.193379,4.6174,0.9999,39.61
wavmark,5,3729,5,141,pgr,1,1,1,13,0.8125,0.233640,4.6106,0.9999,39.48
wavmark,5,3729,6,142,pgr,1,1,1,13,0.8125,0.085907,4.6043,0.9999,39.30
wavmark,5,3729,7,143,pgr,1,1,1,12,0.7500,0.151515,4.6113,0.9999,39.80
wavmark,5,4077,0,144,pgr,1,1,1,12,0.7500,0.225895,4.5869,0.9997,43.64
wavmark,5,4077,1,145,pgr,1,1,1,12,0.7500,0.174777,4.5907,0.9998,44.09
wavmark,5,4077,2,146,pgr,1,1,1,13,0.8125,0.166347,4.5832,0.9998,43.89
wavmark,5,4077,3,147,pgr,1,1,1,11,0.6875,0.098487,4.5675,0.9996,43.08
wavmark,5,4077,4,148,pgr,1,1,1,13,0.8125,0.216112,4.5422,0.9998,42.67
wavmark,5,4077,5,149,pgr,1,1,1,12,0.7500,0.209158,4.5858,0.9998,43.90
wavmark,5,4077,6,150,pgr,1,1,1,14,0.8750,0.230384,4.5881,0.9997,43.99
wavmark,5,4077,7,151,pgr,1,1,1,12,0.7500,0.252757,4.5796,0.9998,43.21
wavmark,5,4446,0,152,pgr,1,1,1,11,0.6875,0.119853,4.5886,1.0000,42.85
wavmark,5,4446,1,153,pgr,1,1,1,12,0.7500,0.160511,4.5815,1.0000,41.78
wavmark,5,4446,2,154,pgr,1,1,1,13,0.8125,0.107171,4.5878,1.0000,41.04
wavmark,5,4446,3,155,pgr,1,1,1,11,0.6875,0.135860,4.5985,1.0000,41.61
wavmark,5,4446,4,156,pgr,1,1,1,12,0.7500,0.235459,4.6086,1.0000,42.59
wavmark,5,4446,5,157,pgr,1,1,1,11,0.6875,0.077411,4.5955,1.0000,42.49
wavmark,5,4446,6,158,pgr,1,1,1,13,0.8125,0.220911,4.6059,1.0000,43.14
wavmark,5,4446,7,159,pgr,1,1,1,11,0.6875,0.180344,4.6049,1.0000,42.82
wavmark,5,4507,0,160,pgr,1,1,1,11,0.6875,0.126147,4.5672,0.9995,43.24
wavmark,5,4507,1,161,pgr,1,1,1,12,0.7500,0.149649,4.5846,0.9997,43.99
wavmark,5,4507,2,162,pgr,1,1,1,12,0.7500,0.314355,4.5618,0.9994,43.72
wavmark,5,4507,3,163,pgr,1,1,1,13,0.8125,0.172279,4.5290,0.9996,43.61
wavmark,5,4507,4,164,pgr,1,1,1,12,0.7500,0.175232,4.5582,0.9997,44.05
wavmark,5,4507,5,165,pgr,1,1,1,11,0.6875,0.107727,4.5792,0.9996,43.94
wavmark,5,4507,6,166,pgr,1,1,1,12,0.7500,0.181304,4.5365,0.9996,43.84
wavmark,5,4507,7,167,pgr,1,1,1,14,0.8750,0.220477,4.5796,0.9995,44.12
wavmark,5,4970,0,168,pgr,1,1,1,12,0.7500,0.164127,4.5806,1.0000,41.63
wavmark,5,4970,1,169,pgr,1,1,1,12,0.7500,0.093999,4.5365,1.0000,42.17
wavmark,5,4970,2,170,pgr,1,1,1,10,0.6250,0.106821,4.5998,1.0000,42.12
wavmark,5,4970,3,171,pgr,1,1,1,13,0.8125,0.241416,4.5823,1.0000,42.59
wavmark,5,4970,4,172,pgr,1,1,1,11,0.6875,0.179982,4.5246,1.0000,41.05
wavmark,5,4970,5,173,pgr,1,1,1,13,0.8125,0.156415,4.5959,1.0000,42.15
wavmark,5,4970,6,174,pgr,1,1,1,11,0.6875,0.235427,4.5603,1.0000,42.53
wavmark,5,4970,7,175,pgr,1,1,1,11,0.6875,0.234569,4.5343,1.0000,41.67
wavmark,5,4992,0,176,pgr,1,1,1,12,0.7500,0.150198,4.5382,0.9996,44.16
wavmark,5,4992,1,177,pgr,1,1,1,12,0.7500,0.168737,4.5588,0.9995,43.91
wavmark,5,4992,2,178,pgr,1,1,1,12,0.7500,0.138575,4.5425,0.9996,43.88
wavmark,5,4992,3,179,pgr,1,1,1,10,0.6250,0.106708,4.5135,0.9994,43.12
wavmark,5,4992,4,180,pgr,1,1,1,11,0.6875,0.131417,4.5196,0.9995,42.68
wavmark,5,4992,5,181,pgr,1,1,1,13,0.8125,0.091247,4.5257,0.9992,42.35
wavmark,5,4992,6,182,pgr,1,1,1,12,0.7500,0.129743,4.4889,0.9994,43.45
wavmark,5,4992,7,183,pgr,1,1,1,12,0.7500,0.119712,4.4866,0.9995,43.08
wavmark,5,5105,0,184,pgr,1,1,1,11,0.6875,0.199489,4.6031,0.9999,41.61
wavmark,5,5105,1,185,pgr,1,1,1,13,0.8125,0.097255,4.6094,0.9999,42.21
wavmark,5,5105,2,186,pgr,1,1,1,11,0.6875,0.127747,4.6059,0.9999,42.19
wavmark,5,5105,3,187,pgr,1,1,1,12,0.7500,0.166475,4.6012,0.9999,41.88
wavmark,5,5105,4,188,pgr,1,1,1,12,0.7500,0.115484,4.6036,0.9999,41.50
wavmark,5,5105,5,189,pgr,1,1,1,11,0.6875,0.125000,4.6084,0.9999,42.17
wavmark,5,5105,6,190,pgr,1,1,1,13,0.8125,0.209386,4.6136,0.9999,42.91
wavmark,5,5105,7,191,pgr,1,1,1,11,0.6875,0.208597,4.6182,1.0000,42.75
wavmark,5,5142,0,192,pgr,1,1,1,12,0.7500,0.104011,4.5793,1.0000,39.13
wavmark,5,5142,1,193,pgr,1,1,1,11,0.6875,0.125347,4.5768,1.0000,39.64
wavmark,5,5142,2,194,pgr,1,1,1,12,0.7500,0.200278,4.5972,1.0000,40.15
wavmark,5,5142,3,195,pgr,1,1,1,11,0.6875,0.056413,4.5911,1.0000,39.57
wavmark,5,5142,4,196,pgr,1,1,1,13,0.8125,0.140364,4.5884,1.0000,39.91
wavmark,5,5142,5,197,pgr,1,1,1,13,0.8125,0.315772,4.6057,1.0000,40.94
wavmark,5,5142,6,198,pgr,1,1,1,13,0.8125,0.135335,4.6017,1.0000,40.56
wavmark,5,5142,7,199,pgr,1,1,1,13,0.8125,0.157867,4.5938,1.0000,40.18
wavmark,5,5639,0,200,pgr,1,1,1,13,0.8125,0.121228,4.4999,0.9998,40.40
wavmark,5,5639,1,201,pgr,1,1,1,13,0.8125,0.164044,4.5406,0.9999,41.49
wavmark,5,5639,2,202,pgr,1,1,1,13,0.8125,0.235311,4.5599,0.9999,41.68
wavmark,5,5639,3,203,pgr,1,1,1,11,0.6875,0.075945,4.5380,0.9999,40.81
wavmark,5,5639,4,204,pgr,1,1,1,11,0.6875,0.182078,4.4790,0.9998,40.98
wavmark,5,5639,5,205,pgr,1,1,1,13,0.8125,0.164486,4.5368,0.9999,41.26
wavmark,5,5639,6,206,pgr,1,1,1,10,0.6250,0.128915,4.5338,0.9999,41.21
wavmark,5,5639,7,207,pgr,1,1,1,13,0.8125,0.219047,4.5367,0.9999,41.82
wavmark,5,5683,0,208,pgr,1,1,1,10,0.6250,0.096351,4.5974,0.9999,42.88
wavmark,5,5683,1,209,pgr,1,1,1,13,0.8125,0.306697,4.5893,0.9999,43.64
wavmark,5,5683,2,210,pgr,1,1,1,12,0.7500,0.152589,4.5895,0.9999,43.06
wavmark,5,5683,3,211,pgr,1,1,1,12,0.7500,0.171173,4.5905,0.9999,43.29
wavmark,5,5683,4,212,pgr,1,1,1,12,0.7500,0.170013,4.6008,0.9999,43.34
wavmark,5,5683,5,213,pgr,1,1,1,12,0.7500,0.199489,4.5976,0.9999,43.74
wavmark,5,5683,6,214,pgr,1,1,1,13,0.8125,0.233161,4.6008,0.9999,43.66
wavmark,5,5683,7,215,pgr,1,1,1,11,0.6875,0.211573,4.6071,0.9999,43.85
wavmark,5,6829,0,216,pgr,1,1,1,12,0.7500,0.095895,4.5519,0.9999,43.63
wavmark,5,6829,1,217,pgr,1,1,1,13,0.8125,0.239419,4.5693,1.0000,44.32
wavmark,5,6829,2,218,pgr,1,1,1,12,0.7500,0.214823,4.5425,1.0000,43.14
wavmark,5,6829,3,219,pgr,1,1,1,12,0.7500,0.110413,4.5580,1.0000,44.21
wavmark,5,6829,4,220,pgr,1,1,1,11,0.6875,0.115398,4.5575,1.0000,44.22
wavmark,5,6829,5,221,pgr,1,1,1,12,0.7500,0.256497,4.5795,1.0000,44.47
wavmark,5,6829,6,222,pgr,1,1,1,13,0.8125,0.254548,4.5869,1.0000,45.69
wavmark,5,6829,7,223,pgr,1,1,1,12,0.7500,0.176097,4.5651,1.0000,44.54
wavmark,5,6930,0,224,pgr,1,1,1,11,0.6875,0.177730,4.5873,0.9998,40.52
wavmark,5,6930,1,225,pgr,1,1,1,11,0.6875,0.218761,4.5786,0.9998,40.76
wavmark,5,6930,2,226,pgr,1,1,1,12,0.7500,0.199155,4.5915,0.9998,40.28
wavmark,5,6930,3,227,pgr,1,1,1,12,0.7500,0.214773,4.5774,0.9998,40.70
wavmark,5,6930,4,228,pgr,1,1,1,13,0.8125,0.161781,4.5930,0.9998,41.01
wavmark,5,6930,5,229,pgr,1,1,1,11,0.6875,0.247419,4.6019,0.9998,41.39
wavmark,5,6930,6,230,pgr,1,1,1,14,0.8750,0.160202,4.5841,0.9998,40.70
wavmark,5,6930,7,231,pgr,1,1,1,10,0.6250,0.161225,4.5900,0.9998,41.02
wavmark,5,7021,0,232,pgr,1,1,1,11,0.6875,0.079286,4.5701,0.9995,44.32
wavmark,5,7021,1,233,pgr,1,1,1,12,0.7500,0.251511,4.5573,0.9996,44.92
wavmark,5,7021,2,234,pgr,1,1,1,12,0.7500,0.164862,4.5594,0.9995,44.42
wavmark,5,7021,3,235,pgr,1,1,1,11,0.6875,0.231149,4.5609,0.9994,44.32
wavmark,5,7021,4,236,pgr,1,1,1,12,0.7500,0.246392,4.4878,0.9992,43.45
wavmark,5,7021,5,237,pgr,1,1,1,14,0.8750,0.316010,4.5757,0.9995,45.41
wavmark,5,7021,6,238,pgr,1,1,1,12,0.7500,0.179968,4.4424,0.9989,42.78
wavmark,5,7021,7,239,pgr,1,1,1,11,0.6875,0.100511,4.4944,0.9992,43.40
wavmark,5,7127,0,240,pgr,1,1,1,11,0.6875,0.118580,4.5387,0.9951,40.67
wavmark,5,7127,1,241,pgr,1,1,1,12,0.7500,0.155051,4.6013,0.9975,41.74
wavmark,5,7127,2,242,pgr,1,1,1,12,0.7500,0.186730,4.5836,0.9971,41.95
wavmark,5,7127,3,243,pgr,1,1,1,11,0.6875,0.089606,4.5973,0.9975,41.57
wavmark,5,7127,4,244,pgr,1,1,1,12,0.7500,0.120271,4.5872,0.9974,41.74
wavmark,5,7127,5,245,pgr,1,1,1,14,0.8750,0.221313,4.5865,0.9975,41.72
wavmark,5,7127,6,246,pgr,1,1,1,11,0.6875,0.119290,4.5781,0.9978,41.68
wavmark,5,7127,7,247,pgr,1,1,1,11,0.6875,0.170113,4.5815,0.9970,40.98
wavmark,5,7176,0,248,pgr,1,1,1,12,0.7500,0.140961,4.5301,0.9997,43.48
wavmark,5,7176,1,249,pgr,1,1,1,12,0.7500,0.244910,4.5473,0.9996,43.44
wavmark,5,7176,2,250,pgr,1,1,1,12,0.7500,0.098460,4.5416,0.9996,42.59
wavmark,5,7176,3,251,pgr,1,1,1,12,0.7500,0.112547,4.5446,0.9998,44.08
wavmark,5,7176,4,252,pgr,1,1,1,11,0.6875,0.075455,4.5439,0.9997,44.01
wavmark,5,7176,5,253,pgr,1,1,1,11,0.6875,0.125908,4.5602,0.9997,43.81
wavmark,5,7176,6,254,pgr,1,1,1,12,0.7500,0.252899,4.5661,0.9998,45.34
wavmark,5,7176,7,255,pgr,1,1,1,13,0.8125,0.298995,4.5564,0.9998,43.94
wavmark,5,7729,0,256,pgr,1,1,1,12,0.7500,0.243230,4.5580,0.9998,44.66
wavmark,5,7729,1,257,pgr,1,1,1,13,0.8125,0.094260,4.5534,0.9997,43.33
wavmark,5,7729,2,258,pgr,1,1,1,13,0.8125,0.199583,4.5628,0.9998,44.13
wavmark,5,7729,3,259,pgr,1,1,1,12,0.7500,0.246873,4.5459,0.9997,43.39
wavmark,5,7729,4,260,pgr,1,1,1,14,0.8750,0.269657,4.5079,0.9998,43.95
wavmark,5,7729,5,261,pgr,1,1,1,13,0.8125,0.225375,4.5562,0.9998,43.97
wavmark,5,7729,6,262,pgr,1,1,1,11,0.6875,0.127394,4.5342,0.9996,42.86
wavmark,5,7729,7,263,pgr,1,1,1,11,0.6875,0.169342,4.5628,0.9998,43.77
wavmark,5,8224,0,264,pgr,1,1,1,12,0.7500,0.241408,4.5798,0.9997,44.39
wavmark,5,8224,1,265,pgr,1,1,1,12,0.7500,0.187872,4.5456,0.9995,43.13
wavmark,5,8224,2,266,pgr,1,1,1,13,0.8125,0.224202,4.5630,0.9996,44.72
wavmark,5,8224,3,267,pgr,1,1,1,12,0.7500,0.246454,4.5525,0.9996,43.39
wavmark,5,8224,4,268,pgr,1,1,1,13,0.8125,0.316734,4.5748,0.9997,44.87
wavmark,5,8224,5,269,pgr,1,1,1,11,0.6875,0.114011,4.5498,0.9996,42.94
wavmark,5,8224,6,270,pgr,1,1,1,11,0.6875,0.104946,4.5550,0.9995,43.02
wavmark,5,8224,7,271,pgr,1,1,1,13,0.8125,0.306258,4.5151,0.9995,42.76
wavmark,5,8230,0,272,pgr,1,1,1,11,0.6875,0.088124,4.5744,0.9996,42.84
wavmark,5,8230,1,273,pgr,1,1,1,13,0.8125,0.211633,4.5776,0.9996,44.14
wavmark,5,8230,2,274,pgr,1,1,1,12,0.7500,0.123369,4.5864,0.9997,43.95
wavmark,5,8230,3,275,pgr,1,1,1,10,0.6250,0.070160,4.5733,0.9996,43.35
wavmark,5,8230,4,276,pgr,1,1,1,12,0.7500,0.163721,4.5751,0.9997,43.61
wavmark,5,8230,5,277,pgr,1,1,1,12,0.7500,0.172653,4.5605,0.9996,43.73
wavmark,5,8230,6,278,pgr,1,1,1,13,0.8125,0.135829,4.5875,0.9997,44.38
wavmark,5,8455,0,279,pgr,1,1,1,13,0.8125,0.224559,4.5403,0.9999,43.89
wavmark,5,8455,1,280,pgr,1,1,1,12,0.7500,0.214793,4.5294,0.9999,44.01
wavmark,5,8455,2,281,pgr,1,1,1,13,0.8125,0.172926,4.5420,0.9999,43.66
wavmark,5,8455,3,282,pgr,1,1,1,11,0.6875,0.174102,4.5620,0.9999,44.30
wavmark,5,8455,4,283,pgr,1,1,1,10,0.6250,0.080888,4.5039,0.9998,42.65
wavmark,5,8455,5,284,pgr,1,1,1,13,0.8125,0.235885,4.5202,0.9999,43.27
wavmark,5,8455,6,285,pgr,1,1,1,14,0.8750,0.264461,4.5469,0.9999,44.56
wavmark,5,8463,0,286,pgr,1,1,1,12,0.7500,0.140053,4.6104,1.0000,42.67
wavmark,5,8463,1,287,pgr,1,1,1,12,0.7500,0.056136,4.6207,1.0000,42.04
wavmark,5,8463,2,288,pgr,1,1,1,12,0.7500,0.188814,4.6145,1.0000,42.84
wavmark,5,8463,3,289,pgr,1,1,1,12,0.7500,0.167540,4.6170,1.0000,42.63
wavmark,5,8463,4,290,pgr,1,1,1,11,0.6875,0.152210,4.6125,1.0000,42.03
wavmark,5,8463,5,291,pgr,1,1,1,13,0.8125,0.313528,4.6204,1.0000,43.74
wavmark,5,8463,6,292,pgr,1,1,1,10,0.6250,0.130002,4.6230,1.0000,42.52
wavmark,5,8555,0,293,pgr,1,1,1,12,0.7500,0.099542,4.5552,0.9997,43.63
wavmark,5,8555,1,294,pgr,1,1,1,13,0.8125,0.173736,4.5381,0.9997,43.33
wavmark,5,8555,2,295,pgr,1,1,1,12,0.7500,0.211904,4.5402,0.9998,43.92
wavmark,5,8555,3,296,pgr,1,1,1,13,0.8125,0.320570,4.5538,0.9998,44.98
wavmark,5,8555,4,297,pgr,1,1,1,11,0.6875,0.129633,4.5414,0.9998,44.13
wavmark,5,8555,5,298,pgr,1,1,1,11,0.6875,0.102879,4.5646,0.9998,43.80
wavmark,5,8555,6,299,pgr,1,1,1,12,0.7500,0.160978,4.5426,0.9997,42.98
