model,K,trial_id,spk,local_t,method,quality_reference,PESQ,STOI,SI_SDR,presence_supported,presence_score,presence_decision
wmcodec,2,0,chinese:SSB0005,0,mean,first_legitimate_watermarked_coalition_copy,4.4075,0.9905,19.01,0,,
wmcodec,2,0,chinese:SSB0005,0,fwp,first_legitimate_watermarked_coalition_copy,4.4075,0.9905,19.01,0,,
wmcodec,2,1,chinese:SSB0005,1,mean,first_legitimate_watermarked_coalition_copy,4.4371,0.9906,19.55,0,,
wmcodec,2,1,chinese:SSB0005,1,fwp,first_legitimate_watermarked_coalition_copy,4.4371,0.9906,19.55,0,,
wmcodec,2,2,chinese:SSB0005,2,mean,first_legitimate_watermarked_coalition_copy,4.4896,0.9914,19.80,0,,
wmcodec,2,2,chinese:SSB0005,2,fwp,first_legitimate_watermarked_coalition_copy,4.4896,0.9914,19.80,0,,
wmcodec,2,3,chinese:SSB0009,0,mean,first_legitimate_watermarked_coalition_copy,4.3485,0.9899,16.10,0,,
wmcodec,2,3,chinese:SSB0009,0,fwp,first_legitimate_watermarked_coalition_copy,4.3485,0.9899,16.10,0,,
wmcodec,2,4,chinese:SSB0009,1,mean,first_legitimate_watermarked_coalition_copy,4.3657,0.9881,15.48,0,,
wmcodec,2,4,chinese:SSB0009,1,fwp,first_legitimate_watermarked_coalition_copy,4.3657,0.9881,15.48,0,,
wmcodec,2,5,chinese:SSB0009,2,mean,first_legitimate_watermarked_coalition_copy,4.3968,0.9901,15.87,0,,
wmcodec,2,5,chinese:SSB0009,2,fwp,first_legitimate_watermarked_coalition_copy,4.3968,0.9901,15.87,0,,
wmcodec,2,6,chinese:SSB0011,0,mean,first_legitimate_watermarked_coalition_copy,4.1514,0.9883,18.12,0,,
wmcodec,2,6,chinese:SSB0011,0,fwp,first_legitimate_watermarked_coalition_copy,4.1514,0.9883,18.12,0,,
wmcodec,2,7,chinese:SSB0011,1,mean,first_legitimate_watermarked_coalition_copy,4.2375,0.9886,18.56,0,,
wmcodec,2,7,chinese:SSB0011,1,fwp,first_legitimate_watermarked_coalition_copy,4.2375,0.9886,18.56,0,,
wmcodec,2,8,chinese:SSB0011,2,mean,first_legitimate_watermarked_coalition_copy,4.2816,0.9895,19.59,0,,
wmcodec,2,8,chinese:SSB0011,2,fwp,first_legitimate_watermarked_coalition_copy,4.2816,0.9895,19.59,0,,
wmcodec,2,9,chinese:SSB0012,0,mean,first_legitimate_watermarked_coalition_copy,4.3790,0.9898,14.40,0,,
wmcodec,2,9,chinese:SSB0012,0,fwp,first_legitimate_watermarked_coalition_copy,4.3790,0.9898,14.40,0,,
wmcodec,2,10,chinese:SSB0012,1,mean,first_legitimate_watermarked_coalition_copy,4.4866,0.9896,16.04,0,,
wmcodec,2,10,chinese:SSB0012,1,fwp,first_legitimate_watermarked_coalition_copy,4.4866,0.9896,16.04,0,,
wmcodec,2,11,chinese:SSB0012,2,mean,first_legitimate_watermarked_coalition_copy,4.4038,0.9895,15.37,0,,
wmcodec,2,11,chinese:SSB0012,2,fwp,first_legitimate_watermarked_coalition_copy,4.4038,0.9895,15.37,0,,
wmcodec,2,12,chinese:SSB0016,0,mean,first_legitimate_watermarked_coalition_copy,4.4400,0.9906,18.61,0,,
wmcodec,2,12,chinese:SSB0016,0,fwp,first_legitimate_watermarked_coalition_copy,4.4400,0.9906,18.61,0,,
wmcodec,2,13,chinese:SSB0016,1,mean,first_legitimate_watermarked_coalition_copy,4.3329,0.9885,17.43,0,,
wmcodec,2,13,chinese:SSB0016,1,fwp,first_legitimate_watermarked_coalition_copy,4.3329,0.9885,17.43,0,,
wmcodec,2,14,chinese:SSB0016,2,mean,first_legitimate_watermarked_coalition_copy,4.3806,0.9895,18.20,0,,
wmcodec,2,14,chinese:SSB0016,2,fwp,first_legitimate_watermarked_coalition_copy,4.3806,0.9895,18.20,0,,
wmcodec,2,15,chinese:SSB0018,0,mean,first_legitimate_watermarked_coalition_copy,4.4126,0.9905,17.07,0,,
wmcodec,2,15,chinese:SSB0018,0,fwp,first_legitimate_watermarked_coalition_copy,4.4126,0.9905,17.07,0,,
wmcodec,2,16,chinese:SSB0018,1,mean,first_legitimate_watermarked_coalition_copy,4.3848,0.9907,16.48,0,,
wmcodec,2,16,chinese:SSB0018,1,fwp,first_legitimate_watermarked_coalition_copy,4.3848,0.9907,16.48,0,,
wmcodec,2,17,chinese:SSB0018,2,mean,first_legitimate_watermarked_coalition_copy,4.4543,0.9917,18.31,0,,
wmcodec,2,17,chinese:SSB0018,2,fwp,first_legitimate_watermarked_coalition_copy,4.4543,0.9917,18.31,0,,
wmcodec,2,18,chinese:SSB0033,0,mean,first_legitimate_watermarked_coalition_copy,4.4842,0.9936,22.41,0,,
wmcodec,2,18,chinese:SSB0033,0,fwp,first_legitimate_watermarked_coalition_copy,4.4842,0.9936,22.41,0,,
wmcodec,2,19,chinese:SSB0033,1,mean,first_legitimate_watermarked_coalition_copy,4.4437,0.9941,22.55,0,,
wmcodec,2,19,chinese:SSB0033,1,fwp,first_legitimate_watermarked_coalition_copy,4.4437,0.9941,22.55,0,,
wmcodec,2,20,chinese:SSB0033,2,mean,first_legitimate_watermarked_coalition_copy,4.4281,0.9927,22.09,0,,
wmcodec,2,20,chinese:SSB0033,2,fwp,first_legitimate_watermarked_coalition_copy,4.4281,0.9927,22.09,0,,
wmcodec,2,21,chinese:SSB0038,0,mean,first_legitimate_watermarked_coalition_copy,4.4782,0.9921,18.85,0,,
wmcodec,2,21,chinese:SSB0038,0,fwp,first_legitimate_watermarked_coalition_copy,4.4782,0.9921,18.85,0,,
wmcodec,2,22,chinese:SSB0038,1,mean,first_legitimate_watermarked_coalition_copy,4.4630,0.9921,19.17,0,,
wmcodec,2,22,chinese:SSB0038,1,fwp,first_legitimate_watermarked_coalition_copy,4.4630,0.9921,19.17,0,,
wmcodec,2,23,chinese:SSB0038,2,mean,first_legitimate_watermarked_coalition_copy,4.4670,0.9928,19.45,0,,
wmcodec,2,23,chinese:SSB0038,2,fwp,first_legitimate_watermarked_coalition_copy,4.4670,0.9928,19.45,0,,
wmcodec,2,24,chinese:SSB0043,0,mean,first_legitimate_watermarked_coalition_copy,4.2255,0.9849,18.20,0,,
wmcodec,2,24,chinese:SSB0043,0,fwp,first_legitimate_watermarked_coalition_copy,4.2255,0.9849,18.20,0,,
wmcodec,2,25,chinese:SSB0043,1,mean,first_legitimate_watermarked_coalition_copy,4.2349,0.9834,17.68,0,,
wmcodec,2,25,chinese:SSB0043,1,fwp,first_legitimate_watermarked_coalition_copy,4.2349,0.9834,17.68,0,,
wmcodec,2,26,chinese:SSB0043,2,mean,first_legitimate_watermarked_coalition_copy,4.1913,0.9859,18.77,0,,
wmcodec,2,26,chinese:SSB0043,2,fwp,first_legitimate_watermarked_coalition_copy,4.1913,0.9859,18.77,0,,
wmcodec,2,27,chinese:SSB0057,0,mean,first_legitimate_watermarked_coalition_copy,4.4927,0.9894,17.01,0,,
wmcodec,2,27,chinese:SSB0057,0,fwp,first_legitimate_watermarked_coalition_copy,4.4927,0.9894,17.01,0,,
wmcodec,2,28,chinese:SSB0057,1,mean,first_legitimate_watermarked_coalition_copy,4.4110,0.9917,18.66,0,,
wmcodec,2,28,chinese:SSB0057,1,fwp,first_legitimate_watermarked_coalition_copy,4.4110,0.9917,18.66,0,,
wmcodec,2,29,chinese:SSB0057,2,mean,first_legitimate_watermarked_coalition_copy,4.4587,0.9915,17.66,0,,
wmcodec,2,29,chinese:SSB0057,2,fwp,first_legitimate_watermarked_coalition_copy,4.4587,0.9915,17.66,0,,
wmcodec,2,30,chinese:SSB0073,0,mean,first_legitimate_watermarked_coalition_copy,4.3462,0.9876,17.20,0,,
wmcodec,2,30,chinese:SSB0073,0,fwp,first_legitimate_watermarked_coalition_copy,4.3462,0.9876,17.20,0,,
wmcodec,2,31,chinese:SSB0073,1,mean,first_legitimate_watermarked_coalition_copy,4.3520,0.9882,16.63,0,,
wmcodec,2,31,chinese:SSB0073,1,fwp,first_legitimate_watermarked_coalition_copy,4.3520,0.9882,16.63,0,,
wmcodec,2,32,chinese:SSB0073,2,mean,first_legitimate_watermarked_coalition_copy,4.4350,0.9878,17.12,0,,
wmcodec,2,32,chinese:SSB0073,2,fwp,first_legitimate_watermarked_coalition_copy,4.4350,0.9878,17.12,0,,
wmcodec,2,33,chinese:SSB0080,0,mean,first_legitimate_watermarked_coalition_copy,4.4731,0.9898,18.08,0,,
wmcodec,2,33,chinese:SSB0080,0,fwp,first_legitimate_watermarked_coalition_copy,4.4731,0.9898,18.08,0,,
wmcodec,2,34,chinese:SSB0080,1,mean,first_legitimate_watermarked_coalition_copy,4.4354,0.9912,18.29,0,,
wmcodec,2,34,chinese:SSB0080,1,fwp,first_legitimate_watermarked_coalition_copy,4.4354,0.9912,18.29,0,,
wmcodec,2,35,chinese:SSB0080,2,mean,first_legitimate_watermarked_coalition_copy,4.4758,0.9894,17.63,0,,
wmcodec,2,35,chinese:SSB0080,2,fwp,first_legitimate_watermarked_coalition_copy,4.4758,0.9894,17.63,0,,
wmcodec,2,36,chinese:SSB0112,0,mean,first_legitimate_watermarked_coalition_copy,4.4772,0.9921,17.11,0,,
wmcodec,2,36,chinese:SSB0112,0,fwp,first_legitimate_watermarked_coalition_copy,4.4772,0.9921,17.11,0,,
wmcodec,2,37,chinese:SSB0112,1,mean,first_legitimate_watermarked_coalition_copy,4.4908,0.9942,18.25,0,,
wmcodec,2,37,chinese:SSB0112,1,fwp,first_legitimate_watermarked_coalition_copy,4.4908,0.9942,18.25,0,,
wmcodec,2,38,chinese:SSB0112,2,mean,first_legitimate_watermarked_coalition_copy,4.5303,0.9939,18.44,0,,
wmcodec,2,38,chinese:SSB0112,2,fwp,first_legitimate_watermarked_coalition_copy,4.5303,0.9939,18.44,0,,
wmcodec,2,39,chinese:SSB0122,0,mean,first_legitimate_watermarked_coalition_copy,4.4184,0.9908,17.73,0,,
wmcodec,2,39,chinese:SSB0122,0,fwp,first_legitimate_watermarked_coalition_copy,4.4184,0.9908,17.73,0,,
wmcodec,2,40,chinese:SSB0122,1,mean,first_legitimate_watermarked_coalition_copy,4.4297,0.9924,18.58,0,,
wmcodec,2,40,chinese:SSB0122,1,fwp,first_legitimate_watermarked_coalition_copy,4.4297,0.9924,18.58,0,,
wmcodec,2,41,chinese:SSB0122,2,mean,first_legitimate_watermarked_coalition_copy,4.4725,0.9915,18.78,0,,
wmcodec,2,41,chinese:SSB0122,2,fwp,first_legitimate_watermarked_coalition_copy,4.4725,0.9915,18.78,0,,
wmcodec,2,42,chinese:SSB0133,0,mean,first_legitimate_watermarked_coalition_copy,4.2887,0.9904,17.66,0,,
wmcodec,2,42,chinese:SSB0133,0,fwp,first_legitimate_watermarked_coalition_copy,4.2887,0.9904,17.66,0,,
wmcodec,2,43,chinese:SSB0133,1,mean,first_legitimate_watermarked_coalition_copy,4.3955,0.9910,18.12,0,,
wmcodec,2,43,chinese:SSB0133,1,fwp,first_legitimate_watermarked_coalition_copy,4.3955,0.9910,18.12,0,,
wmcodec,2,44,chinese:SSB0133,2,mean,first_legitimate_watermarked_coalition_copy,4.4058,0.9907,18.12,0,,
wmcodec,2,44,chinese:SSB0133,2,fwp,first_legitimate_watermarked_coalition_copy,4.4058,0.9907,18.12,0,,
wmcodec,2,45,chinese:SSB0139,0,mean,first_legitimate_watermarked_coalition_copy,4.5378,0.9958,19.53,0,,
wmcodec,2,45,chinese:SSB0139,0,fwp,first_legitimate_watermarked_coalition_copy,4.5378,0.9958,19.53,0,,
wmcodec,2,46,chinese:SSB0139,1,mean,first_legitimate_watermarked_coalition_copy,4.4776,0.9951,18.32,0,,
wmcodec,2,46,chinese:SSB0139,1,fwp,first_legitimate_watermarked_coalition_copy,4.4776,0.9951,18.32,0,,
wmcodec,2,47,chinese:SSB0139,2,mean,first_legitimate_watermarked_coalition_copy,4.4394,0.9952,19.31,0,,
wmcodec,2,47,chinese:SSB0139,2,fwp,first_legitimate_watermarked_coalition_copy,4.4394,0.9952,19.31,0,,
wmcodec,2,48,chinese:SSB0145,0,mean,first_legitimate_watermarked_coalition_copy,4.3064,0.9881,16.91,0,,
wmcodec,2,48,chinese:SSB0145,0,fwp,first_legitimate_watermarked_coalition_copy,4.3064,0.9881,16.91,0,,
wmcodec,2,49,chinese:SSB0145,1,mean,first_legitimate_watermarked_coalition_copy,4.2176,0.9878,16.50,0,,
wmcodec,2,49,chinese:SSB0145,1,fwp,first_legitimate_watermarked_coalition_copy,4.2176,0.9878,16.50,0,,
wmcodec,2,50,chinese:SSB0145,2,mean,first_legitimate_watermarked_coalition_copy,4.3698,0.9912,17.82,0,,
wmcodec,2,50,chinese:SSB0145,2,fwp,first_legitimate_watermarked_coalition_copy,4.3698,0.9912,17.82,0,,
wmcodec,2,51,chinese:SSB0149,0,mean,first_legitimate_watermarked_coalition_copy,4.3689,0.9923,15.79,0,,
wmcodec,2,51,chinese:SSB0149,0,fwp,first_legitimate_watermarked_coalition_copy,4.3689,0.9923,15.79,0,,
wmcodec,2,52,chinese:SSB0149,1,mean,first_legitimate_watermarked_coalition_copy,4.5038,0.9933,15.81,0,,
wmcodec,2,52,chinese:SSB0149,1,fwp,first_legitimate_watermarked_coalition_copy,4.5038,0.9933,15.81,0,,
wmcodec,2,53,chinese:SSB0149,2,mean,first_legitimate_watermarked_coalition_copy,4.4518,0.9910,14.68,0,,
wmcodec,2,53,chinese:SSB0149,2,fwp,first_legitimate_watermarked_coalition_copy,4.4518,0.9910,14.68,0,,
wmcodec,2,54,chinese:SSB0193,0,mean,first_legitimate_watermarked_coalition_copy,4.4169,0.9889,15.74,0,,
wmcodec,2,54,chinese:SSB0193,0,fwp,first_legitimate_watermarked_coalition_copy,4.4169,0.9889,15.74,0,,
wmcodec,2,55,chinese:SSB0193,1,mean,first_legitimate_watermarked_coalition_copy,4.3786,0.9880,16.57,0,,
wmcodec,2,55,chinese:SSB0193,1,fwp,first_legitimate_watermarked_coalition_copy,4.3786,0.9880,16.57,0,,
wmcodec,2,56,chinese:SSB0193,2,mean,first_legitimate_watermarked_coalition_copy,4.4590,0.9889,17.14,0,,
wmcodec,2,56,chinese:SSB0193,2,fwp,first_legitimate_watermarked_coalition_copy,4.4590,0.9889,17.14,0,,
wmcodec,2,57,chinese:SSB0197,0,mean,first_legitimate_watermarked_coalition_copy,4.4264,0.9899,17.84,0,,
wmcodec,2,57,chinese:SSB0197,0,fwp,first_legitimate_watermarked_coalition_copy,4.4264,0.9899,17.84,0,,
wmcodec,2,58,chinese:SSB0197,1,mean,first_legitimate_watermarked_coalition_copy,4.4810,0.9896,16.25,0,,
wmcodec,2,58,chinese:SSB0197,1,fwp,first_legitimate_watermarked_coalition_copy,4.4810,0.9896,16.25,0,,
wmcodec,2,59,chinese:SSB0197,2,mean,first_legitimate_watermarked_coalition_copy,4.4463,0.9884,17.72,0,,
wmcodec,2,59,chinese:SSB0197,2,fwp,first_legitimate_watermarked_coalition_copy,4.4463,0.9884,17.72,0,,
wmcodec,2,60,chinese:SSB0200,0,mean,first_legitimate_watermarked_coalition_copy,4.3470,0.9891,16.05,0,,
wmcodec,2,60,chinese:SSB0200,0,fwp,first_legitimate_watermarked_coalition_copy,4.3470,0.9891,16.05,0,,
wmcodec,2,61,chinese:SSB0200,1,mean,first_legitimate_watermarked_coalition_copy,4.4612,0.9889,16.63,0,,
wmcodec,2,61,chinese:SSB0200,1,fwp,first_legitimate_watermarked_coalition_copy,4.4612,0.9889,16.63,0,,
wmcodec,2,62,chinese:SSB0200,2,mean,first_legitimate_watermarked_coalition_copy,4.3326,0.9861,15.45,0,,
wmcodec,2,62,chinese:SSB0200,2,fwp,first_legitimate_watermarked_coalition_copy,4.3326,0.9861,15.45,0,,
wmcodec,2,63,chinese:SSB0241,0,mean,first_legitimate_watermarked_coalition_copy,4.4734,0.9931,17.75,0,,
wmcodec,2,63,chinese:SSB0241,0,fwp,first_legitimate_watermarked_coalition_copy,4.4734,0.9931,17.75,0,,
wmcodec,2,64,chinese:SSB0241,1,mean,first_legitimate_watermarked_coalition_copy,4.4535,0.9918,17.82,0,,
wmcodec,2,64,chinese:SSB0241,1,fwp,first_legitimate_watermarked_coalition_copy,4.4535,0.9918,17.82,0,,
wmcodec,2,65,chinese:SSB0241,2,mean,first_legitimate_watermarked_coalition_copy,4.4173,0.9911,17.43,0,,
wmcodec,2,65,chinese:SSB0241,2,fwp,first_legitimate_watermarked_coalition_copy,4.4173,0.9911,17.43,0,,
wmcodec,2,66,chinese:SSB0246,0,mean,first_legitimate_watermarked_coalition_copy,4.3595,0.9908,19.11,0,,
wmcodec,2,66,chinese:SSB0246,0,fwp,first_legitimate_watermarked_coalition_copy,4.3595,0.9908,19.11,0,,
wmcodec,2,67,chinese:SSB0246,1,mean,first_legitimate_watermarked_coalition_copy,4.3797,0.9918,18.99,0,,
wmcodec,2,67,chinese:SSB0246,1,fwp,first_legitimate_watermarked_coalition_copy,4.3797,0.9918,18.99,0,,
wmcodec,2,68,chinese:SSB0246,2,mean,first_legitimate_watermarked_coalition_copy,4.3741,0.9904,18.89,0,,
wmcodec,2,68,chinese:SSB0246,2,fwp,first_legitimate_watermarked_coalition_copy,4.3741,0.9904,18.89,0,,
wmcodec,2,69,chinese:SSB0261,0,mean,first_legitimate_watermarked_coalition_copy,4.4334,0.9881,16.83,0,,
wmcodec,2,69,chinese:SSB0261,0,fwp,first_legitimate_watermarked_coalition_copy,4.4334,0.9881,16.83,0,,
wmcodec,2,70,chinese:SSB0261,1,mean,first_legitimate_watermarked_coalition_copy,4.3652,0.9883,16.71,0,,
wmcodec,2,70,chinese:SSB0261,1,fwp,first_legitimate_watermarked_coalition_copy,4.3652,0.9883,16.71,0,,
wmcodec,2,71,chinese:SSB0261,2,mean,first_legitimate_watermarked_coalition_copy,4.2992,0.9876,16.33,0,,
wmcodec,2,71,chinese:SSB0261,2,fwp,first_legitimate_watermarked_coalition_copy,4.2992,0.9876,16.33,0,,
wmcodec,2,72,chinese:SSB0267,0,mean,first_legitimate_watermarked_coalition_copy,4.3326,0.9882,19.30,0,,
wmcodec,2,72,chinese:SSB0267,0,fwp,first_legitimate_watermarked_coalition_copy,4.3326,0.9882,19.30,0,,
wmcodec,2,73,chinese:SSB0267,1,mean,first_legitimate_watermarked_coalition_copy,4.2740,0.9879,19.25,0,,
wmcodec,2,73,chinese:SSB0267,1,fwp,first_legitimate_watermarked_coalition_copy,4.2740,0.9879,19.25,0,,
wmcodec,2,74,chinese:SSB0267,2,mean,first_legitimate_watermarked_coalition_copy,4.3520,0.9891,19.23,0,,
wmcodec,2,74,chinese:SSB0267,2,fwp,first_legitimate_watermarked_coalition_copy,4.3520,0.9891,19.23,0,,
wmcodec,2,75,chinese:SSB0273,0,mean,first_legitimate_watermarked_coalition_copy,4.4678,0.9926,19.24,0,,
wmcodec,2,75,chinese:SSB0273,0,fwp,first_legitimate_watermarked_coalition_copy,4.4678,0.9926,19.24,0,,
wmcodec,2,76,chinese:SSB0273,1,mean,first_legitimate_watermarked_coalition_copy,4.4543,0.9926,18.77,0,,
wmcodec,2,76,chinese:SSB0273,1,fwp,first_legitimate_watermarked_coalition_copy,4.4543,0.9926,18.77,0,,
wmcodec,2,77,chinese:SSB0273,2,mean,first_legitimate_watermarked_coalition_copy,4.4388,0.9917,19.13,0,,
wmcodec,2,77,chinese:SSB0273,2,fwp,first_legitimate_watermarked_coalition_copy,4.4388,0.9917,19.13,0,,
wmcodec,2,78,chinese:SSB0287,0,mean,first_legitimate_watermarked_coalition_copy,4.4514,0.9895,14.78,0,,
wmcodec,2,78,chinese:SSB0287,0,fwp,first_legitimate_watermarked_coalition_copy,4.4514,0.9895,14.78,0,,
wmcodec,2,79,chinese:SSB0287,1,mean,first_legitimate_watermarked_coalition_copy,4.4178,0.9885,16.07,0,,
wmcodec,2,79,chinese:SSB0287,1,fwp,first_legitimate_watermarked_coalition_copy,4.4178,0.9885,16.07,0,,
wmcodec,2,80,chinese:SSB0287,2,mean,first_legitimate_watermarked_coalition_copy,4.4692,0.9906,16.50,0,,
wmcodec,2,80,chinese:SSB0287,2,fwp,first_legitimate_watermarked_coalition_copy,4.4692,0.9906,16.50,0,,
wmcodec,2,81,chinese:SSB0288,0,mean,first_legitimate_watermarked_coalition_copy,4.4578,0.9924,19.29,0,,
wmcodec,2,81,chinese:SSB0288,0,fwp,first_legitimate_watermarked_coalition_copy,4.4578,0.9924,19.29,0,,
wmcodec,2,82,chinese:SSB0288,1,mean,first_legitimate_watermarked_coalition_copy,4.4675,0.9935,18.74,0,,
wmcodec,2,82,chinese:SSB0288,1,fwp,first_legitimate_watermarked_coalition_copy,4.4675,0.9935,18.74,0,,
wmcodec,2,83,chinese:SSB0288,2,mean,first_legitimate_watermarked_coalition_copy,4.4568,0.9917,18.87,0,,
wmcodec,2,83,chinese:SSB0288,2,fwp,first_legitimate_watermarked_coalition_copy,4.4568,0.9917,18.87,0,,
wmcodec,2,84,chinese:SSB0299,0,mean,first_legitimate_watermarked_coalition_copy,4.3742,0.9938,18.28,0,,
wmcodec,2,84,chinese:SSB0299,0,fwp,first_legitimate_watermarked_coalition_copy,4.3742,0.9938,18.28,0,,
wmcodec,2,85,chinese:SSB0299,1,mean,first_legitimate_watermarked_coalition_copy,4.3546,0.9936,17.74,0,,
wmcodec,2,85,chinese:SSB0299,1,fwp,first_legitimate_watermarked_coalition_copy,4.3546,0.9936,17.74,0,,
wmcodec,2,86,chinese:SSB0299,2,mean,first_legitimate_watermarked_coalition_copy,4.3479,0.9935,17.00,0,,
wmcodec,2,86,chinese:SSB0299,2,fwp,first_legitimate_watermarked_coalition_copy,4.3479,0.9935,17.00,0,,
wmcodec,2,87,chinese:SSB0307,0,mean,first_legitimate_watermarked_coalition_copy,4.4100,0.9878,17.88,0,,
wmcodec,2,87,chinese:SSB0307,0,fwp,first_legitimate_watermarked_coalition_copy,4.4100,0.9878,17.88,0,,
wmcodec,2,88,chinese:SSB0307,1,mean,first_legitimate_watermarked_coalition_copy,4.4823,0.9894,17.37,0,,
wmcodec,2,88,chinese:SSB0307,1,fwp,first_legitimate_watermarked_coalition_copy,4.4823,0.9894,17.37,0,,
wmcodec,2,89,chinese:SSB0307,2,mean,first_legitimate_watermarked_coalition_copy,4.4312,0.9880,17.48,0,,
wmcodec,2,89,chinese:SSB0307,2,fwp,first_legitimate_watermarked_coalition_copy,4.4312,0.9880,17.48,0,,
wmcodec,2,90,chinese:SSB0309,0,mean,first_legitimate_watermarked_coalition_copy,4.3858,0.9912,17.61,0,,
wmcodec,2,90,chinese:SSB0309,0,fwp,first_legitimate_watermarked_coalition_copy,4.3858,0.9912,17.61,0,,
wmcodec,2,91,chinese:SSB0309,1,mean,first_legitimate_watermarked_coalition_copy,4.4533,0.9936,19.38,0,,
wmcodec,2,91,chinese:SSB0309,1,fwp,first_legitimate_watermarked_coalition_copy,4.4533,0.9936,19.38,0,,
wmcodec,2,92,chinese:SSB0309,2,mean,first_legitimate_watermarked_coalition_copy,4.4028,0.9911,17.86,0,,
wmcodec,2,92,chinese:SSB0309,2,fwp,first_legitimate_watermarked_coalition_copy,4.4028,0.9911,17.86,0,,
wmcodec,2,93,chinese:SSB0315,0,mean,first_legitimate_watermarked_coalition_copy,4.4737,0.9928,18.69,0,,
wmcodec,2,93,chinese:SSB0315,0,fwp,first_legitimate_watermarked_coalition_copy,4.4737,0.9928,18.69,0,,
wmcodec,2,94,chinese:SSB0315,1,mean,first_legitimate_watermarked_coalition_copy,4.4853,0.9929,19.76,0,,
wmcodec,2,94,chinese:SSB0315,1,fwp,first_legitimate_watermarked_coalition_copy,4.4853,0.9929,19.76,0,,
wmcodec,2,95,chinese:SSB0315,2,mean,first_legitimate_watermarked_coalition_copy,4.4784,0.9913,18.42,0,,
wmcodec,2,95,chinese:SSB0315,2,fwp,first_legitimate_watermarked_coalition_copy,4.4784,0.9913,18.42,0,,
wmcodec,2,96,chinese:SSB0316,0,mean,first_legitimate_watermarked_coalition_copy,4.3154,0.9864,16.35,0,,
wmcodec,2,96,chinese:SSB0316,0,fwp,first_legitimate_watermarked_coalition_copy,4.3154,0.9864,16.35,0,,
wmcodec,2,97,chinese:SSB0316,1,mean,first_legitimate_watermarked_coalition_copy,4.3472,0.9867,15.97,0,,
wmcodec,2,97,chinese:SSB0316,1,fwp,first_legitimate_watermarked_coalition_copy,4.3472,0.9867,15.97,0,,
wmcodec,2,98,chinese:SSB0316,2,mean,first_legitimate_watermarked_coalition_copy,4.3727,0.9886,16.56,0,,
wmcodec,2,98,chinese:SSB0316,2,fwp,first_legitimate_watermarked_coalition_copy,4.3727,0.9886,16.56,0,,
wmcodec,2,99,chinese:SSB0323,0,mean,first_legitimate_watermarked_coalition_copy,4.4162,0.9916,17.36,0,,
wmcodec,2,99,chinese:SSB0323,0,fwp,first_legitimate_watermarked_coalition_copy,4.4162,0.9916,17.36,0,,
wmcodec,2,100,chinese:SSB0323,1,mean,first_legitimate_watermarked_coalition_copy,4.4450,0.9909,17.43,0,,
wmcodec,2,100,chinese:SSB0323,1,fwp,first_legitimate_watermarked_coalition_copy,4.4450,0.9909,17.43,0,,
wmcodec,2,101,chinese:SSB0323,2,mean,first_legitimate_watermarked_coalition_copy,4.4126,0.9916,16.51,0,,
wmcodec,2,101,chinese:SSB0323,2,fwp,first_legitimate_watermarked_coalition_copy,4.4126,0.9916,16.51,0,,
wmcodec,2,102,chinese:SSB0338,0,mean,first_legitimate_watermarked_coalition_copy,4.3362,0.9898,16.37,0,,
wmcodec,2,102,chinese:SSB0338,0,fwp,first_legitimate_watermarked_coalition_copy,4.3362,0.9898,16.37,0,,
wmcodec,2,103,chinese:SSB0338,1,mean,first_legitimate_watermarked_coalition_copy,4.4393,0.9913,16.24,0,,
wmcodec,2,103,chinese:SSB0338,1,fwp,first_legitimate_watermarked_coalition_copy,4.4393,0.9913,16.24,0,,
wmcodec,2,104,chinese:SSB0338,2,mean,first_legitimate_watermarked_coalition_copy,4.3196,0.9902,15.69,0,,
wmcodec,2,104,chinese:SSB0338,2,fwp,first_legitimate_watermarked_coalition_copy,4.3196,0.9902,15.69,0,,
wmcodec,2,105,chinese:SSB0339,0,mean,first_legitimate_watermarked_coalition_copy,4.2764,0.9856,15.80,0,,
wmcodec,2,105,chinese:SSB0339,0,fwp,first_legitimate_watermarked_coalition_copy,4.2764,0.9856,15.80,0,,
wmcodec,2,106,chinese:SSB0339,1,mean,first_legitimate_watermarked_coalition_copy,4.1977,0.9796,14.38,0,,
wmcodec,2,106,chinese:SSB0339,1,fwp,first_legitimate_watermarked_coalition_copy,4.1977,0.9796,14.38,0,,
wmcodec,2,107,chinese:SSB0339,2,mean,first_legitimate_watermarked_coalition_copy,4.0738,0.9841,15.07,0,,
wmcodec,2,107,chinese:SSB0339,2,fwp,first_legitimate_watermarked_coalition_copy,4.0738,0.9841,15.07,0,,
wmcodec,2,108,chinese:SSB0341,0,mean,first_legitimate_watermarked_coalition_copy,4.2249,0.9905,18.58,0,,
wmcodec,2,108,chinese:SSB0341,0,fwp,first_legitimate_watermarked_coalition_copy,4.2249,0.9905,18.58,0,,
wmcodec,2,109,chinese:SSB0341,1,mean,first_legitimate_watermarked_coalition_copy,4.4239,0.9888,16.80,0,,
wmcodec,2,109,chinese:SSB0341,1,fwp,first_legitimate_watermarked_coalition_copy,4.4239,0.9888,16.80,0,,
wmcodec,2,110,chinese:SSB0341,2,mean,first_legitimate_watermarked_coalition_copy,4.3815,0.9887,18.00,0,,
wmcodec,2,110,chinese:SSB0341,2,fwp,first_legitimate_watermarked_coalition_copy,4.3815,0.9887,18.00,0,,
wmcodec,2,111,chinese:SSB0342,0,mean,first_legitimate_watermarked_coalition_copy,4.4032,0.9919,20.55,0,,
wmcodec,2,111,chinese:SSB0342,0,fwp,first_legitimate_watermarked_coalition_copy,4.4032,0.9919,20.55,0,,
wmcodec,2,112,chinese:SSB0342,1,mean,first_legitimate_watermarked_coalition_copy,4.4314,0.9917,19.80,0,,
wmcodec,2,112,chinese:SSB0342,1,fwp,first_legitimate_watermarked_coalition_copy,4.4314,0.9917,19.80,0,,
wmcodec,2,113,chinese:SSB0342,2,mean,first_legitimate_watermarked_coalition_copy,4.4302,0.9916,19.79,0,,
wmcodec,2,113,chinese:SSB0342,2,fwp,first_legitimate_watermarked_coalition_copy,4.4302,0.9916,19.79,0,,
wmcodec,2,114,chinese:SSB0354,0,mean,first_legitimate_watermarked_coalition_copy,4.4231,0.9899,19.94,0,,
wmcodec,2,114,chinese:SSB0354,0,fwp,first_legitimate_watermarked_coalition_copy,4.4231,0.9899,19.94,0,,
wmcodec,2,115,chinese:SSB0354,1,mean,first_legitimate_watermarked_coalition_copy,4.4530,0.9905,19.70,0,,
wmcodec,2,115,chinese:SSB0354,1,fwp,first_legitimate_watermarked_coalition_copy,4.4530,0.9905,19.70,0,,
wmcodec,2,116,chinese:SSB0354,2,mean,first_legitimate_watermarked_coalition_copy,4.4253,0.9892,20.15,0,,
wmcodec,2,116,chinese:SSB0354,2,fwp,first_legitimate_watermarked_coalition_copy,4.4253,0.9892,20.15,0,,
wmcodec,2,117,chinese:SSB0366,0,mean,first_legitimate_watermarked_coalition_copy,4.3350,0.9837,17.22,0,,
wmcodec,2,117,chinese:SSB0366,0,fwp,first_legitimate_watermarked_coalition_copy,4.3350,0.9837,17.22,0,,
wmcodec,2,118,chinese:SSB0366,1,mean,first_legitimate_watermarked_coalition_copy,4.2574,0.9831,17.32,0,,
wmcodec,2,118,chinese:SSB0366,1,fwp,first_legitimate_watermarked_coalition_copy,4.2574,0.9831,17.32,0,,
wmcodec,2,119,chinese:SSB0366,2,mean,first_legitimate_watermarked_coalition_copy,4.2448,0.9825,16.51,0,,
wmcodec,2,119,chinese:SSB0366,2,fwp,first_legitimate_watermarked_coalition_copy,4.2448,0.9825,16.51,0,,
wmcodec,2,120,chinese:SSB0375,0,mean,first_legitimate_watermarked_coalition_copy,4.3960,0.9905,17.08,0,,
wmcodec,2,120,chinese:SSB0375,0,fwp,first_legitimate_watermarked_coalition_copy,4.3960,0.9905,17.08,0,,
wmcodec,2,121,chinese:SSB0375,1,mean,first_legitimate_watermarked_coalition_copy,4.3730,0.9887,17.00,0,,
wmcodec,2,121,chinese:SSB0375,1,fwp,first_legitimate_watermarked_coalition_copy,4.3730,0.9887,17.00,0,,
wmcodec,2,122,chinese:SSB0375,2,mean,first_legitimate_watermarked_coalition_copy,4.4758,0.9896,16.92,0,,
wmcodec,2,122,chinese:SSB0375,2,fwp,first_legitimate_watermarked_coalition_copy,4.4758,0.9896,16.92,0,,
wmcodec,2,123,chinese:SSB0379,0,mean,first_legitimate_watermarked_coalition_copy,4.4091,0.9933,18.39,0,,
wmcodec,2,123,chinese:SSB0379,0,fwp,first_legitimate_watermarked_coalition_copy,4.4091,0.9933,18.39,0,,
wmcodec,2,124,chinese:SSB0379,1,mean,first_legitimate_watermarked_coalition_copy,4.2803,0.9909,17.74,0,,
wmcodec,2,124,chinese:SSB0379,1,fwp,first_legitimate_watermarked_coalition_copy,4.2803,0.9909,17.74,0,,
wmcodec,2,125,chinese:SSB0379,2,mean,first_legitimate_watermarked_coalition_copy,4.4347,0.9933,18.95,0,,
wmcodec,2,125,chinese:SSB0379,2,fwp,first_legitimate_watermarked_coalition_copy,4.4347,0.9933,18.95,0,,
wmcodec,2,126,chinese:SSB0380,0,mean,first_legitimate_watermarked_coalition_copy,4.3470,0.9859,13.87,0,,
wmcodec,2,126,chinese:SSB0380,0,fwp,first_legitimate_watermarked_coalition_copy,4.3470,0.9859,13.87,0,,
wmcodec,2,127,chinese:SSB0380,1,mean,first_legitimate_watermarked_coalition_copy,4.3360,0.9863,15.66,0,,
wmcodec,2,127,chinese:SSB0380,1,fwp,first_legitimate_watermarked_coalition_copy,4.3360,0.9863,15.66,0,,
wmcodec,2,128,chinese:SSB0380,2,mean,first_legitimate_watermarked_coalition_copy,4.3168,0.9865,13.81,0,,
wmcodec,2,128,chinese:SSB0380,2,fwp,first_legitimate_watermarked_coalition_copy,4.3168,0.9865,13.81,0,,
wmcodec,2,129,chinese:SSB0382,0,mean,first_legitimate_watermarked_coalition_copy,4.3614,0.9877,15.43,0,,
wmcodec,2,129,chinese:SSB0382,0,fwp,first_legitimate_watermarked_coalition_copy,4.3614,0.9877,15.43,0,,
wmcodec,2,130,chinese:SSB0382,1,mean,first_legitimate_watermarked_coalition_copy,4.4023,0.9889,16.63,0,,
wmcodec,2,130,chinese:SSB0382,1,fwp,first_legitimate_watermarked_coalition_copy,4.4023,0.9889,16.63,0,,
wmcodec,2,131,chinese:SSB0382,2,mean,first_legitimate_watermarked_coalition_copy,4.4000,0.9881,16.50,0,,
wmcodec,2,131,chinese:SSB0382,2,fwp,first_legitimate_watermarked_coalition_copy,4.4000,0.9881,16.50,0,,
wmcodec,2,132,chinese:SSB0385,0,mean,first_legitimate_watermarked_coalition_copy,4.5221,0.9891,15.86,0,,
wmcodec,2,132,chinese:SSB0385,0,fwp,first_legitimate_watermarked_coalition_copy,4.5221,0.9891,15.86,0,,
wmcodec,2,133,chinese:SSB0385,1,mean,first_legitimate_watermarked_coalition_copy,4.4339,0.9893,15.87,0,,
wmcodec,2,133,chinese:SSB0385,1,fwp,first_legitimate_watermarked_coalition_copy,4.4339,0.9893,15.87,0,,
wmcodec,2,134,chinese:SSB0385,2,mean,first_legitimate_watermarked_coalition_copy,4.4790,0.9896,16.48,0,,
wmcodec,2,134,chinese:SSB0385,2,fwp,first_legitimate_watermarked_coalition_copy,4.4790,0.9896,16.48,0,,
wmcodec,2,135,chinese:SSB0393,0,mean,first_legitimate_watermarked_coalition_copy,4.4669,0.9909,17.36,0,,
wmcodec,2,135,chinese:SSB0393,0,fwp,first_legitimate_watermarked_coalition_copy,4.4669,0.9909,17.36,0,,
wmcodec,2,136,chinese:SSB0393,1,mean,first_legitimate_watermarked_coalition_copy,4.3565,0.9899,16.72,0,,
wmcodec,2,136,chinese:SSB0393,1,fwp,first_legitimate_watermarked_coalition_copy,4.3565,0.9899,16.72,0,,
wmcodec,2,137,chinese:SSB0393,2,mean,first_legitimate_watermarked_coalition_copy,4.4689,0.9921,17.46,0,,
wmcodec,2,137,chinese:SSB0393,2,fwp,first_legitimate_watermarked_coalition_copy,4.4689,0.9921,17.46,0,,
wmcodec,2,138,chinese:SSB0394,0,mean,first_legitimate_watermarked_coalition_copy,4.1282,0.9785,17.19,0,,
wmcodec,2,138,chinese:SSB0394,0,fwp,first_legitimate_watermarked_coalition_copy,4.1282,0.9785,17.19,0,,
wmcodec,2,139,chinese:SSB0394,1,mean,first_legitimate_watermarked_coalition_copy,4.0870,0.9803,17.85,0,,
wmcodec,2,139,chinese:SSB0394,1,fwp,first_legitimate_watermarked_coalition_copy,4.0870,0.9803,17.85,0,,
wmcodec,2,140,chinese:SSB0394,2,mean,first_legitimate_watermarked_coalition_copy,4.0750,0.9797,17.18,0,,
wmcodec,2,140,chinese:SSB0394,2,fwp,first_legitimate_watermarked_coalition_copy,4.0750,0.9797,17.18,0,,
wmcodec,2,141,chinese:SSB0395,0,mean,first_legitimate_watermarked_coalition_copy,4.3713,0.9862,18.73,0,,
wmcodec,2,141,chinese:SSB0395,0,fwp,first_legitimate_watermarked_coalition_copy,4.3713,0.9862,18.73,0,,
wmcodec,2,142,chinese:SSB0395,1,mean,first_legitimate_watermarked_coalition_copy,4.4273,0.9896,19.91,0,,
wmcodec,2,142,chinese:SSB0395,1,fwp,first_legitimate_watermarked_coalition_copy,4.4273,0.9896,19.91,0,,
wmcodec,2,143,chinese:SSB0395,2,mean,first_legitimate_watermarked_coalition_copy,4.4445,0.9910,19.45,0,,
wmcodec,2,143,chinese:SSB0395,2,fwp,first_legitimate_watermarked_coalition_copy,4.4445,0.9910,19.45,0,,
wmcodec,2,144,chinese:SSB0407,0,mean,first_legitimate_watermarked_coalition_copy,4.3660,0.9906,19.91,0,,
wmcodec,2,144,chinese:SSB0407,0,fwp,first_legitimate_watermarked_coalition_copy,4.3660,0.9906,19.91,0,,
wmcodec,2,145,chinese:SSB0407,1,mean,first_legitimate_watermarked_coalition_copy,4.2961,0.9910,19.88,0,,
wmcodec,2,145,chinese:SSB0407,1,fwp,first_legitimate_watermarked_coalition_copy,4.2961,0.9910,19.88,0,,
wmcodec,2,146,chinese:SSB0407,2,mean,first_legitimate_watermarked_coalition_copy,4.4032,0.9914,20.19,0,,
wmcodec,2,146,chinese:SSB0407,2,fwp,first_legitimate_watermarked_coalition_copy,4.4032,0.9914,20.19,0,,
wmcodec,2,147,chinese:SSB0415,0,mean,first_legitimate_watermarked_coalition_copy,4.3673,0.9898,17.75,0,,
wmcodec,2,147,chinese:SSB0415,0,fwp,first_legitimate_watermarked_coalition_copy,4.3673,0.9898,17.75,0,,
wmcodec,2,148,chinese:SSB0415,1,mean,first_legitimate_watermarked_coalition_copy,4.3814,0.9913,19.01,0,,
wmcodec,2,148,chinese:SSB0415,1,fwp,first_legitimate_watermarked_coalition_copy,4.3814,0.9913,19.01,0,,
wmcodec,2,149,chinese:SSB0415,2,mean,first_legitimate_watermarked_coalition_copy,4.1463,0.9897,16.80,0,,
wmcodec,2,149,chinese:SSB0415,2,fwp,first_legitimate_watermarked_coalition_copy,4.1463,0.9897,16.80,0,,
wmcodec,2,150,english:103,0,mean,first_legitimate_watermarked_coalition_copy,4.3201,0.9831,11.23,0,,
wmcodec,2,150,english:103,0,fwp,first_legitimate_watermarked_coalition_copy,4.3201,0.9831,11.23,0,,
wmcodec,2,151,english:103,1,mean,first_legitimate_watermarked_coalition_copy,4.3913,0.9856,12.16,0,,
wmcodec,2,151,english:103,1,fwp,first_legitimate_watermarked_coalition_copy,4.3913,0.9856,12.16,0,,
wmcodec,2,152,english:103,2,mean,first_legitimate_watermarked_coalition_copy,4.4264,0.9851,12.12,0,,
wmcodec,2,152,english:103,2,fwp,first_legitimate_watermarked_coalition_copy,4.4264,0.9851,12.12,0,,
wmcodec,2,153,english:1034,0,mean,first_legitimate_watermarked_coalition_copy,4.3526,0.9796,15.02,0,,
wmcodec,2,153,english:1034,0,fwp,first_legitimate_watermarked_coalition_copy,4.3526,0.9796,15.02,0,,
wmcodec,2,154,english:1034,1,mean,first_legitimate_watermarked_coalition_copy,4.3369,0.9764,15.20,0,,
wmcodec,2,154,english:1034,1,fwp,first_legitimate_watermarked_coalition_copy,4.3369,0.9764,15.20,0,,
wmcodec,2,155,english:1034,2,mean,first_legitimate_watermarked_coalition_copy,4.3414,0.9758,15.50,0,,
wmcodec,2,155,english:1034,2,fwp,first_legitimate_watermarked_coalition_copy,4.3414,0.9758,15.50,0,,
wmcodec,2,156,english:1040,0,mean,first_legitimate_watermarked_coalition_copy,4.3909,0.9894,15.84,0,,
wmcodec,2,156,english:1040,0,fwp,first_legitimate_watermarked_coalition_copy,4.3909,0.9894,15.84,0,,
wmcodec,2,157,english:1040,1,mean,first_legitimate_watermarked_coalition_copy,4.3308,0.9853,14.67,0,,
wmcodec,2,157,english:1040,1,fwp,first_legitimate_watermarked_coalition_copy,4.3308,0.9853,14.67,0,,
wmcodec,2,158,english:1040,2,mean,first_legitimate_watermarked_coalition_copy,4.4341,0.9861,15.11,0,,
wmcodec,2,158,english:1040,2,fwp,first_legitimate_watermarked_coalition_copy,4.4341,0.9861,15.11,0,,
wmcodec,2,159,english:1069,0,mean,first_legitimate_watermarked_coalition_copy,4.4004,0.9929,17.17,0,,
wmcodec,2,159,english:1069,0,fwp,first_legitimate_watermarked_coalition_copy,4.4004,0.9929,17.17,0,,
wmcodec,2,160,english:1069,1,mean,first_legitimate_watermarked_coalition_copy,4.4703,0.9938,17.99,0,,
wmcodec,2,160,english:1069,1,fwp,first_legitimate_watermarked_coalition_copy,4.4703,0.9938,17.99,0,,
wmcodec,2,161,english:1069,2,mean,first_legitimate_watermarked_coalition_copy,4.4746,0.9939,18.33,0,,
wmcodec,2,161,english:1069,2,fwp,first_legitimate_watermarked_coalition_copy,4.4746,0.9939,18.33,0,,
wmcodec,2,162,english:1081,0,mean,first_legitimate_watermarked_coalition_copy,4.2173,0.9887,14.18,0,,
wmcodec,2,162,english:1081,0,fwp,first_legitimate_watermarked_coalition_copy,4.2173,0.9887,14.18,0,,
wmcodec,2,163,english:1081,1,mean,first_legitimate_watermarked_coalition_copy,4.2708,0.9878,13.54,0,,
wmcodec,2,163,english:1081,1,fwp,first_legitimate_watermarked_coalition_copy,4.2708,0.9878,13.54,0,,
wmcodec,2,164,english:1081,2,mean,first_legitimate_watermarked_coalition_copy,4.3269,0.9876,13.55,0,,
wmcodec,2,164,english:1081,2,fwp,first_legitimate_watermarked_coalition_copy,4.3269,0.9876,13.55,0,,
wmcodec,2,165,english:1088,0,mean,first_legitimate_watermarked_coalition_copy,4.3944,0.9920,20.50,0,,
wmcodec,2,165,english:1088,0,fwp,first_legitimate_watermarked_coalition_copy,4.3944,0.9920,20.50,0,,
wmcodec,2,166,english:1088,1,mean,first_legitimate_watermarked_coalition_copy,4.3102,0.9925,21.27,0,,
wmcodec,2,166,english:1088,1,fwp,first_legitimate_watermarked_coalition_copy,4.3102,0.9925,21.27,0,,
wmcodec,2,167,english:1088,2,mean,first_legitimate_watermarked_coalition_copy,4.3823,0.9954,21.89,0,,
wmcodec,2,167,english:1088,2,fwp,first_legitimate_watermarked_coalition_copy,4.3823,0.9954,21.89,0,,
wmcodec,2,168,english:1098,0,mean,first_legitimate_watermarked_coalition_copy,4.3184,0.9906,16.37,0,,
wmcodec,2,168,english:1098,0,fwp,first_legitimate_watermarked_coalition_copy,4.3184,0.9906,16.37,0,,
wmcodec,2,169,english:1098,1,mean,first_legitimate_watermarked_coalition_copy,4.4257,0.9902,17.17,0,,
wmcodec,2,169,english:1098,1,fwp,first_legitimate_watermarked_coalition_copy,4.4257,0.9902,17.17,0,,
wmcodec,2,170,english:1098,2,mean,first_legitimate_watermarked_coalition_copy,4.3111,0.9905,16.41,0,,
wmcodec,2,170,english:1098,2,fwp,first_legitimate_watermarked_coalition_copy,4.3111,0.9905,16.41,0,,
wmcodec,2,171,english:1116,0,mean,first_legitimate_watermarked_coalition_copy,4.3129,0.9939,10.53,0,,
wmcodec,2,171,english:1116,0,fwp,first_legitimate_watermarked_coalition_copy,4.3129,0.9939,10.53,0,,
wmcodec,2,172,english:1116,1,mean,first_legitimate_watermarked_coalition_copy,4.4519,0.9942,10.93,0,,
wmcodec,2,172,english:1116,1,fwp,first_legitimate_watermarked_coalition_copy,4.4519,0.9942,10.93,0,,
wmcodec,2,173,english:1116,2,mean,first_legitimate_watermarked_coalition_copy,4.4824,0.9951,10.85,0,,
wmcodec,2,173,english:1116,2,fwp,first_legitimate_watermarked_coalition_copy,4.4824,0.9951,10.85,0,,
wmcodec,2,174,english:118,0,mean,first_legitimate_watermarked_coalition_copy,4.2827,0.9880,11.79,0,,
wmcodec,2,174,english:118,0,fwp,first_legitimate_watermarked_coalition_copy,4.2827,0.9880,11.79,0,,
wmcodec,2,175,english:118,1,mean,first_legitimate_watermarked_coalition_copy,4.2308,0.9859,11.95,0,,
wmcodec,2,175,english:118,1,fwp,first_legitimate_watermarked_coalition_copy,4.2308,0.9859,11.95,0,,
wmcodec,2,176,english:118,2,mean,first_legitimate_watermarked_coalition_copy,4.2915,0.9858,12.52,0,,
wmcodec,2,176,english:118,2,fwp,first_legitimate_watermarked_coalition_copy,4.2915,0.9858,12.52,0,,
wmcodec,2,177,english:1183,0,mean,first_legitimate_watermarked_coalition_copy,4.3177,0.9857,10.04,0,,
wmcodec,2,177,english:1183,0,fwp,first_legitimate_watermarked_coalition_copy,4.3177,0.9857,10.04,0,,
wmcodec,2,178,english:1183,1,mean,first_legitimate_watermarked_coalition_copy,4.3713,0.9882,10.12,0,,
wmcodec,2,178,english:1183,1,fwp,first_legitimate_watermarked_coalition_copy,4.3713,0.9882,10.12,0,,
wmcodec,2,179,english:1183,2,mean,first_legitimate_watermarked_coalition_copy,4.3697,0.9866,9.88,0,,
wmcodec,2,179,english:1183,2,fwp,first_legitimate_watermarked_coalition_copy,4.3697,0.9866,9.88,0,,
wmcodec,2,180,english:1235,0,mean,first_legitimate_watermarked_coalition_copy,4.4057,0.9835,15.79,0,,
wmcodec,2,180,english:1235,0,fwp,first_legitimate_watermarked_coalition_copy,4.4057,0.9835,15.79,0,,
wmcodec,2,181,english:1235,1,mean,first_legitimate_watermarked_coalition_copy,4.4208,0.9827,15.79,0,,
wmcodec,2,181,english:1235,1,fwp,first_legitimate_watermarked_coalition_copy,4.4208,0.9827,15.79,0,,
wmcodec,2,182,english:1235,2,mean,first_legitimate_watermarked_coalition_copy,4.3972,0.9851,16.06,0,,
wmcodec,2,182,english:1235,2,fwp,first_legitimate_watermarked_coalition_copy,4.3972,0.9851,16.06,0,,
wmcodec,2,183,english:1246,0,mean,first_legitimate_watermarked_coalition_copy,4.4013,0.9916,12.96,0,,
wmcodec,2,183,english:1246,0,fwp,first_legitimate_watermarked_coalition_copy,4.4013,0.9916,12.96,0,,
wmcodec,2,184,english:1246,1,mean,first_legitimate_watermarked_coalition_copy,4.4108,0.9923,14.18,0,,
wmcodec,2,184,english:1246,1,fwp,first_legitimate_watermarked_coalition_copy,4.4108,0.9923,14.18,0,,
wmcodec,2,185,english:1246,2,mean,first_legitimate_watermarked_coalition_copy,4.3862,0.9902,14.09,0,,
wmcodec,2,185,english:1246,2,fwp,first_legitimate_watermarked_coalition_copy,4.3862,0.9902,14.09,0,,
wmcodec,2,186,english:125,0,mean,first_legitimate_watermarked_coalition_copy,4.4372,0.9902,12.99,0,,
wmcodec,2,186,english:125,0,fwp,first_legitimate_watermarked_coalition_copy,4.4372,0.9902,12.99,0,,
wmcodec,2,187,english:125,1,mean,first_legitimate_watermarked_coalition_copy,4.3348,0.9868,12.01,0,,
wmcodec,2,187,english:125,1,fwp,first_legitimate_watermarked_coalition_copy,4.3348,0.9868,12.01,0,,
wmcodec,2,188,english:125,2,mean,first_legitimate_watermarked_coalition_copy,4.4224,0.9898,13.15,0,,
wmcodec,2,188,english:125,2,fwp,first_legitimate_watermarked_coalition_copy,4.4224,0.9898,13.15,0,,
wmcodec,2,189,english:1263,0,mean,first_legitimate_watermarked_coalition_copy,4.3616,0.9936,17.70,0,,
wmcodec,2,189,english:1263,0,fwp,first_legitimate_watermarked_coalition_copy,4.3616,0.9936,17.70,0,,
wmcodec,2,190,english:1263,1,mean,first_legitimate_watermarked_coalition_copy,4.3775,0.9935,18.86,0,,
wmcodec,2,190,english:1263,1,fwp,first_legitimate_watermarked_coalition_copy,4.3775,0.9935,18.86,0,,
wmcodec,2,191,english:1263,2,mean,first_legitimate_watermarked_coalition_copy,4.3695,0.9938,18.51,0,,
wmcodec,2,191,english:1263,2,fwp,first_legitimate_watermarked_coalition_copy,4.3695,0.9938,18.51,0,,
wmcodec,2,192,english:1334,0,mean,first_legitimate_watermarked_coalition_copy,4.3848,0.9926,14.55,0,,
wmcodec,2,192,english:1334,0,fwp,first_legitimate_watermarked_coalition_copy,4.3848,0.9926,14.55,0,,
wmcodec,2,193,english:1334,1,mean,first_legitimate_watermarked_coalition_copy,4.4548,0.9902,14.72,0,,
wmcodec,2,193,english:1334,1,fwp,first_legitimate_watermarked_coalition_copy,4.4548,0.9902,14.72,0,,
wmcodec,2,194,english:1334,2,mean,first_legitimate_watermarked_coalition_copy,4.4965,0.9928,15.50,0,,
wmcodec,2,194,english:1334,2,fwp,first_legitimate_watermarked_coalition_copy,4.4965,0.9928,15.50,0,,
wmcodec,2,195,english:1355,0,mean,first_legitimate_watermarked_coalition_copy,4.4187,0.9941,19.39,0,,
wmcodec,2,195,english:1355,0,fwp,first_legitimate_watermarked_coalition_copy,4.4187,0.9941,19.39,0,,
wmcodec,2,196,english:1355,1,mean,first_legitimate_watermarked_coalition_copy,4.4880,0.9954,20.08,0,,
wmcodec,2,196,english:1355,1,fwp,first_legitimate_watermarked_coalition_copy,4.4880,0.9954,20.08,0,,
wmcodec,2,197,english:1355,2,mean,first_legitimate_watermarked_coalition_copy,4.3395,0.9939,19.47,0,,
wmcodec,2,197,english:1355,2,fwp,first_legitimate_watermarked_coalition_copy,4.3395,0.9939,19.47,0,,
wmcodec,2,198,english:1363,0,mean,first_legitimate_watermarked_coalition_copy,4.3070,0.9833,16.04,0,,
wmcodec,2,198,english:1363,0,fwp,first_legitimate_watermarked_coalition_copy,4.3070,0.9833,16.04,0,,
wmcodec,2,199,english:1363,1,mean,first_legitimate_watermarked_coalition_copy,4.3753,0.9853,15.66,0,,
wmcodec,2,199,english:1363,1,fwp,first_legitimate_watermarked_coalition_copy,4.3753,0.9853,15.66,0,,
wmcodec,2,200,english:1363,2,mean,first_legitimate_watermarked_coalition_copy,4.2046,0.9828,15.80,0,,
wmcodec,2,200,english:1363,2,fwp,first_legitimate_watermarked_coalition_copy,4.2046,0.9828,15.80,0,,
wmcodec,2,201,english:1447,0,mean,first_legitimate_watermarked_coalition_copy,4.3066,0.9840,19.70,0,,
wmcodec,2,201,english:1447,0,fwp,first_legitimate_watermarked_coalition_copy,4.3066,0.9840,19.70,0,,
wmcodec,2,202,english:1447,1,mean,first_legitimate_watermarked_coalition_copy,4.3714,0.9821,19.40,0,,
wmcodec,2,202,english:1447,1,fwp,first_legitimate_watermarked_coalition_copy,4.3714,0.9821,19.40,0,,
wmcodec,2,203,english:1447,2,mean,first_legitimate_watermarked_coalition_copy,4.3633,0.9804,18.52,0,,
wmcodec,2,203,english:1447,2,fwp,first_legitimate_watermarked_coalition_copy,4.3633,0.9804,18.52,0,,
wmcodec,2,204,english:1455,0,mean,first_legitimate_watermarked_coalition_copy,4.0901,0.9854,12.34,0,,
wmcodec,2,204,english:1455,0,fwp,first_legitimate_watermarked_coalition_copy,4.0901,0.9854,12.34,0,,
wmcodec,2,205,english:1455,1,mean,first_legitimate_watermarked_coalition_copy,4.2488,0.9847,12.45,0,,
wmcodec,2,205,english:1455,1,fwp,first_legitimate_watermarked_coalition_copy,4.2488,0.9847,12.45,0,,
wmcodec,2,206,english:1455,2,mean,first_legitimate_watermarked_coalition_copy,4.1229,0.9857,12.42,0,,
wmcodec,2,206,english:1455,2,fwp,first_legitimate_watermarked_coalition_copy,4.1229,0.9857,12.42,0,,
wmcodec,2,207,english:150,0,mean,first_legitimate_watermarked_coalition_copy,4.3495,0.9871,13.65,0,,
wmcodec,2,207,english:150,0,fwp,first_legitimate_watermarked_coalition_copy,4.3495,0.9871,13.65,0,,
wmcodec,2,208,english:150,1,mean,first_legitimate_watermarked_coalition_copy,4.3565,0.9884,13.49,0,,
wmcodec,2,208,english:150,1,fwp,first_legitimate_watermarked_coalition_copy,4.3565,0.9884,13.49,0,,
wmcodec,2,209,english:150,2,mean,first_legitimate_watermarked_coalition_copy,4.3934,0.9878,14.60,0,,
wmcodec,2,209,english:150,2,fwp,first_legitimate_watermarked_coalition_copy,4.3934,0.9878,14.60,0,,
wmcodec,2,210,english:1502,0,mean,first_legitimate_watermarked_coalition_copy,4.2458,0.9856,17.12,0,,
wmcodec,2,210,english:1502,0,fwp,first_legitimate_watermarked_coalition_copy,4.2458,0.9856,17.12,0,,
wmcodec,2,211,english:1502,1,mean,first_legitimate_watermarked_coalition_copy,4.3603,0.9844,17.26,0,,
wmcodec,2,211,english:1502,1,fwp,first_legitimate_watermarked_coalition_copy,4.3603,0.9844,17.26,0,,
wmcodec,2,212,english:1502,2,mean,first_legitimate_watermarked_coalition_copy,4.3905,0.9836,16.52,0,,
wmcodec,2,212,english:1502,2,fwp,first_legitimate_watermarked_coalition_copy,4.3905,0.9836,16.52,0,,
wmcodec,2,213,english:1553,0,mean,first_legitimate_watermarked_coalition_copy,4.4030,0.9935,13.74,0,,
wmcodec,2,213,english:1553,0,fwp,first_legitimate_watermarked_coalition_copy,4.4030,0.9935,13.74,0,,
wmcodec,2,214,english:1553,1,mean,first_legitimate_watermarked_coalition_copy,4.4627,0.9937,13.20,0,,
wmcodec,2,214,english:1553,1,fwp,first_legitimate_watermarked_coalition_copy,4.4627,0.9937,13.20,0,,
wmcodec,2,215,english:1553,2,mean,first_legitimate_watermarked_coalition_copy,4.3452,0.9915,11.74,0,,
wmcodec,2,215,english:1553,2,fwp,first_legitimate_watermarked_coalition_copy,4.3452,0.9915,11.74,0,,
wmcodec,2,216,english:1578,0,mean,first_legitimate_watermarked_coalition_copy,4.4258,0.9882,18.99,0,,
wmcodec,2,216,english:1578,0,fwp,first_legitimate_watermarked_coalition_copy,4.4258,0.9882,18.99,0,,
wmcodec,2,217,english:1578,1,mean,first_legitimate_watermarked_coalition_copy,4.4258,0.9914,19.44,0,,
wmcodec,2,217,english:1578,1,fwp,first_legitimate_watermarked_coalition_copy,4.4258,0.9914,19.44,0,,
wmcodec,2,218,english:1578,2,mean,first_legitimate_watermarked_coalition_copy,4.3993,0.9882,17.73,0,,
wmcodec,2,218,english:1578,2,fwp,first_legitimate_watermarked_coalition_copy,4.3993,0.9882,17.73,0,,
wmcodec,2,219,english:1594,0,mean,first_legitimate_watermarked_coalition_copy,4.2813,0.9861,10.25,0,,
wmcodec,2,219,english:1594,0,fwp,first_legitimate_watermarked_coalition_copy,4.2813,0.9861,10.25,0,,
wmcodec,2,220,english:1594,1,mean,first_legitimate_watermarked_coalition_copy,4.1977,0.9857,10.70,0,,
wmcodec,2,220,english:1594,1,fwp,first_legitimate_watermarked_coalition_copy,4.1977,0.9857,10.70,0,,
wmcodec,2,221,english:1594,2,mean,first_legitimate_watermarked_coalition_copy,4.2215,0.9843,10.90,0,,
wmcodec,2,221,english:1594,2,fwp,first_legitimate_watermarked_coalition_copy,4.2215,0.9843,10.90,0,,
wmcodec,2,222,english:1624,0,mean,first_legitimate_watermarked_coalition_copy,4.4176,0.9885,16.56,0,,
wmcodec,2,222,english:1624,0,fwp,first_legitimate_watermarked_coalition_copy,4.4176,0.9885,16.56,0,,
wmcodec,2,223,english:1624,1,mean,first_legitimate_watermarked_coalition_copy,4.3958,0.9898,16.55,0,,
wmcodec,2,223,english:1624,1,fwp,first_legitimate_watermarked_coalition_copy,4.3958,0.9898,16.55,0,,
wmcodec,2,224,english:1624,2,mean,first_legitimate_watermarked_coalition_copy,4.4552,0.9903,17.21,0,,
wmcodec,2,224,english:1624,2,fwp,first_legitimate_watermarked_coalition_copy,4.4552,0.9903,17.21,0,,
wmcodec,2,225,english:163,0,mean,first_legitimate_watermarked_coalition_copy,4.2690,0.9838,15.66,0,,
wmcodec,2,225,english:163,0,fwp,first_legitimate_watermarked_coalition_copy,4.2690,0.9838,15.66,0,,
wmcodec,2,226,english:163,1,mean,first_legitimate_watermarked_coalition_copy,4.3145,0.9832,15.62,0,,
wmcodec,2,226,english:163,1,fwp,first_legitimate_watermarked_coalition_copy,4.3145,0.9832,15.62,0,,
wmcodec,2,227,english:163,2,mean,first_legitimate_watermarked_coalition_copy,4.2303,0.9818,14.68,0,,
wmcodec,2,227,english:163,2,fwp,first_legitimate_watermarked_coalition_copy,4.2303,0.9818,14.68,0,,
wmcodec,2,228,english:1723,0,mean,first_legitimate_watermarked_coalition_copy,4.3382,0.9858,10.18,0,,
wmcodec,2,228,english:1723,0,fwp,first_legitimate_watermarked_coalition_copy,4.3382,0.9858,10.18,0,,
wmcodec,2,229,english:1723,1,mean,first_legitimate_watermarked_coalition_copy,4.2906,0.9850,9.07,0,,
wmcodec,2,229,english:1723,1,fwp,first_legitimate_watermarked_coalition_copy,4.2906,0.9850,9.07,0,,
wmcodec,2,230,english:1723,2,mean,first_legitimate_watermarked_coalition_copy,4.2949,0.9856,9.80,0,,
wmcodec,2,230,english:1723,2,fwp,first_legitimate_watermarked_coalition_copy,4.2949,0.9856,9.80,0,,
wmcodec,2,231,english:1737,0,mean,first_legitimate_watermarked_coalition_copy,4.1583,0.9846,11.24,0,,
wmcodec,2,231,english:1737,0,fwp,first_legitimate_watermarked_coalition_copy,4.1583,0.9846,11.24,0,,
wmcodec,2,232,english:1737,1,mean,first_legitimate_watermarked_coalition_copy,4.2248,0.9837,10.46,0,,
wmcodec,2,232,english:1737,1,fwp,first_legitimate_watermarked_coalition_copy,4.2248,0.9837,10.46,0,,
wmcodec,2,233,english:1737,2,mean,first_legitimate_watermarked_coalition_copy,4.2068,0.9825,8.89,0,,
wmcodec,2,233,english:1737,2,fwp,first_legitimate_watermarked_coalition_copy,4.2068,0.9825,8.89,0,,
wmcodec,2,234,english:1743,0,mean,first_legitimate_watermarked_coalition_copy,4.5056,0.9937,16.70,0,,
wmcodec,2,234,english:1743,0,fwp,first_legitimate_watermarked_coalition_copy,4.5056,0.9937,16.70,0,,
wmcodec,2,235,english:1743,1,mean,first_legitimate_watermarked_coalition_copy,4.4992,0.9955,17.51,0,,
wmcodec,2,235,english:1743,1,fwp,first_legitimate_watermarked_coalition_copy,4.4992,0.9955,17.51,0,,
wmcodec,2,236,english:1743,2,mean,first_legitimate_watermarked_coalition_copy,4.5253,0.9944,17.25,0,,
wmcodec,2,236,english:1743,2,fwp,first_legitimate_watermarked_coalition_copy,4.5253,0.9944,17.25,0,,
wmcodec,2,237,english:1841,0,mean,first_legitimate_watermarked_coalition_copy,4.4067,0.9930,11.91,0,,
wmcodec,2,237,english:1841,0,fwp,first_legitimate_watermarked_coalition_copy,4.4067,0.9930,11.91,0,,
wmcodec,2,238,english:1841,1,mean,first_legitimate_watermarked_coalition_copy,4.4339,0.9946,12.82,0,,
wmcodec,2,238,english:1841,1,fwp,first_legitimate_watermarked_coalition_copy,4.4339,0.9946,12.82,0,,
wmcodec,2,239,english:1841,2,mean,first_legitimate_watermarked_coalition_copy,4.3342,0.9927,12.66,0,,
wmcodec,2,239,english:1841,2,fwp,first_legitimate_watermarked_coalition_copy,4.3342,0.9927,12.66,0,,
wmcodec,2,240,english:1867,0,mean,first_legitimate_watermarked_coalition_copy,4.2506,0.9893,11.88,0,,
wmcodec,2,240,english:1867,0,fwp,first_legitimate_watermarked_coalition_copy,4.2506,0.9893,11.88,0,,
wmcodec,2,241,english:1867,1,mean,first_legitimate_watermarked_coalition_copy,4.3184,0.9896,11.24,0,,
wmcodec,2,241,english:1867,1,fwp,first_legitimate_watermarked_coalition_copy,4.3184,0.9896,11.24,0,,
wmcodec,2,242,english:1867,2,mean,first_legitimate_watermarked_coalition_copy,4.2766,0.9878,10.85,0,,
wmcodec,2,242,english:1867,2,fwp,first_legitimate_watermarked_coalition_copy,4.2766,0.9878,10.85,0,,
wmcodec,2,243,english:1898,0,mean,first_legitimate_watermarked_coalition_copy,4.1325,0.9829,9.20,0,,
wmcodec,2,243,english:1898,0,fwp,first_legitimate_watermarked_coalition_copy,4.1325,0.9829,9.20,0,,
wmcodec,2,244,english:1898,1,mean,first_legitimate_watermarked_coalition_copy,4.0409,0.9808,9.53,0,,
wmcodec,2,244,english:1898,1,fwp,first_legitimate_watermarked_coalition_copy,4.0409,0.9808,9.53,0,,
wmcodec,2,245,english:1898,2,mean,first_legitimate_watermarked_coalition_copy,4.1196,0.9827,9.72,0,,
wmcodec,2,245,english:1898,2,fwp,first_legitimate_watermarked_coalition_copy,4.1196,0.9827,9.72,0,,
wmcodec,2,246,english:19,0,mean,first_legitimate_watermarked_coalition_copy,4.3776,0.9842,16.66,0,,
wmcodec,2,246,english:19,0,fwp,first_legitimate_watermarked_coalition_copy,4.3776,0.9842,16.66,0,,
wmcodec,2,247,english:19,1,mean,first_legitimate_watermarked_coalition_copy,4.4420,0.9854,17.37,0,,
wmcodec,2,247,english:19,1,fwp,first_legitimate_watermarked_coalition_copy,4.4420,0.9854,17.37,0,,
wmcodec,2,248,english:19,2,mean,first_legitimate_watermarked_coalition_copy,4.4062,0.9848,17.02,0,,
wmcodec,2,248,english:19,2,fwp,first_legitimate_watermarked_coalition_copy,4.4062,0.9848,17.02,0,,
wmcodec,2,249,english:1926,0,mean,first_legitimate_watermarked_coalition_copy,4.3473,0.9880,13.01,0,,
wmcodec,2,249,english:1926,0,fwp,first_legitimate_watermarked_coalition_copy,4.3473,0.9880,13.01,0,,
wmcodec,2,250,english:1926,1,mean,first_legitimate_watermarked_coalition_copy,4.3055,0.9867,12.71,0,,
wmcodec,2,250,english:1926,1,fwp,first_legitimate_watermarked_coalition_copy,4.3055,0.9867,12.71,0,,
wmcodec,2,251,english:1926,2,mean,first_legitimate_watermarked_coalition_copy,4.3495,0.9843,11.23,0,,
wmcodec,2,251,english:1926,2,fwp,first_legitimate_watermarked_coalition_copy,4.3495,0.9843,11.23,0,,
wmcodec,2,252,english:196,0,mean,first_legitimate_watermarked_coalition_copy,4.3306,0.9905,15.21,0,,
wmcodec,2,252,english:196,0,fwp,first_legitimate_watermarked_coalition_copy,4.3306,0.9905,15.21,0,,
wmcodec,2,253,english:196,1,mean,first_legitimate_watermarked_coalition_copy,4.4389,0.9896,15.25,0,,
wmcodec,2,253,english:196,1,fwp,first_legitimate_watermarked_coalition_copy,4.4389,0.9896,15.25,0,,
wmcodec,2,254,english:196,2,mean,first_legitimate_watermarked_coalition_copy,4.3805,0.9884,14.79,0,,
wmcodec,2,254,english:196,2,fwp,first_legitimate_watermarked_coalition_copy,4.3805,0.9884,14.79,0,,
wmcodec,2,255,english:1963,0,mean,first_legitimate_watermarked_coalition_copy,4.4057,0.9946,12.16,0,,
wmcodec,2,255,english:1963,0,fwp,first_legitimate_watermarked_coalition_copy,4.4057,0.9946,12.16,0,,
wmcodec,2,256,english:1963,1,mean,first_legitimate_watermarked_coalition_copy,4.4775,0.9943,11.28,0,,
wmcodec,2,256,english:1963,1,fwp,first_legitimate_watermarked_coalition_copy,4.4775,0.9943,11.28,0,,
wmcodec,2,257,english:1963,2,mean,first_legitimate_watermarked_coalition_copy,4.4862,0.9937,11.43,0,,
wmcodec,2,257,english:1963,2,fwp,first_legitimate_watermarked_coalition_copy,4.4862,0.9937,11.43,0,,
wmcodec,2,258,english:1970,0,mean,first_legitimate_watermarked_coalition_copy,4.4284,0.9905,19.86,0,,
wmcodec,2,258,english:1970,0,fwp,first_legitimate_watermarked_coalition_copy,4.4284,0.9905,19.86,0,,
wmcodec,2,259,english:1970,1,mean,first_legitimate_watermarked_coalition_copy,4.5050,0.9909,18.74,0,,
wmcodec,2,259,english:1970,1,fwp,first_legitimate_watermarked_coalition_copy,4.5050,0.9909,18.74,0,,
wmcodec,2,260,english:1970,2,mean,first_legitimate_watermarked_coalition_copy,4.4837,0.9902,19.62,0,,
wmcodec,2,260,english:1970,2,fwp,first_legitimate_watermarked_coalition_copy,4.4837,0.9902,19.62,0,,
wmcodec,2,261,english:198,0,mean,first_legitimate_watermarked_coalition_copy,4.3508,0.9869,12.71,0,,
wmcodec,2,261,english:198,0,fwp,first_legitimate_watermarked_coalition_copy,4.3508,0.9869,12.71,0,,
wmcodec,2,262,english:198,1,mean,first_legitimate_watermarked_coalition_copy,4.1775,0.9867,12.64,0,,
wmcodec,2,262,english:198,1,fwp,first_legitimate_watermarked_coalition_copy,4.1775,0.9867,12.64,0,,
wmcodec,2,263,english:198,2,mean,first_legitimate_watermarked_coalition_copy,4.2105,0.9842,11.88,0,,
wmcodec,2,263,english:198,2,fwp,first_legitimate_watermarked_coalition_copy,4.2105,0.9842,11.88,0,,
wmcodec,2,264,english:1992,0,mean,first_legitimate_watermarked_coalition_copy,4.3355,0.9875,19.99,0,,
wmcodec,2,264,english:1992,0,fwp,first_legitimate_watermarked_coalition_copy,4.3355,0.9875,19.99,0,,
wmcodec,2,265,english:1992,1,mean,first_legitimate_watermarked_coalition_copy,4.3716,0.9897,20.42,0,,
wmcodec,2,265,english:1992,1,fwp,first_legitimate_watermarked_coalition_copy,4.3716,0.9897,20.42,0,,
wmcodec,2,266,english:1992,2,mean,first_legitimate_watermarked_coalition_copy,4.4609,0.9920,20.94,0,,
wmcodec,2,266,english:1992,2,fwp,first_legitimate_watermarked_coalition_copy,4.4609,0.9920,20.94,0,,
wmcodec,2,267,english:200,0,mean,first_legitimate_watermarked_coalition_copy,4.3589,0.9870,18.75,0,,
wmcodec,2,267,english:200,0,fwp,first_legitimate_watermarked_coalition_copy,4.3589,0.9870,18.75,0,,
wmcodec,2,268,english:200,1,mean,first_legitimate_watermarked_coalition_copy,4.3973,0.9883,19.04,0,,
wmcodec,2,268,english:200,1,fwp,first_legitimate_watermarked_coalition_copy,4.3973,0.9883,19.04,0,,
wmcodec,2,269,english:200,2,mean,first_legitimate_watermarked_coalition_copy,4.2827,0.9877,18.93,0,,
wmcodec,2,269,english:200,2,fwp,first_legitimate_watermarked_coalition_copy,4.2827,0.9877,18.93,0,,
wmcodec,2,270,english:2002,0,mean,first_legitimate_watermarked_coalition_copy,4.5037,0.9916,18.10,0,,
wmcodec,2,270,english:2002,0,fwp,first_legitimate_watermarked_coalition_copy,4.5037,0.9916,18.10,0,,
wmcodec,2,271,english:2002,1,mean,first_legitimate_watermarked_coalition_copy,4.4357,0.9923,17.78,0,,
wmcodec,2,271,english:2002,1,fwp,first_legitimate_watermarked_coalition_copy,4.4357,0.9923,17.78,0,,
wmcodec,2,272,english:2002,2,mean,first_legitimate_watermarked_coalition_copy,4.4531,0.9913,17.99,0,,
wmcodec,2,272,english:2002,2,fwp,first_legitimate_watermarked_coalition_copy,4.4531,0.9913,17.99,0,,
wmcodec,2,273,english:2007,0,mean,first_legitimate_watermarked_coalition_copy,4.3115,0.9851,10.61,0,,
wmcodec,2,273,english:2007,0,fwp,first_legitimate_watermarked_coalition_copy,4.3115,0.9851,10.61,0,,
wmcodec,2,274,english:2007,1,mean,first_legitimate_watermarked_coalition_copy,4.1805,0.9809,9.00,0,,
wmcodec,2,274,english:2007,1,fwp,first_legitimate_watermarked_coalition_copy,4.1805,0.9809,9.00,0,,
wmcodec,2,275,english:2007,2,mean,first_legitimate_watermarked_coalition_copy,4.2901,0.9874,11.51,0,,
wmcodec,2,275,english:2007,2,fwp,first_legitimate_watermarked_coalition_copy,4.2901,0.9874,11.51,0,,
wmcodec,2,276,english:201,0,mean,first_legitimate_watermarked_coalition_copy,4.5300,0.9943,16.71,0,,
wmcodec,2,276,english:201,0,fwp,first_legitimate_watermarked_coalition_copy,4.5300,0.9943,16.71,0,,
wmcodec,2,277,english:201,1,mean,first_legitimate_watermarked_coalition_copy,4.4656,0.9932,16.09,0,,
wmcodec,2,277,english:201,1,fwp,first_legitimate_watermarked_coalition_copy,4.4656,0.9932,16.09,0,,
wmcodec,2,278,english:201,2,mean,first_legitimate_watermarked_coalition_copy,4.4304,0.9942,16.35,0,,
wmcodec,2,278,english:201,2,fwp,first_legitimate_watermarked_coalition_copy,4.4304,0.9942,16.35,0,,
wmcodec,2,279,english:2092,0,mean,first_legitimate_watermarked_coalition_copy,4.4375,0.9821,18.80,0,,
wmcodec,2,279,english:2092,0,fwp,first_legitimate_watermarked_coalition_copy,4.4375,0.9821,18.80,0,,
wmcodec,2,280,english:2092,1,mean,first_legitimate_watermarked_coalition_copy,4.3570,0.9812,18.16,0,,
wmcodec,2,280,english:2092,1,fwp,first_legitimate_watermarked_coalition_copy,4.3570,0.9812,18.16,0,,
wmcodec,2,281,english:2092,2,mean,first_legitimate_watermarked_coalition_copy,4.4526,0.9786,17.63,0,,
wmcodec,2,281,english:2092,2,fwp,first_legitimate_watermarked_coalition_copy,4.4526,0.9786,17.63,0,,
wmcodec,2,282,english:211,0,mean,first_legitimate_watermarked_coalition_copy,4.3118,0.9877,12.75,0,,
wmcodec,2,282,english:211,0,fwp,first_legitimate_watermarked_coalition_copy,4.3118,0.9877,12.75,0,,
wmcodec,2,283,english:211,1,mean,first_legitimate_watermarked_coalition_copy,4.3143,0.9879,12.41,0,,
wmcodec,2,283,english:211,1,fwp,first_legitimate_watermarked_coalition_copy,4.3143,0.9879,12.41,0,,
wmcodec,2,284,english:211,2,mean,first_legitimate_watermarked_coalition_copy,4.3258,0.9885,12.92,0,,
wmcodec,2,284,english:211,2,fwp,first_legitimate_watermarked_coalition_copy,4.3258,0.9885,12.92,0,,
wmcodec,2,285,english:2136,0,mean,first_legitimate_watermarked_coalition_copy,4.4891,0.9947,21.64,0,,
wmcodec,2,285,english:2136,0,fwp,first_legitimate_watermarked_coalition_copy,4.4891,0.9947,21.64,0,,
wmcodec,2,286,english:2136,1,mean,first_legitimate_watermarked_coalition_copy,4.5038,0.9950,21.55,0,,
wmcodec,2,286,english:2136,1,fwp,first_legitimate_watermarked_coalition_copy,4.5038,0.9950,21.55,0,,
wmcodec,2,287,english:2136,2,mean,first_legitimate_watermarked_coalition_copy,4.5237,0.9940,22.03,0,,
wmcodec,2,287,english:2136,2,fwp,first_legitimate_watermarked_coalition_copy,4.5237,0.9940,22.03,0,,
wmcodec,2,288,english:2159,0,mean,first_legitimate_watermarked_coalition_copy,4.3369,0.9868,12.50,0,,
wmcodec,2,288,english:2159,0,fwp,first_legitimate_watermarked_coalition_copy,4.3369,0.9868,12.50,0,,
wmcodec,2,289,english:2159,1,mean,first_legitimate_watermarked_coalition_copy,4.3037,0.9836,11.47,0,,
wmcodec,2,289,english:2159,1,fwp,first_legitimate_watermarked_coalition_copy,4.3037,0.9836,11.47,0,,
wmcodec,2,290,english:2159,2,mean,first_legitimate_watermarked_coalition_copy,4.1900,0.9832,11.74,0,,
wmcodec,2,290,english:2159,2,fwp,first_legitimate_watermarked_coalition_copy,4.1900,0.9832,11.74,0,,
wmcodec,2,291,english:2182,0,mean,first_legitimate_watermarked_coalition_copy,4.2725,0.9887,13.12,0,,
wmcodec,2,291,english:2182,0,fwp,first_legitimate_watermarked_coalition_copy,4.2725,0.9887,13.12,0,,
wmcodec,2,292,english:2182,1,mean,first_legitimate_watermarked_coalition_copy,4.3010,0.9867,13.24,0,,
wmcodec,2,292,english:2182,1,fwp,first_legitimate_watermarked_coalition_copy,4.3010,0.9867,13.24,0,,
wmcodec,2,293,english:2182,2,mean,first_legitimate_watermarked_coalition_copy,4.3700,0.9893,14.46,0,,
wmcodec,2,293,english:2182,2,fwp,first_legitimate_watermarked_coalition_copy,4.3700,0.9893,14.46,0,,
wmcodec,2,294,english:2196,0,mean,first_legitimate_watermarked_coalition_copy,4.4327,0.9936,17.42,0,,
wmcodec,2,294,english:2196,0,fwp,first_legitimate_watermarked_coalition_copy,4.4327,0.9936,17.42,0,,
wmcodec,2,295,english:2196,1,mean,first_legitimate_watermarked_coalition_copy,4.4719,0.9952,18.35,0,,
wmcodec,2,295,english:2196,1,fwp,first_legitimate_watermarked_coalition_copy,4.4719,0.9952,18.35,0,,
wmcodec,2,296,english:2196,2,mean,first_legitimate_watermarked_coalition_copy,4.4005,0.9938,17.85,0,,
wmcodec,2,296,english:2196,2,fwp,first_legitimate_watermarked_coalition_copy,4.4005,0.9938,17.85,0,,
wmcodec,2,297,english:226,0,mean,first_legitimate_watermarked_coalition_copy,4.4062,0.9847,12.31,0,,
wmcodec,2,297,english:226,0,fwp,first_legitimate_watermarked_coalition_copy,4.4062,0.9847,12.31,0,,
wmcodec,2,298,english:226,1,mean,first_legitimate_watermarked_coalition_copy,4.2412,0.9838,11.22,0,,
wmcodec,2,298,english:226,1,fwp,first_legitimate_watermarked_coalition_copy,4.2412,0.9838,11.22,0,,
wmcodec,2,299,english:226,2,mean,first_legitimate_watermarked_coalition_copy,4.4291,0.9853,12.21,0,,
wmcodec,2,299,english:226,2,fwp,first_legitimate_watermarked_coalition_copy,4.4291,0.9853,12.21,0,,
