category,file,rows,columns,bytes,sha256,runtime_source
attack,attack_audioseal_K2.csv,600,model;K;spk;local_t;gi;method;ASR;R3_escape;R5_escape;ACC_near;ACC_near_norm;AggResid;PESQ;STOI;SI_SDR,49604,d1a7730c063b5f7079583aa2f987217251b885b1e79f39a94ce9e2bab8920da9,results/evaluation/attack_audioseal_K2.csv
attack,attack_audioseal_K3.csv,600,model;K;spk;local_t;gi;method;ASR;R3_escape;R5_escape;ACC_near;ACC_near_norm;AggResid;PESQ;STOI;SI_SDR,49605,f2dbf264dca1111fd417c48fafa3a855acd12bcb0d2da24c4a86cad58badbfe1,results/evaluation/attack_audioseal_K3.csv
attack,attack_audioseal_K5.csv,600,model;K;spk;local_t;gi;method;ASR;R3_escape;R5_escape;ACC_near;ACC_near_norm;AggResid;PESQ;STOI;SI_SDR,49605,749412e0c05ceb909a049eeb86f242dcb8d9173b60b34001c6094496e1e2aed8,results/evaluation/attack_audioseal_K5.csv
attack,attack_audioseal_K8.csv,600,model;K;spk;local_t;gi;method;ASR;R3_escape;R5_escape;ACC_near;ACC_near_norm;AggResid;PESQ;STOI;SI_SDR,49604,8a2a35d3079c1a0e90d61e5cbf7b4015ae04f367b8a1819025d438229fc21053,results/evaluation/attack_audioseal_K8.csv
ecc,attack_ecc_audioseal_K2.csv,600,model;K;scheme;code_bits;info_bits;codebook_size;spk;local_t;gi;method;ASR;R3_escape;R5_escape;ACC_near;ACC_near_norm;PESQ;STOI;SI_SDR,53412,e29655122a0b8d8c351152dc4a35fd65d79ad869150106317b9876ed589d077d,results/evaluation/attack_ecc_audioseal_K2.csv
ecc,attack_ecc_audioseal_K3.csv,600,model;K;scheme;code_bits;info_bits;codebook_size;spk;local_t;gi;method;ASR;R3_escape;R5_escape;ACC_near;ACC_near_norm;PESQ;STOI;SI_SDR,53386,cf617c7ea1a9777db7abe1a9bc879682da6332bad518ceae9c32d85de83a397f,results/evaluation/attack_ecc_audioseal_K3.csv
ecc,attack_ecc_audioseal_K5.csv,600,model;K;scheme;code_bits;info_bits;codebook_size;spk;local_t;gi;method;ASR;R3_escape;R5_escape;ACC_near;ACC_near_norm;PESQ;STOI;SI_SDR,53335,847877b1205a2671d2d1e61e16473b46b109cc287f22c33385e6e1e3e09f9800,results/evaluation/attack_ecc_audioseal_K5.csv
ecc,attack_ecc_audioseal_K8.csv,600,model;K;scheme;code_bits;info_bits;codebook_size;spk;local_t;gi;method;ASR;R3_escape;R5_escape;ACC_near;ACC_near_norm;PESQ;STOI;SI_SDR,53339,93f33b2c2f354eba2f6e8292718276c4f598fcd79092e0dc62663937a11539cc,results/evaluation/attack_ecc_audioseal_K8.csv
ecc,attack_ecc_timbrewm_K2.csv,600,model;K;scheme;code_bits;info_bits;codebook_size;spk;local_t;gi;method;ASR;R3_escape;R5_escape;ACC_near;ACC_near_norm;PESQ;STOI;SI_SDR,50838,75d279d57c22f66069bb79dbdeb852fe88e1429a692becd1391a5433bfd21c50,results/evaluation/attack_ecc_timbrewm_K2.csv
ecc,attack_ecc_timbrewm_K3.csv,600,model;K;scheme;code_bits;info_bits;codebook_size;spk;local_t;gi;method;ASR;R3_escape;R5_escape;ACC_near;ACC_near_norm;PESQ;STOI;SI_SDR,50838,cc3c806ea0194eb39e613eddecaaccc90fd9dc5ef173beec4d5c8f2538cdc83b,results/evaluation/attack_ecc_timbrewm_K3.csv
ecc,attack_ecc_timbrewm_K5.csv,600,model;K;scheme;code_bits;info_bits;codebook_size;spk;local_t;gi;method;ASR;R3_escape;R5_escape;ACC_near;ACC_near_norm;PESQ;STOI;SI_SDR,50838,af0f078b71de702b647c374ddfc4b59c2156dc3e60633309515baae02bdb054d,results/evaluation/attack_ecc_timbrewm_K5.csv
ecc,attack_ecc_timbrewm_K8.csv,600,model;K;scheme;code_bits;info_bits;codebook_size;spk;local_t;gi;method;ASR;R3_escape;R5_escape;ACC_near;ACC_near_norm;PESQ;STOI;SI_SDR,50838,d48f92fe85c953ffd3f9d3d7750f3d603cf7f99aa211ca79b06af68d1dc8fcb8,results/evaluation/attack_ecc_timbrewm_K8.csv
ecc,attack_ecc_voicemark_K2.csv,600,model;K;scheme;code_bits;info_bits;codebook_size;spk;local_t;gi;method;ASR;R3_escape;R5_escape;ACC_near;ACC_near_norm;PESQ;STOI;SI_SDR,53338,f9f258eae59589f5ea18b2b73649eac969f2df67fee19a7c40c591643cc8643d,results/evaluation/attack_ecc_voicemark_K2.csv
ecc,attack_ecc_voicemark_K3.csv,600,model;K;scheme;code_bits;info_bits;codebook_size;spk;local_t;gi;method;ASR;R3_escape;R5_escape;ACC_near;ACC_near_norm;PESQ;STOI;SI_SDR,53297,ce3bb3d51a9a525f92e9d8d4f064e6ca0e1e5eb71ad791974a2c433e2e4e7fdd,results/evaluation/attack_ecc_voicemark_K3.csv
ecc,attack_ecc_voicemark_K5.csv,600,model;K;scheme;code_bits;info_bits;codebook_size;spk;local_t;gi;method;ASR;R3_escape;R5_escape;ACC_near;ACC_near_norm;PESQ;STOI;SI_SDR,53267,4023efff5e6e3ce5ce637972de3c04a7399bfe2ad1424b139f69f03a5a7109c5,results/evaluation/attack_ecc_voicemark_K5.csv
ecc,attack_ecc_voicemark_K8.csv,600,model;K;scheme;code_bits;info_bits;codebook_size;spk;local_t;gi;method;ASR;R3_escape;R5_escape;ACC_near;ACC_near_norm;PESQ;STOI;SI_SDR,53255,bf65b44ff04c248e7939da2011d011a7c7cdcefb427cd83f7465788738061e68,results/evaluation/attack_ecc_voicemark_K8.csv
ecc,attack_ecc_wavmark_K2.csv,600,model;K;scheme;code_bits;info_bits;codebook_size;spk;local_t;gi;method;ASR;R3_escape;R5_escape;ACC_near;ACC_near_norm;PESQ;STOI;SI_SDR,52198,e7b7433a7f22950cc240fe617dc0dc61458e44d1a07fa0d9eab6bd9049553fd7,results/evaluation/attack_ecc_wavmark_K2.csv
ecc,attack_ecc_wavmark_K3.csv,600,model;K;scheme;code_bits;info_bits;codebook_size;spk;local_t;gi;method;ASR;R3_escape;R5_escape;ACC_near;ACC_near_norm;PESQ;STOI;SI_SDR,52201,8dbc519b1d2e6fd5d8dd4536c24c92c4b6ee527d3d355744c7b9333faf5c6299,results/evaluation/attack_ecc_wavmark_K3.csv
ecc,attack_ecc_wavmark_K5.csv,600,model;K;scheme;code_bits;info_bits;codebook_size;spk;local_t;gi;method;ASR;R3_escape;R5_escape;ACC_near;ACC_near_norm;PESQ;STOI;SI_SDR,52149,465ba0e46bb1d8f3f7fa4caf735e76b28aadb8eb8517774bb704f20cccf92aac,results/evaluation/attack_ecc_wavmark_K5.csv
ecc,attack_ecc_wavmark_K8.csv,600,model;K;scheme;code_bits;info_bits;codebook_size;spk;local_t;gi;method;ASR;R3_escape;R5_escape;ACC_near;ACC_near_norm;PESQ;STOI;SI_SDR,52124,493f67a21765211fda7d64e9dba236eafccac5e62aca64250d0de54d4bd1cda3,results/evaluation/attack_ecc_wavmark_K8.csv
ecc,attack_ecc_wmcodec_K2.csv,600,model;K;scheme;code_bits;info_bits;codebook_size;spk;local_t;gi;method;ASR;R3_escape;R5_escape;ACC_near;ACC_near_norm;PESQ;STOI;SI_SDR,52076,bfa4ea26a85af9dc0adbb51116223b6c4951d40d10d752d0d9c39237ee8834ce,results/evaluation/attack_ecc_wmcodec_K2.csv
ecc,attack_ecc_wmcodec_K3.csv,600,model;K;scheme;code_bits;info_bits;codebook_size;spk;local_t;gi;method;ASR;R3_escape;R5_escape;ACC_near;ACC_near_norm;PESQ;STOI;SI_SDR,52032,adc2ef410c97c362f394e1346124058c29570c02620b9256579f6fecd99f3e79,results/evaluation/attack_ecc_wmcodec_K3.csv
ecc,attack_ecc_wmcodec_K5.csv,600,model;K;scheme;code_bits;info_bits;codebook_size;spk;local_t;gi;method;ASR;R3_escape;R5_escape;ACC_near;ACC_near_norm;PESQ;STOI;SI_SDR,52011,cdba6686b9981323cbbc3a9c71f42f383c6d15c0e9def6bef9e987c2c45ed697,results/evaluation/attack_ecc_wmcodec_K5.csv
ecc,attack_ecc_wmcodec_K8.csv,600,model;K;scheme;code_bits;info_bits;codebook_size;spk;local_t;gi;method;ASR;R3_escape;R5_escape;ACC_near;ACC_near_norm;PESQ;STOI;SI_SDR,51985,b6c84782b60c324c12ec0ee76583a54be808934e1126e364dcbbd70dc19c9ab2,results/evaluation/attack_ecc_wmcodec_K8.csv
attack,attack_timbrewm_K2.csv,600,model;K;spk;local_t;gi;method;ASR;R3_escape;R5_escape;ACC_near;ACC_near_norm;AggResid;PESQ;STOI;SI_SDR,48468,07abaaefa93be501b03a8fd76c661cff1ffdc2efffdc3dcf70d5c27b6650e837,results/evaluation/attack_timbrewm_K2.csv
attack,attack_timbrewm_K3.csv,600,model;K;spk;local_t;gi;method;ASR;R3_escape;R5_escape;ACC_near;ACC_near_norm;AggResid;PESQ;STOI;SI_SDR,48491,22e60b779c86c648121ec93be5067e6f23ce5805ea2daef6b7bd9719a37d1549,results/evaluation/attack_timbrewm_K3.csv
attack,attack_timbrewm_K5.csv,600,model;K;spk;local_t;gi;method;ASR;R3_escape;R5_escape;ACC_near;ACC_near_norm;AggResid;PESQ;STOI;SI_SDR,48465,b18c2ca03214d0c51a62ba5496bfd188f5f8b46e6edf6c07c823f491fc9f0724,results/evaluation/attack_timbrewm_K5.csv
attack,attack_timbrewm_K8.csv,600,model;K;spk;local_t;gi;method;ASR;R3_escape;R5_escape;ACC_near;ACC_near_norm;AggResid;PESQ;STOI;SI_SDR,48439,50b6701a16c16bcc4ad809b118181e9d41bde3f249eef21986e8e7be784921f7,results/evaluation/attack_timbrewm_K8.csv
attack,attack_voicemark_K2.csv,600,model;K;spk;local_t;gi;method;ASR;R3_escape;R5_escape;ACC_near;ACC_near_norm;AggResid;PESQ;STOI;SI_SDR,49568,f3b7e1410bcb922ea5a687f4c017c0932ed2d4b52bd02e3424b44a232cf8f569,results/evaluation/attack_voicemark_K2.csv
attack,attack_voicemark_K3.csv,600,model;K;spk;local_t;gi;method;ASR;R3_escape;R5_escape;ACC_near;ACC_near_norm;AggResid;PESQ;STOI;SI_SDR,49523,ae4c7f9927c5a681b4e3b2cd6ca9f9397d17d3bd10f08987266cfd6e2a7fa305,results/evaluation/attack_voicemark_K3.csv
attack,attack_voicemark_K5.csv,600,model;K;spk;local_t;gi;method;ASR;R3_escape;R5_escape;ACC_near;ACC_near_norm;AggResid;PESQ;STOI;SI_SDR,49517,a0aa8e588a3322eb96fa317cffac5d97d011cc10b1afaa7f5c931b426f04aaae,results/evaluation/attack_voicemark_K5.csv
attack,attack_voicemark_K8.csv,600,model;K;spk;local_t;gi;method;ASR;R3_escape;R5_escape;ACC_near;ACC_near_norm;AggResid;PESQ;STOI;SI_SDR,49521,49e6dcb2622e8be1ddf78a19ffadd79ccb46e5b372988a1f351443878f0e098e,results/evaluation/attack_voicemark_K8.csv
attack,attack_wavmark_K2.csv,600,model;K;spk;local_t;gi;method;ASR;R3_escape;R5_escape;ACC_near;ACC_near_norm;AggResid;PESQ;STOI;SI_SDR,48406,fe22b3683e4543a803a8da293e02c256c01954b5dee83383c2e89917df3b0fb9,results/evaluation/attack_wavmark_K2.csv
attack,attack_wavmark_K3.csv,600,model;K;spk;local_t;gi;method;ASR;R3_escape;R5_escape;ACC_near;ACC_near_norm;AggResid;PESQ;STOI;SI_SDR,48405,58d32a9c1400573b605f36db512e6d66f41a4fcc01e03052aa19f5b4e3d20bbf,results/evaluation/attack_wavmark_K3.csv
attack,attack_wavmark_K5.csv,600,model;K;spk;local_t;gi;method;ASR;R3_escape;R5_escape;ACC_near;ACC_near_norm;AggResid;PESQ;STOI;SI_SDR,48405,a3efc447cde7f9c246e1c0f3e937cbeed844de275d4a8531b8276378c8c58706,results/evaluation/attack_wavmark_K5.csv
attack,attack_wavmark_K8.csv,600,model;K;spk;local_t;gi;method;ASR;R3_escape;R5_escape;ACC_near;ACC_near_norm;AggResid;PESQ;STOI;SI_SDR,48405,601336a21fbd078a801e32a0f8ac39f06420ff37c3a978638941b74842877de3,results/evaluation/attack_wavmark_K8.csv
attack,attack_wmcodec_K2.csv,600,model;K;spk;local_t;gi;method;ASR;R3_escape;R5_escape;ACC_near;ACC_near_norm;AggResid;PESQ;STOI;SI_SDR,48260,afb4aa8dfdbd87db5416a23f2b7428bd1a3c3782cbcf6ba828ab9aeaf901540d,results/evaluation/attack_wmcodec_K2.csv
attack,attack_wmcodec_K3.csv,600,model;K;spk;local_t;gi;method;ASR;R3_escape;R5_escape;ACC_near;ACC_near_norm;AggResid;PESQ;STOI;SI_SDR,48245,24c87a4542180681f6a5688c90c411510d85fb6d0a70bc1950a66520ce225244,results/evaluation/attack_wmcodec_K3.csv
attack,attack_wmcodec_K5.csv,600,model;K;spk;local_t;gi;method;ASR;R3_escape;R5_escape;ACC_near;ACC_near_norm;AggResid;PESQ;STOI;SI_SDR,48239,52ec696a680f006e5924a01a11e2f0c519c607131b9892c21dd3d156cac321e1,results/evaluation/attack_wmcodec_K5.csv
attack,attack_wmcodec_K8.csv,600,model;K;spk;local_t;gi;method;ASR;R3_escape;R5_escape;ACC_near;ACC_near_norm;AggResid;PESQ;STOI;SI_SDR,48270,deb66a6c8d38e51a93eb269771c650667409f4fd3cf724491fda981f8c2e0b3e,results/evaluation/attack_wmcodec_K8.csv
baselines,baselines_audioseal_K2.csv,1500,model;K;spk;local_t;gi;method;ASR;R3_escape;R5_escape;ACC_near;ACC_near_norm;PESQ;STOI;SI_SDR,117397,66518634699f95b7459d871091249b552c701d610b3ff47990c91cbe279a447e,results/evaluation/baselines_audioseal_K2.csv
baselines,baselines_audioseal_K3.csv,1500,model;K;spk;local_t;gi;method;ASR;R3_escape;R5_escape;ACC_near;ACC_near_norm;PESQ;STOI;SI_SDR,117400,7dbe86143c6f926a5032e746474f25f954a67d545ac062e07c86965b2f09ab51,results/evaluation/baselines_audioseal_K3.csv
baselines,baselines_audioseal_K5.csv,1500,model;K;spk;local_t;gi;method;ASR;R3_escape;R5_escape;ACC_near;ACC_near_norm;PESQ;STOI;SI_SDR,117398,fec6d1ca50fcde260131569315c0f9257f0151a204e15a0dd043f52c17eb3300,results/evaluation/baselines_audioseal_K5.csv
baselines,baselines_audioseal_K8.csv,1500,model;K;spk;local_t;gi;method;ASR;R3_escape;R5_escape;ACC_near;ACC_near_norm;PESQ;STOI;SI_SDR,117400,285df9ed64a394f43d9867e2ada3d127786127bb576ad5ced2d372739b138390,results/evaluation/baselines_audioseal_K8.csv
baselines,baselines_timbrewm_K2.csv,1500,model;K;spk;local_t;gi;method;ASR;R3_escape;R5_escape;ACC_near;ACC_near_norm;PESQ;STOI;SI_SDR,114580,62a3138baa7ab9bd069c94f42b94eef8835ac90de00f3847a7c73bf4f8043d2b,results/evaluation/baselines_timbrewm_K2.csv
baselines,baselines_timbrewm_K3.csv,1500,model;K;spk;local_t;gi;method;ASR;R3_escape;R5_escape;ACC_near;ACC_near_norm;PESQ;STOI;SI_SDR,114674,c0629e26f9bf453d18e10e2d9394f93ba84b23af6bc275caa7cb5dd1c9750293,results/evaluation/baselines_timbrewm_K3.csv
baselines,baselines_timbrewm_K5.csv,1500,model;K;spk;local_t;gi;method;ASR;R3_escape;R5_escape;ACC_near;ACC_near_norm;PESQ;STOI;SI_SDR,114557,1f33089312d2991d87f63d3e1ba4fd50e5a25ca4acb069a5dc2a7672422a7af5,results/evaluation/baselines_timbrewm_K5.csv
baselines,baselines_timbrewm_K8.csv,1500,model;K;spk;local_t;gi;method;ASR;R3_escape;R5_escape;ACC_near;ACC_near_norm;PESQ;STOI;SI_SDR,114495,5d4702fbeb2bdb60cbd40c331e49fd121d602a4578102a6d2a8bc08f89051afa,results/evaluation/baselines_timbrewm_K8.csv
baselines,baselines_voicemark_K2.csv,1500,model;K;spk;local_t;gi;method;ASR;R3_escape;R5_escape;ACC_near;ACC_near_norm;PESQ;STOI;SI_SDR,117067,4fbf6a14bd84832fed1295bb87184f1b81de272ac540e8964b05a37c7fb1477a,results/evaluation/baselines_voicemark_K2.csv
baselines,baselines_voicemark_K3.csv,1500,model;K;spk;local_t;gi;method;ASR;R3_escape;R5_escape;ACC_near;ACC_near_norm;PESQ;STOI;SI_SDR,116880,65c52a9553f2a0d67125dc7ffae70278db6c9859c95a09cfaae7c9265675bcdf,results/evaluation/baselines_voicemark_K3.csv
baselines,baselines_voicemark_K5.csv,1500,model;K;spk;local_t;gi;method;ASR;R3_escape;R5_escape;ACC_near;ACC_near_norm;PESQ;STOI;SI_SDR,116753,124d26eb51a34c51458044363ec4e4760769400dee5c0519f9bc81ac6c4a04ec,results/evaluation/baselines_voicemark_K5.csv
baselines,baselines_voicemark_K8.csv,1500,model;K;spk;local_t;gi;method;ASR;R3_escape;R5_escape;ACC_near;ACC_near_norm;PESQ;STOI;SI_SDR,116663,64008a07fb5696c5481fde455a3e5d950acac2500b039086c3d2214fafcbc616,results/evaluation/baselines_voicemark_K8.csv
baselines,baselines_wavmark_K2.csv,1500,model;K;spk;local_t;gi;method;ASR;R3_escape;R5_escape;ACC_near;ACC_near_norm;PESQ;STOI;SI_SDR,114399,fa0edbb1c336b18fe305fe63a71204763ae5d8186932f3ee474d93dd2214ac42,results/evaluation/baselines_wavmark_K2.csv
baselines,baselines_wavmark_K3.csv,1500,model;K;spk;local_t;gi;method;ASR;R3_escape;R5_escape;ACC_near;ACC_near_norm;PESQ;STOI;SI_SDR,114400,bf01786d486068d76b68aad737857c78e26dc54578e1d2d84768e458a4226ef1,results/evaluation/baselines_wavmark_K3.csv
baselines,baselines_wavmark_K5.csv,1500,model;K;spk;local_t;gi;method;ASR;R3_escape;R5_escape;ACC_near;ACC_near_norm;PESQ;STOI;SI_SDR,114400,be993ffc43b44ad7dc1207257a981407f6b773e4619e53e85f631d9aa2ed62ae,results/evaluation/baselines_wavmark_K5.csv
baselines,baselines_wavmark_K8.csv,1500,model;K;spk;local_t;gi;method;ASR;R3_escape;R5_escape;ACC_near;ACC_near_norm;PESQ;STOI;SI_SDR,114400,377172e892a6c5e68e63f5eaf3a39c1e5bd4f96b4d762f1c380262df42f4d41d,results/evaluation/baselines_wavmark_K8.csv
baselines,baselines_wmcodec_K2.csv,1500,model;K;spk;local_t;gi;method;ASR;R3_escape;R5_escape;ACC_near;ACC_near_norm;PESQ;STOI;SI_SDR,113901,2f78d143e57b976392b9ca5ae9e50ec5ab42653ac491e11232192737fd936d2d,results/evaluation/baselines_wmcodec_K2.csv
baselines,baselines_wmcodec_K3.csv,1500,model;K;spk;local_t;gi;method;ASR;R3_escape;R5_escape;ACC_near;ACC_near_norm;PESQ;STOI;SI_SDR,113835,55975cee1dff47ccc139c4246fb3a4b07d0b6b3e34ae1b6487f474430410f9bb,results/evaluation/baselines_wmcodec_K3.csv
baselines,baselines_wmcodec_K5.csv,1500,model;K;spk;local_t;gi;method;ASR;R3_escape;R5_escape;ACC_near;ACC_near_norm;PESQ;STOI;SI_SDR,113717,c753ab1f815f15e3135a38e84d14a35e358b784cda226f8dec9b5340fe6cbc1f,results/evaluation/baselines_wmcodec_K5.csv
baselines,baselines_wmcodec_K8.csv,1500,model;K;spk;local_t;gi;method;ASR;R3_escape;R5_escape;ACC_near;ACC_near_norm;PESQ;STOI;SI_SDR,113631,6857c343e9fe13d3649ec24623f3cac114b107865918a899acb94855af8f65ee,results/evaluation/baselines_wmcodec_K8.csv
bdb,bdb_audioseal_K2.csv,300,model;K;spk;local_t;gi;method;ASR;R3_escape;R5_escape;ACC_near;ACC_near_norm;PESQ;STOI;SI_SDR,21995,e8c008c625af9d20093a1d1fffb46514263dfcb2c8b8559331459925ae21e004,results/evaluation/bdb_audioseal_K2.csv
bdb,bdb_audioseal_K3.csv,300,model;K;spk;local_t;gi;method;ASR;R3_escape;R5_escape;ACC_near;ACC_near_norm;PESQ;STOI;SI_SDR,21995,5cf8748353b68da21662858f86ddaec1f1f550e57b2990ac5bcad767387dc391,results/evaluation/bdb_audioseal_K3.csv
bdb,bdb_audioseal_K5.csv,300,model;K;spk;local_t;gi;method;ASR;R3_escape;R5_escape;ACC_near;ACC_near_norm;PESQ;STOI;SI_SDR,21995,4ce9aed96a41c39654a9e08bdb3f11c1bc85090cbcfba0155b28f9bf6f426300,results/evaluation/bdb_audioseal_K5.csv
bdb,bdb_audioseal_K8.csv,300,model;K;spk;local_t;gi;method;ASR;R3_escape;R5_escape;ACC_near;ACC_near_norm;PESQ;STOI;SI_SDR,21996,256065e2bf2e12d6fb4cfef34c7795fe4f1eeb70ff5046742f09a71aec9c1d0b,results/evaluation/bdb_audioseal_K8.csv
bdb,bdb_timbrewm_K2.csv,300,model;K;spk;local_t;gi;method;ASR;R3_escape;R5_escape;ACC_near;ACC_near_norm;PESQ;STOI;SI_SDR,21427,1cd14423feb195a3fd42fbe3f5da73e38fb0cdd79bea75266f2979bdce6dc76a,results/evaluation/bdb_timbrewm_K2.csv
bdb,bdb_timbrewm_K3.csv,300,model;K;spk;local_t;gi;method;ASR;R3_escape;R5_escape;ACC_near;ACC_near_norm;PESQ;STOI;SI_SDR,21419,1b2ebadb9a1cbe462e2632b329761ecb13de29d9370618b1e4de85115f9879ff,results/evaluation/bdb_timbrewm_K3.csv
bdb,bdb_timbrewm_K5.csv,300,model;K;spk;local_t;gi;method;ASR;R3_escape;R5_escape;ACC_near;ACC_near_norm;PESQ;STOI;SI_SDR,21412,d00b45d7fd803de6d1b0637ffe2bb7112a3e1bcd3ec5254cf9c9d577bf635407,results/evaluation/bdb_timbrewm_K5.csv
bdb,bdb_timbrewm_K8.csv,300,model;K;spk;local_t;gi;method;ASR;R3_escape;R5_escape;ACC_near;ACC_near_norm;PESQ;STOI;SI_SDR,21426,2ed265d5f079b72494c972ea42ad2a2dc69e5a061f6d23c2fd91da098333087a,results/evaluation/bdb_timbrewm_K8.csv
bdb,bdb_voicemark_K2.csv,300,model;K;spk;local_t;gi;method;ASR;R3_escape;R5_escape;ACC_near;ACC_near_norm;PESQ;STOI;SI_SDR,21977,57d7a257d1ed1ce6b3a10a53b12d4003dfa4c79f6c658fc26b42bb0ee85056c4,results/evaluation/bdb_voicemark_K2.csv
bdb,bdb_voicemark_K3.csv,300,model;K;spk;local_t;gi;method;ASR;R3_escape;R5_escape;ACC_near;ACC_near_norm;PESQ;STOI;SI_SDR,21950,1f4369521e04431734d514f3e5046de76316f92b91323b6ed25abbf5c734c88e,results/evaluation/bdb_voicemark_K3.csv
bdb,bdb_voicemark_K5.csv,300,model;K;spk;local_t;gi;method;ASR;R3_escape;R5_escape;ACC_near;ACC_near_norm;PESQ;STOI;SI_SDR,21929,1b9bae2fca6d23aa6938579379e7c0ebaf2f06d3f2ba36fc4222660fdc8beb50,results/evaluation/bdb_voicemark_K5.csv
bdb,bdb_voicemark_K8.csv,300,model;K;spk;local_t;gi;method;ASR;R3_escape;R5_escape;ACC_near;ACC_near_norm;PESQ;STOI;SI_SDR,21916,dff0a7710bc95045cf50463f74582158d89403dd477a63f77fdd52e80d5173fe,results/evaluation/bdb_voicemark_K8.csv
bdb,bdb_wavmark_K2.csv,300,model;K;spk;local_t;gi;method;ASR;R3_escape;R5_escape;ACC_near;ACC_near_norm;PESQ;STOI;SI_SDR,21396,5bd68abc846eddde4a3070e2a1ee208a3893496615c5160a5347c1a9250c7b4c,results/evaluation/bdb_wavmark_K2.csv
bdb,bdb_wavmark_K3.csv,300,model;K;spk;local_t;gi;method;ASR;R3_escape;R5_escape;ACC_near;ACC_near_norm;PESQ;STOI;SI_SDR,21395,df64136e5017c2288f5a1b67bf01cb133df0a305606057668d7b4c713aa94ebf,results/evaluation/bdb_wavmark_K3.csv
bdb,bdb_wavmark_K5.csv,300,model;K;spk;local_t;gi;method;ASR;R3_escape;R5_escape;ACC_near;ACC_near_norm;PESQ;STOI;SI_SDR,21395,5a756d87822831b66436a7730257fa73bcccca6c3db675d4f7d7e81a172b8483,results/evaluation/bdb_wavmark_K5.csv
bdb,bdb_wavmark_K8.csv,300,model;K;spk;local_t;gi;method;ASR;R3_escape;R5_escape;ACC_near;ACC_near_norm;PESQ;STOI;SI_SDR,21395,0b34af94213cea305ad9a97372b9dd72dd1d3a9f6bce82681c4e016eae2b4436,results/evaluation/bdb_wavmark_K8.csv
bdb,bdb_wmcodec_K2.csv,300,model;K;spk;local_t;gi;method;ASR;R3_escape;R5_escape;ACC_near;ACC_near_norm;PESQ;STOI;SI_SDR,21323,ffa451668f886add24cd976317c411b0c302aad93bb6935d11be74b99b45a970,results/evaluation/bdb_wmcodec_K2.csv
bdb,bdb_wmcodec_K3.csv,300,model;K;spk;local_t;gi;method;ASR;R3_escape;R5_escape;ACC_near;ACC_near_norm;PESQ;STOI;SI_SDR,21312,180da3320ed850815ff9b94c62643fe9dc44d78959a48e200b3e4f5aef5ad8e6,results/evaluation/bdb_wmcodec_K3.csv
bdb,bdb_wmcodec_K5.csv,300,model;K;spk;local_t;gi;method;ASR;R3_escape;R5_escape;ACC_near;ACC_near_norm;PESQ;STOI;SI_SDR,21298,92d4d3b9df871dc932be3e35e7fbf50a7c828db84b6768f0e593e92ce6e4ed82,results/evaluation/bdb_wmcodec_K5.csv
bdb,bdb_wmcodec_K8.csv,300,model;K;spk;local_t;gi;method;ASR;R3_escape;R5_escape;ACC_near;ACC_near_norm;PESQ;STOI;SI_SDR,21305,6e718aef8e4f573d56790ff2b44283993096c882d5037da58da9b40b44ea4c7a,results/evaluation/bdb_wmcodec_K8.csv
codec_sensitivity,codec_sensitivity_audioseal_K5.csv,1800,model;K;trial_id;spk;local_t;method;codec;codec_setting;ASR;attribution_margin;PESQ;STOI;SI_SDR,159406,7ba65e6f98358621974c071cecd7baaf9237b2079bd811e5929db9c7acc69f9e,results/evaluation/codec_sensitivity_audioseal_K5.csv
codec_sensitivity,codec_sensitivity_timbrewm_K5.csv,1800,model;K;trial_id;spk;local_t;method;codec;codec_setting;ASR;attribution_margin;PESQ;STOI;SI_SDR,157760,7e726860ed13726d915e8bdee8f3b37022de01f7cb46bbda79e0ce58796ca6f5,results/evaluation/codec_sensitivity_timbrewm_K5.csv
codec_sensitivity,codec_sensitivity_voicemark_K5.csv,1800,model;K;trial_id;spk;local_t;method;codec;codec_setting;ASR;attribution_margin;PESQ;STOI;SI_SDR,160761,7d38cbc21777f411cdfa464fd51c832a2acb46ba9762c39088bb2448e44f364f,results/evaluation/codec_sensitivity_voicemark_K5.csv
codec_sensitivity,codec_sensitivity_wavmark_K5.csv,1800,model;K;trial_id;spk;local_t;method;codec;codec_setting;ASR;attribution_margin;PESQ;STOI;SI_SDR,155810,7135c867ef67bf49c4da414a64d263feb6bf11be341e309b290ede5c19da2c6a,results/evaluation/codec_sensitivity_wavmark_K5.csv
codec_sensitivity,codec_sensitivity_wmcodec_K5.csv,1800,model;K;trial_id;spk;local_t;method;codec;codec_setting;ASR;attribution_margin;PESQ;STOI;SI_SDR,156979,bca178d78978801c6ea2a3eedc909bf48993b278fd515aa015268cd1b4102a46,results/evaluation/codec_sensitivity_wmcodec_K5.csv
detector_oracle,detector_oracle_voicemark_K5.csv,40,model;K;spk;local_t;gi;target;tct_hit;tct_margin;oracle_hit;oracle_margin,2827,6719703a2e0696d6f477b8deb3d7424496987986ee288090563da7a9c9021777,results/evaluation/detector_oracle_voicemark_K5.csv
detector_oracle,detector_oracle_voicemark_K8.csv,40,model;K;spk;local_t;gi;target;tct_hit;tct_margin;oracle_hit;oracle_margin,2828,7c30b9f502789d80bb2be3233e9e21c3c827affd57eb39a73acfdc514c8f9b7d,results/evaluation/detector_oracle_voicemark_K8.csv
detector_oracle,detector_oracle_wmcodec_K5.csv,40,model;K;spk;local_t;gi;target;tct_hit;tct_margin;oracle_hit;oracle_margin,2738,4665675a4d37aa581e5f101834d9d9d52bc8c357cf3a8887daa9db7d29e91fab,results/evaluation/detector_oracle_wmcodec_K5.csv
detector_oracle,detector_oracle_wmcodec_K8.csv,40,model;K;spk;local_t;gi;target;tct_hit;tct_margin;oracle_hit;oracle_margin,2729,427469a69bf64c71832ba4004720be15e8cf818c88abecff7469dbd0999188c4,results/evaluation/detector_oracle_wmcodec_K8.csv
dm,dm_audioseal_K2.csv,300,model;K;spk;local_t;gi;method;ASR;R3_escape;R5_escape;ACC_near;ACC_near_norm;PESQ;STOI;SI_SDR,21695,d36f4f0d0fd4d789be3758e361b0fcf84d23ef9499fc36668f4a9a4cad8b3367,results/evaluation/dm_audioseal_K2.csv
dm,dm_audioseal_K3.csv,300,model;K;spk;local_t;gi;method;ASR;R3_escape;R5_escape;ACC_near;ACC_near_norm;PESQ;STOI;SI_SDR,21696,491d66764af58f0d20644ee33317a48ad2037262a798ffe56e6a235246b7a5b1,results/evaluation/dm_audioseal_K3.csv
dm,dm_audioseal_K5.csv,300,model;K;spk;local_t;gi;method;ASR;R3_escape;R5_escape;ACC_near;ACC_near_norm;PESQ;STOI;SI_SDR,21696,052789d2ed6e0c6a22648f869e901225f90d58f5bb779ba57a57afde59ea52cc,results/evaluation/dm_audioseal_K5.csv
dm,dm_audioseal_K8.csv,300,model;K;spk;local_t;gi;method;ASR;R3_escape;R5_escape;ACC_near;ACC_near_norm;PESQ;STOI;SI_SDR,21695,2b503bede76db6c6a6dc92909026586a8e4d40a445480d607fcc2a54ab17e4cf,results/evaluation/dm_audioseal_K8.csv
dm_restart_stability,dm_restart_stability_audioseal_K5.csv,1,model;K;n_trials;n_restarts;starts_per_restart;restart_cosine_mean;restart_cosine_median;all_start_cosine_mean;all_start_cosine_median;restart_objective_std_mean;detail_csv,288,76bc74e9de48ba39aee372c328b919b92570791cc139e27e6a003626b7cbaf3c,results/evaluation/dm_restart_stability_audioseal_K5.csv
dm_restart_stability,dm_restart_stability_audioseal_K8.csv,1,model;K;n_trials;n_restarts;starts_per_restart;restart_cosine_mean;restart_cosine_median;all_start_cosine_mean;all_start_cosine_median;restart_objective_std_mean;detail_csv,288,0847eedd46ffd25d4e3bb8760d9232b4d555ef5c102e394bcd4ab148725b0c98,results/evaluation/dm_restart_stability_audioseal_K8.csv
dm_restart_stability,dm_restart_stability_detail_audioseal_K5.csv,560,model;K;spk;local_t;gi;restart;start_id;objective;weights,59139,f2fb942819f18514a9310fc22fd36695d1e56f5e568fa44532634432e55481da,results/evaluation/dm_restart_stability_detail_audioseal_K5.csv
dm_restart_stability,dm_restart_stability_detail_audioseal_K8.csv,560,model;K;spk;local_t;gi;restart;start_id;objective;weights,77619,d4525afb197a76b03788f3f7d36de3773756aabdf39665e71299ffa07139d791,results/evaluation/dm_restart_stability_detail_audioseal_K8.csv
dm_restart_stability,dm_restart_stability_detail_timbrewm_K5.csv,560,model;K;spk;local_t;gi;restart;start_id;objective;weights,58579,4588becd7dc4b339b8855c6830d211ae3f42a2793d774c178b500bb189db01a0,results/evaluation/dm_restart_stability_detail_timbrewm_K5.csv
dm_restart_stability,dm_restart_stability_detail_timbrewm_K8.csv,560,model;K;spk;local_t;gi;restart;start_id;objective;weights,77059,81d950cda0f70b6ce71d675497d6779a20e840b628fb129d8627abdad6792a73,results/evaluation/dm_restart_stability_detail_timbrewm_K8.csv
dm_restart_stability,dm_restart_stability_detail_voicemark_K5.csv,560,model;K;spk;local_t;gi;restart;start_id;objective;weights,59139,4e29a527b157379f978a1aa062c19fe0aea9e8f393786945af8b22935ef430f8,results/evaluation/dm_restart_stability_detail_voicemark_K5.csv
dm_restart_stability,dm_restart_stability_detail_voicemark_K8.csv,560,model;K;spk;local_t;gi;restart;start_id;objective;weights,77619,13f5c4a289ecca7e9358fe129787bbaae6878e0ce9af0e73150a5e4c597fc389,results/evaluation/dm_restart_stability_detail_voicemark_K8.csv
dm_restart_stability,dm_restart_stability_detail_wavmark_K5.csv,560,model;K;spk;local_t;gi;restart;start_id;objective;weights,58019,a943479d99af7ff1bd4a4631ec6de65e4a3cde4be3aa4c717cec6fe610dd0405,results/evaluation/dm_restart_stability_detail_wavmark_K5.csv
dm_restart_stability,dm_restart_stability_detail_wavmark_K8.csv,560,model;K;spk;local_t;gi;restart;start_id;objective;weights,76499,1aba2199e346313d59d37aaea3449b559220610f8f184006e21976d911ef5866,results/evaluation/dm_restart_stability_detail_wavmark_K8.csv
dm_restart_stability,dm_restart_stability_detail_wmcodec_K5.csv,560,model;K;spk;local_t;gi;restart;start_id;objective;weights,58019,42919716f55beca6ddee15e908a893bb6dcf2e9cb725525b6b7338110716d49c,results/evaluation/dm_restart_stability_detail_wmcodec_K5.csv
dm_restart_stability,dm_restart_stability_detail_wmcodec_K8.csv,560,model;K;spk;local_t;gi;restart;start_id;objective;weights,76499,6d98d2e14b1f335bd43bb0754fd02cf3e50897e969a6cb98b6df73cea09d7656,results/evaluation/dm_restart_stability_detail_wmcodec_K8.csv
dm_restart_stability,dm_restart_stability_timbrewm_K5.csv,1,model;K;n_trials;n_restarts;starts_per_restart;restart_cosine_mean;restart_cosine_median;all_start_cosine_mean;all_start_cosine_median;restart_objective_std_mean;detail_csv,286,4ef8a949ccf64aa027296b7400f3b12205a360e50653e38b0e9bd362ef775e21,results/evaluation/dm_restart_stability_timbrewm_K5.csv
dm_restart_stability,dm_restart_stability_timbrewm_K8.csv,1,model;K;n_trials;n_restarts;starts_per_restart;restart_cosine_mean;restart_cosine_median;all_start_cosine_mean;all_start_cosine_median;restart_objective_std_mean;detail_csv,286,1de3b5a8a2448ba6fce963d4059878ba54edbff1538e955fa6f075537c8f86a2,results/evaluation/dm_restart_stability_timbrewm_K8.csv
dm_restart_stability,dm_restart_stability_voicemark_K5.csv,1,model;K;n_trials;n_restarts;starts_per_restart;restart_cosine_mean;restart_cosine_median;all_start_cosine_mean;all_start_cosine_median;restart_objective_std_mean;detail_csv,288,6a59958e8467dd4ba1212c3b18bc0e0463ad6c14ab7d95dedf7d41d3e7c3cf85,results/evaluation/dm_restart_stability_voicemark_K5.csv
dm_restart_stability,dm_restart_stability_voicemark_K8.csv,1,model;K;n_trials;n_restarts;starts_per_restart;restart_cosine_mean;restart_cosine_median;all_start_cosine_mean;all_start_cosine_median;restart_objective_std_mean;detail_csv,288,da65c9d14077c0541dad5467c5a8f10d736e4cdfa45dc2a5c4cd62711a46f719,results/evaluation/dm_restart_stability_voicemark_K8.csv
dm_restart_stability,dm_restart_stability_wavmark_K5.csv,1,model;K;n_trials;n_restarts;starts_per_restart;restart_cosine_mean;restart_cosine_median;all_start_cosine_mean;all_start_cosine_median;restart_objective_std_mean;detail_csv,284,cc6beb02d036e5e348d3e4c69b7db6f658d177bab5f3bcf41a58a41574d9626c,results/evaluation/dm_restart_stability_wavmark_K5.csv
dm_restart_stability,dm_restart_stability_wavmark_K8.csv,1,model;K;n_trials;n_restarts;starts_per_restart;restart_cosine_mean;restart_cosine_median;all_start_cosine_mean;all_start_cosine_median;restart_objective_std_mean;detail_csv,284,18e49f59defa334d1a911e5a255e137ad91c5117e5915107fedba872cde7ebe9,results/evaluation/dm_restart_stability_wavmark_K8.csv
dm_restart_stability,dm_restart_stability_wmcodec_K5.csv,1,model;K;n_trials;n_restarts;starts_per_restart;restart_cosine_mean;restart_cosine_median;all_start_cosine_mean;all_start_cosine_median;restart_objective_std_mean;detail_csv,284,63dfb8e36ce3ca1e4123a989dfa9431097b5c309f18cca5cbbf0a58f02a29b77,results/evaluation/dm_restart_stability_wmcodec_K5.csv
dm_restart_stability,dm_restart_stability_wmcodec_K8.csv,1,model;K;n_trials;n_restarts;starts_per_restart;restart_cosine_mean;restart_cosine_median;all_start_cosine_mean;all_start_cosine_median;restart_objective_std_mean;detail_csv,284,b400ce84f3d8f385074dfce950d0eaf986edd104ae12dd60aba87791cea94bb3,results/evaluation/dm_restart_stability_wmcodec_K8.csv
dm,dm_timbrewm_K2.csv,300,model;K;spk;local_t;gi;method;ASR;R3_escape;R5_escape;ACC_near;ACC_near_norm;PESQ;STOI;SI_SDR,21127,3bc5ffc8963bff9b717c679e34aa6a24660d028eaba17f7f24b19f4cc9cc1b01,results/evaluation/dm_timbrewm_K2.csv
dm,dm_timbrewm_K3.csv,300,model;K;spk;local_t;gi;method;ASR;R3_escape;R5_escape;ACC_near;ACC_near_norm;PESQ;STOI;SI_SDR,21118,e91d3fdc41bd49a0f7bb30b660a8b13c3237416114f56fb66dd9fe8f1c6eaefb,results/evaluation/dm_timbrewm_K3.csv
dm,dm_timbrewm_K5.csv,300,model;K;spk;local_t;gi;method;ASR;R3_escape;R5_escape;ACC_near;ACC_near_norm;PESQ;STOI;SI_SDR,21103,f9ad9186f426196c493ebfb0069554346718883980502456f1114636157037ea,results/evaluation/dm_timbrewm_K5.csv
dm,dm_timbrewm_K8.csv,300,model;K;spk;local_t;gi;method;ASR;R3_escape;R5_escape;ACC_near;ACC_near_norm;PESQ;STOI;SI_SDR,21102,9b5850e33e05a335f6d9aac9a467ce32c9cd1f65a68b78a2fb8f256288dc9cad,results/evaluation/dm_timbrewm_K8.csv
dm,dm_voicemark_K2.csv,300,model;K;spk;local_t;gi;method;ASR;R3_escape;R5_escape;ACC_near;ACC_near_norm;PESQ;STOI;SI_SDR,21677,3bf85cc884834d0713b19744207945feb7cbb980984ae76c097a76f4a8570b3a,results/evaluation/dm_voicemark_K2.csv
dm,dm_voicemark_K3.csv,300,model;K;spk;local_t;gi;method;ASR;R3_escape;R5_escape;ACC_near;ACC_near_norm;PESQ;STOI;SI_SDR,21656,af79bf075149afd80458a3ce5f3b907ad5135ca350694d20ea72b636140b378a,results/evaluation/dm_voicemark_K3.csv
dm,dm_voicemark_K5.csv,300,model;K;spk;local_t;gi;method;ASR;R3_escape;R5_escape;ACC_near;ACC_near_norm;PESQ;STOI;SI_SDR,21658,ed9122052626523641fb6f9dd5e58bf11621a73f3313c1c9fe1c191869ee77d9,results/evaluation/dm_voicemark_K5.csv
dm,dm_voicemark_K8.csv,300,model;K;spk;local_t;gi;method;ASR;R3_escape;R5_escape;ACC_near;ACC_near_norm;PESQ;STOI;SI_SDR,21659,486e1e9a74a411b3a9a8e671ac76f4443556ca8c98c8b72e10e0ba8c448c7e80,results/evaluation/dm_voicemark_K8.csv
dm,dm_wavmark_K2.csv,300,model;K;spk;local_t;gi;method;ASR;R3_escape;R5_escape;ACC_near;ACC_near_norm;PESQ;STOI;SI_SDR,21096,5f99c26046540ed7d548c98cc75bde55d5c495b7497f96d9fdecfb9100e7cea0,results/evaluation/dm_wavmark_K2.csv
dm,dm_wavmark_K3.csv,300,model;K;spk;local_t;gi;method;ASR;R3_escape;R5_escape;ACC_near;ACC_near_norm;PESQ;STOI;SI_SDR,21096,6c79f3580079043a56936c5a976e22cf01602b2f5026f030538f316455e8cc40,results/evaluation/dm_wavmark_K3.csv
dm,dm_wavmark_K5.csv,300,model;K;spk;local_t;gi;method;ASR;R3_escape;R5_escape;ACC_near;ACC_near_norm;PESQ;STOI;SI_SDR,21096,f30f6204a29d37dfc4cd329fc5b8c13dc31694d95d9234246add3f4d8a5d0859,results/evaluation/dm_wavmark_K5.csv
dm,dm_wavmark_K8.csv,300,model;K;spk;local_t;gi;method;ASR;R3_escape;R5_escape;ACC_near;ACC_near_norm;PESQ;STOI;SI_SDR,21096,78836f260108d3ace122a9948a0b4a6cce043dc2089ab73e4a939527f912ca56,results/evaluation/dm_wavmark_K8.csv
dm,dm_wmcodec_K2.csv,300,model;K;spk;local_t;gi;method;ASR;R3_escape;R5_escape;ACC_near;ACC_near_norm;PESQ;STOI;SI_SDR,21023,83015d2b36a9ec71598295027891365daee7114469816d91c29370807af9184f,results/evaluation/dm_wmcodec_K2.csv
dm,dm_wmcodec_K3.csv,300,model;K;spk;local_t;gi;method;ASR;R3_escape;R5_escape;ACC_near;ACC_near_norm;PESQ;STOI;SI_SDR,21020,bbff1281b601d29ee252e2289f58b8e43720007ea6b2d77b59f3c2384f4df201,results/evaluation/dm_wmcodec_K3.csv
dm,dm_wmcodec_K5.csv,300,model;K;spk;local_t;gi;method;ASR;R3_escape;R5_escape;ACC_near;ACC_near_norm;PESQ;STOI;SI_SDR,21027,9339b842f8492f19a275526b5727d73221bb7fa96bf9018130fadae1c5464ff7,results/evaluation/dm_wmcodec_K5.csv
dm,dm_wmcodec_K8.csv,300,model;K;spk;local_t;gi;method;ASR;R3_escape;R5_escape;ACC_near;ACC_near_norm;PESQ;STOI;SI_SDR,21026,b736761452a483a2c6c50b08713c37c86663cc14188c8915b161499d55edc9a0,results/evaluation/dm_wmcodec_K8.csv
eep,eep_audioseal_K2.csv,300,model;K;spk;local_t;gi;method;ASR;R3_escape;R5_escape;ACC_near;ACC_near_norm;AggResid;PESQ;STOI;SI_SDR,24704,d810c7031312b5573e4b88a0947826bfb682201580ace134a5ee3123478189b1,results/evaluation/eep_audioseal_K2.csv
eep,eep_audioseal_K3.csv,300,model;K;spk;local_t;gi;method;ASR;R3_escape;R5_escape;ACC_near;ACC_near_norm;AggResid;PESQ;STOI;SI_SDR,24704,7cc5534ab2d3fccb7aa6e1488db922cc0d2b2cb2ffb78cfec82ffe2dd190fb5e,results/evaluation/eep_audioseal_K3.csv
eep,eep_audioseal_K5.csv,300,model;K;spk;local_t;gi;method;ASR;R3_escape;R5_escape;ACC_near;ACC_near_norm;AggResid;PESQ;STOI;SI_SDR,24705,ccd4bbbecc40f59178051b39c17a3315dd8ebdd16b8f2704c3c9e69436f1af1c,results/evaluation/eep_audioseal_K5.csv
eep,eep_audioseal_K8.csv,300,model;K;spk;local_t;gi;method;ASR;R3_escape;R5_escape;ACC_near;ACC_near_norm;AggResid;PESQ;STOI;SI_SDR,24704,c2b6d7d5c6c10d9648f1da1497c87965da31af83b120b6f9fd3afad113f06287,results/evaluation/eep_audioseal_K8.csv
eep,eep_timbrewm_K2.csv,300,model;K;spk;local_t;gi;method;ASR;R3_escape;R5_escape;ACC_near;ACC_near_norm;AggResid;PESQ;STOI;SI_SDR,24136,779bd02b9bfe894654443154c386df358dfda4ccb5188969b89211a33c13f575,results/evaluation/eep_timbrewm_K2.csv
eep,eep_timbrewm_K3.csv,300,model;K;spk;local_t;gi;method;ASR;R3_escape;R5_escape;ACC_near;ACC_near_norm;AggResid;PESQ;STOI;SI_SDR,24143,29872e016d33998131434f25f9c88e94183b72ae28cf88f9fa9fef1ce33d12ea,results/evaluation/eep_timbrewm_K3.csv
eep,eep_timbrewm_K5.csv,300,model;K;spk;local_t;gi;method;ASR;R3_escape;R5_escape;ACC_near;ACC_near_norm;AggResid;PESQ;STOI;SI_SDR,24124,b8c7731a078e2b0de576b2ac11d2c0894567d18b9caf9862c6e18903f1109f14,results/evaluation/eep_timbrewm_K5.csv
eep,eep_timbrewm_K8.csv,300,model;K;spk;local_t;gi;method;ASR;R3_escape;R5_escape;ACC_near;ACC_near_norm;AggResid;PESQ;STOI;SI_SDR,24126,915d8ca5eb493b4d1f339e8888db2d7c6be5b399d8e38fd5bb44ac07edf058e8,results/evaluation/eep_timbrewm_K8.csv
eep,eep_voicemark_K2.csv,300,model;K;spk;local_t;gi;method;ASR;R3_escape;R5_escape;ACC_near;ACC_near_norm;AggResid;PESQ;STOI;SI_SDR,24686,c81e863a8aee22f11bde78d63a81e39abe320cde5cd8437eecc45efac17ad985,results/evaluation/eep_voicemark_K2.csv
eep,eep_voicemark_K3.csv,300,model;K;spk;local_t;gi;method;ASR;R3_escape;R5_escape;ACC_near;ACC_near_norm;AggResid;PESQ;STOI;SI_SDR,24651,8024e6193fd5c5b879971133876aa129b3c44bf906b14a8721338e4c0bcd83d4,results/evaluation/eep_voicemark_K3.csv
eep,eep_voicemark_K5.csv,300,model;K;spk;local_t;gi;method;ASR;R3_escape;R5_escape;ACC_near;ACC_near_norm;AggResid;PESQ;STOI;SI_SDR,24657,899a71e7cf7fa1b2ef68336dbd688ec386ee387b603760d10fff44c657569748,results/evaluation/eep_voicemark_K5.csv
eep,eep_voicemark_K8.csv,300,model;K;spk;local_t;gi;method;ASR;R3_escape;R5_escape;ACC_near;ACC_near_norm;AggResid;PESQ;STOI;SI_SDR,24639,5a3056cf154769198f446ad7294c9f85a103389d8272fde729822b0cd52d20c2,results/evaluation/eep_voicemark_K8.csv
eep,eep_wavmark_K2.csv,300,model;K;spk;local_t;gi;method;ASR;R3_escape;R5_escape;ACC_near;ACC_near_norm;AggResid;PESQ;STOI;SI_SDR,24105,bcb7abd348025891940a0802d761340c6a2a4e63aa747b8045383f764d7cafb1,results/evaluation/eep_wavmark_K2.csv
eep,eep_wavmark_K3.csv,300,model;K;spk;local_t;gi;method;ASR;R3_escape;R5_escape;ACC_near;ACC_near_norm;AggResid;PESQ;STOI;SI_SDR,24105,cf450ababeb9d6044d1ba1260900ece989aa7cda6999b41d64afcd0a35d076d6,results/evaluation/eep_wavmark_K3.csv
eep,eep_wavmark_K5.csv,300,model;K;spk;local_t;gi;method;ASR;R3_escape;R5_escape;ACC_near;ACC_near_norm;AggResid;PESQ;STOI;SI_SDR,24105,a403f7bf633b7490762737f92ec5fbbde9f2f29e05a32aeb1e30fd54364299ac,results/evaluation/eep_wavmark_K5.csv
eep,eep_wavmark_K8.csv,300,model;K;spk;local_t;gi;method;ASR;R3_escape;R5_escape;ACC_near;ACC_near_norm;AggResid;PESQ;STOI;SI_SDR,24105,f07cdd97bf3aad45a3a27904a6b7e79f0288fe9b979b7a80ed4b1e2d1b913674,results/evaluation/eep_wavmark_K8.csv
eep,eep_wmcodec_K2.csv,300,model;K;spk;local_t;gi;method;ASR;R3_escape;R5_escape;ACC_near;ACC_near_norm;AggResid;PESQ;STOI;SI_SDR,24032,42a5f85a0ec81f971c85ad27062d89c3acc1f49d901ce9a028da84216088ad2f,results/evaluation/eep_wmcodec_K2.csv
eep,eep_wmcodec_K3.csv,300,model;K;spk;local_t;gi;method;ASR;R3_escape;R5_escape;ACC_near;ACC_near_norm;AggResid;PESQ;STOI;SI_SDR,24027,fcf78de9f20d09071cecff784b1deb6659aef00cd0467e8d64e343d2537de447,results/evaluation/eep_wmcodec_K3.csv
eep,eep_wmcodec_K5.csv,300,model;K;spk;local_t;gi;method;ASR;R3_escape;R5_escape;ACC_near;ACC_near_norm;AggResid;PESQ;STOI;SI_SDR,24010,f0b36846968f6462fe5b2b2244dc8c6b85953239b9811cf0b2dcf35df0cfbe7e,results/evaluation/eep_wmcodec_K5.csv
eep,eep_wmcodec_K8.csv,300,model;K;spk;local_t;gi;method;ASR;R3_escape;R5_escape;ACC_near;ACC_near_norm;AggResid;PESQ;STOI;SI_SDR,24027,e9d296b703c289cbf4736cd5b131e2edbd9e1a00cab35999ce6ad715b988ae0b,results/evaluation/eep_wmcodec_K8.csv
evidence_chain,evidence_chain_audioseal_K2.csv,2700,model;K;spk;local_t;gi;method;ASR;presence;S_C;margin;PESQ;STOI;SI_SDR;rho_wave;rho_det;cb_margin;cb_shuf_margin,296024,dc0bc268b4cf465c22321f851203413cf8774da055ab000e628f80d9b8df4a96,results/evaluation/evidence_chain_audioseal_K2.csv
evidence_chain,evidence_chain_audioseal_K3.csv,2700,model;K;spk;local_t;gi;method;ASR;presence;S_C;margin;PESQ;STOI;SI_SDR;rho_wave;rho_det;cb_margin;cb_shuf_margin,314820,59d9198d5a85ff30f95c32972f4390022ee4d0214adeda73aca597151217b5d0,results/evaluation/evidence_chain_audioseal_K3.csv
evidence_chain,evidence_chain_audioseal_K5.csv,2700,model;K;spk;local_t;gi;method;ASR;presence;S_C;margin;PESQ;STOI;SI_SDR;rho_wave;rho_det;cb_margin;cb_shuf_margin,314983,115b6bb224dc00319671bad0a903001dbeb27430d00db7fd456e8f58b1c04751,results/evaluation/evidence_chain_audioseal_K5.csv
evidence_chain,evidence_chain_audioseal_K8.csv,2700,model;K;spk;local_t;gi;method;ASR;presence;S_C;margin;PESQ;STOI;SI_SDR;rho_wave;rho_det;cb_margin;cb_shuf_margin,314797,a08df3d14b73d89e54c8b467954c466c80b10dc49f9dd0d7bdc0a4cb7118ea4c,results/evaluation/evidence_chain_audioseal_K8.csv
evidence_chain,evidence_chain_timbrewm_K2.csv,2700,model;K;spk;local_t;gi;method;ASR;presence;S_C;margin;PESQ;STOI;SI_SDR;rho_wave;rho_det;cb_margin;cb_shuf_margin,276302,3a73675f172f6e8e97a8846b317fff1b5b2990a80b295df5dc3e2e3834db11b5,results/evaluation/evidence_chain_timbrewm_K2.csv
evidence_chain,evidence_chain_timbrewm_K3.csv,2700,model;K;spk;local_t;gi;method;ASR;presence;S_C;margin;PESQ;STOI;SI_SDR;rho_wave;rho_det;cb_margin;cb_shuf_margin,294130,39c692021934f384b211e016594616ae4e0ae35a1b0741c75ff5d97002606887,results/evaluation/evidence_chain_timbrewm_K3.csv
evidence_chain,evidence_chain_timbrewm_K5.csv,2700,model;K;spk;local_t;gi;method;ASR;presence;S_C;margin;PESQ;STOI;SI_SDR;rho_wave;rho_det;cb_margin;cb_shuf_margin,294773,33fdb2587082faaa29d37d38485b963fc25ef865336a42c1eb6e3a245b786779,results/evaluation/evidence_chain_timbrewm_K5.csv
evidence_chain,evidence_chain_timbrewm_K8.csv,2700,model;K;spk;local_t;gi;method;ASR;presence;S_C;margin;PESQ;STOI;SI_SDR;rho_wave;rho_det;cb_margin;cb_shuf_margin,295173,c100e113dfc49275d55aa689064a5cc2207ce6a3dc176ad0c71751d80ff8fbdc,results/evaluation/evidence_chain_timbrewm_K8.csv
evidence_chain,evidence_chain_voicemark_K2.csv,2700,model;K;spk;local_t;gi;method;ASR;presence;S_C;margin;PESQ;STOI;SI_SDR;rho_wave;rho_det;cb_margin;cb_shuf_margin,302256,e849f2ed30fc04108710339a3e2c1a6d8b7d173a71c7246a6f4bb64055436184,results/evaluation/evidence_chain_voicemark_K2.csv
evidence_chain,evidence_chain_voicemark_K3.csv,2700,model;K;spk;local_t;gi;method;ASR;presence;S_C;margin;PESQ;STOI;SI_SDR;rho_wave;rho_det;cb_margin;cb_shuf_margin,320622,948b559bcea136699c4be30635a3c05ae150c01d322bb21f98d2a09e4e4987ec,results/evaluation/evidence_chain_voicemark_K3.csv
evidence_chain,evidence_chain_voicemark_K5.csv,2700,model;K;spk;local_t;gi;method;ASR;presence;S_C;margin;PESQ;STOI;SI_SDR;rho_wave;rho_det;cb_margin;cb_shuf_margin,321743,9b437b441e0c290d395f12a7a2311f456ec2be8695eed49f0622c3d3ecd6e147,results/evaluation/evidence_chain_voicemark_K5.csv
evidence_chain,evidence_chain_voicemark_K8.csv,2700,model;K;spk;local_t;gi;method;ASR;presence;S_C;margin;PESQ;STOI;SI_SDR;rho_wave;rho_det;cb_margin;cb_shuf_margin,322026,97b0e4c5b98176c2d2cfbd2cfff045bdfe5f78b2af62e17ea64abe2b9333ac18,results/evaluation/evidence_chain_voicemark_K8.csv
evidence_chain,evidence_chain_wavmark_K2.csv,2700,model;K;spk;local_t;gi;method;ASR;presence;S_C;margin;PESQ;STOI;SI_SDR;rho_wave;rho_det;cb_margin;cb_shuf_margin,290437,48b001be5ac2ca92ad4ec7e1395b8a9886ea74675d9b9179e09ef45b6f49efa3,results/evaluation/evidence_chain_wavmark_K2.csv
evidence_chain,evidence_chain_wavmark_K3.csv,2700,model;K;spk;local_t;gi;method;ASR;presence;S_C;margin;PESQ;STOI;SI_SDR;rho_wave;rho_det;cb_margin;cb_shuf_margin,308821,36f73437ea04fd12d0f69d5836082270c0905ce83846b3d082a878ddaa757425,results/evaluation/evidence_chain_wavmark_K3.csv
evidence_chain,evidence_chain_wavmark_K5.csv,2700,model;K;spk;local_t;gi;method;ASR;presence;S_C;margin;PESQ;STOI;SI_SDR;rho_wave;rho_det;cb_margin;cb_shuf_margin,309144,62ae4e01e60d81279a940c51360c2c983448b6d177d161c40341abffba0aef29,results/evaluation/evidence_chain_wavmark_K5.csv
evidence_chain,evidence_chain_wavmark_K8.csv,2700,model;K;spk;local_t;gi;method;ASR;presence;S_C;margin;PESQ;STOI;SI_SDR;rho_wave;rho_det;cb_margin;cb_shuf_margin,309157,73e726aa720f6c64daf419560f81efaa4474728af4d50e86fa2aaa88fc88c942,results/evaluation/evidence_chain_wavmark_K8.csv
evidence_chain,evidence_chain_wmcodec_K2.csv,2700,model;K;spk;local_t;gi;method;ASR;presence;S_C;margin;PESQ;STOI;SI_SDR;rho_wave;rho_det;cb_margin;cb_shuf_margin,282526,42341a8364306eca726645f7d8431a409605949e8ed58a2b4345af931023b039,results/evaluation/evidence_chain_wmcodec_K2.csv
evidence_chain,evidence_chain_wmcodec_K3.csv,2700,model;K;spk;local_t;gi;method;ASR;presence;S_C;margin;PESQ;STOI;SI_SDR;rho_wave;rho_det;cb_margin;cb_shuf_margin,300791,fc92478d76bde0a39f2e3c02db546eab14c52cdad406b17d0184860343e55631,results/evaluation/evidence_chain_wmcodec_K3.csv
evidence_chain,evidence_chain_wmcodec_K5.csv,2700,model;K;spk;local_t;gi;method;ASR;presence;S_C;margin;PESQ;STOI;SI_SDR;rho_wave;rho_det;cb_margin;cb_shuf_margin,300767,a078e7818730fb20cf0d5ba85e340b377cdbb225399eb54a3b85df459361785b,results/evaluation/evidence_chain_wmcodec_K5.csv
evidence_chain,evidence_chain_wmcodec_K8.csv,2700,model;K;spk;local_t;gi;method;ASR;presence;S_C;margin;PESQ;STOI;SI_SDR;rho_wave;rho_det;cb_margin;cb_shuf_margin,300487,907dee9e9253b67ce5ba69a9731b7900d7c2b23e7e805ccccfa239434e152022,results/evaluation/evidence_chain_wmcodec_K8.csv
framing_hull,framing_hull_audioseal_K2.csv,6000,model;K;spk;local_t;gi;target;method;d_hull;target_hit;target_margin,386182,104b92522028e816e10f397cd88e455b68ecb322c9f021929081d362c3adda7c,results/evaluation/framing_hull_audioseal_K2.csv
framing_hull,framing_hull_audioseal_K3.csv,6000,model;K;spk;local_t;gi;target;method;d_hull;target_hit;target_margin,386084,51b612c15820a3799bde6ac601b069a6e711a9d12e5de5be0ad0a5882e83fe32,results/evaluation/framing_hull_audioseal_K3.csv
framing_hull,framing_hull_audioseal_K5.csv,6000,model;K;spk;local_t;gi;target;method;d_hull;target_hit;target_margin,386032,726942070fbb861b2d80e453acd0fc4bfa0b014ad4c55fe0751ecbdd5c9226fb,results/evaluation/framing_hull_audioseal_K5.csv
framing_hull,framing_hull_audioseal_K8.csv,6000,model;K;spk;local_t;gi;target;method;d_hull;target_hit;target_margin,385775,61694e4b44e59b5b0a382a41f1773a8e8c57ec19f275bc6371120a8a5e25177b,results/evaluation/framing_hull_audioseal_K8.csv
framing_hull,framing_hull_timbrewm_K2.csv,6000,model;K;spk;local_t;gi;target;method;d_hull;target_hit;target_margin,368380,d427c92b2a79c1757f42ea6abd0cbb1603d0a5b0d32d1ab1f28b91c53895f9ad,results/evaluation/framing_hull_timbrewm_K2.csv
framing_hull,framing_hull_timbrewm_K3.csv,6000,model;K;spk;local_t;gi;target;method;d_hull;target_hit;target_margin,368055,2bf2b17dfdf28d49b28758766fdb25066fcf3136532907c0674c3507026cdb54,results/evaluation/framing_hull_timbrewm_K3.csv
framing_hull,framing_hull_timbrewm_K5.csv,6000,model;K;spk;local_t;gi;target;method;d_hull;target_hit;target_margin,367329,aae544221fea7692bd696bb6c64aa72d0e43429c68862d40fd9ccf77bf91d1b8,results/evaluation/framing_hull_timbrewm_K5.csv
framing_hull,framing_hull_timbrewm_K8.csv,6000,model;K;spk;local_t;gi;target;method;d_hull;target_hit;target_margin,366664,a0124bbd1fa54bce5519c335a7136b0295660d85166a87bede11e5c0b28cf7c3,results/evaluation/framing_hull_timbrewm_K8.csv
framing_hull,framing_hull_voicemark_K2.csv,6000,model;K;spk;local_t;gi;target;method;d_hull;target_hit;target_margin,392098,579b9c184cf094d466afe019749550487eb196c260541edf99059717b5950611,results/evaluation/framing_hull_voicemark_K2.csv
framing_hull,framing_hull_voicemark_K3.csv,6000,model;K;spk;local_t;gi;target;method;d_hull;target_hit;target_margin,391986,f4667c157a154ce886d01306e2fb0234c58cd72b23406cc57efb41e94751697f,results/evaluation/framing_hull_voicemark_K3.csv
framing_hull,framing_hull_voicemark_K5.csv,6000,model;K;spk;local_t;gi;target;method;d_hull;target_hit;target_margin,391967,d683fa755b9c3457aeadaa675672cea66d9050aaa40511b6159459e8e9fc803a,results/evaluation/framing_hull_voicemark_K5.csv
framing_hull,framing_hull_voicemark_K8.csv,6000,model;K;spk;local_t;gi;target;method;d_hull;target_hit;target_margin,391825,07cb4d7f1f821cb4bb7a7010f25eabe3d756611c822cc30f3b22b4a9402b764b,results/evaluation/framing_hull_voicemark_K8.csv
framing_hull,framing_hull_wavmark_K2.csv,6000,model;K;spk;local_t;gi;target;method;d_hull;target_hit;target_margin,374188,8452149580c1a2c342918fa60fb990590a9d6b8a59ba8a02d586212a8afc90db,results/evaluation/framing_hull_wavmark_K2.csv
framing_hull,framing_hull_wavmark_K3.csv,6000,model;K;spk;local_t;gi;target;method;d_hull;target_hit;target_margin,374074,7c641b69f1dac10b277bfe58448e04c8a5eb5bf22f89473b9fe5a827450cf518,results/evaluation/framing_hull_wavmark_K3.csv
framing_hull,framing_hull_wavmark_K5.csv,6000,model;K;spk;local_t;gi;target;method;d_hull;target_hit;target_margin,373999,2a12c140a70f769afb756c4060a2addef65076359fd6ec74369a60f76f71ec8d,results/evaluation/framing_hull_wavmark_K5.csv
framing_hull,framing_hull_wavmark_K8.csv,6000,model;K;spk;local_t;gi;target;method;d_hull;target_hit;target_margin,373753,6de8dc8831810680f0f9dffaf386b0053f3bdce0c9adcb514ebd0ced464dfed3,results/evaluation/framing_hull_wavmark_K8.csv
framing_hull,framing_hull_wmcodec_K2.csv,6000,model;K;spk;local_t;gi;target;method;d_hull;target_hit;target_margin,380042,e1849efe24bd26bbc099a9564cea6876e71a901d196ba2aa4e01c0d6846a0841,results/evaluation/framing_hull_wmcodec_K2.csv
framing_hull,framing_hull_wmcodec_K3.csv,6000,model;K;spk;local_t;gi;target;method;d_hull;target_hit;target_margin,379971,65fef9930cc3fad1255b027058432a2f152ebc62a15e57090393e2298548aab1,results/evaluation/framing_hull_wmcodec_K3.csv
framing_hull,framing_hull_wmcodec_K5.csv,6000,model;K;spk;local_t;gi;target;method;d_hull;target_hit;target_margin,379867,b1177b3beb2f9a30abd2e8687282083ecdc909cedc21aaa4ce913084b005d4ca,results/evaluation/framing_hull_wmcodec_K5.csv
framing_hull,framing_hull_wmcodec_K8.csv,6000,model;K;spk;local_t;gi;target;method;d_hull;target_hit;target_margin,379673,de2d02200e013eb6eeae4ee8cba63f74a83f763cb1ddb1e169dc92b27f3d3ffe,results/evaluation/framing_hull_wmcodec_K8.csv
mechanism_diag,mechanism_diag.csv,60,model;K;method;entropy_mean;entropy_uniform_logK;max_weight_mean;max_weight_uniform_1overK;l2_mean;l2_uniform_1over_sqrtK;n_trials,3752,bad2801066177906cda307c6ab01e0031e8326496351a32ef3c08ba5a141ffa2,results/evaluation/mechanism_diag.csv
pgr,pgr_audioseal_K2.csv,300,model;K;spk;local_t;gi;method;ASR;R3_escape;R5_escape;ACC_near;ACC_near_norm;AggResid;PESQ;STOI;SI_SDR,24704,d940161ea94f5f28e08c1f36efd9f39b066c70d88111a4d111cab168acd3e77e,results/evaluation/pgr_audioseal_K2.csv
pgr,pgr_audioseal_K3.csv,300,model;K;spk;local_t;gi;method;ASR;R3_escape;R5_escape;ACC_near;ACC_near_norm;AggResid;PESQ;STOI;SI_SDR,24704,696a0fba1c887310725ac61496417b2d3741e30b1304f4095da4d338ab6bbfa0,results/evaluation/pgr_audioseal_K3.csv
pgr,pgr_audioseal_K5.csv,300,model;K;spk;local_t;gi;method;ASR;R3_escape;R5_escape;ACC_near;ACC_near_norm;AggResid;PESQ;STOI;SI_SDR,24703,7dc7de59b0377229cfa121e7394adbdf6f12558fa3ca7c4b9ad10a285c834e85,results/evaluation/pgr_audioseal_K5.csv
pgr,pgr_audioseal_K8.csv,300,model;K;spk;local_t;gi;method;ASR;R3_escape;R5_escape;ACC_near;ACC_near_norm;AggResid;PESQ;STOI;SI_SDR,24704,40f89fd1f80d675e9086b887dbdcc8da0160d81c1c44774bd937df243c2c5a2f,results/evaluation/pgr_audioseal_K8.csv
pgr,pgr_timbrewm_K2.csv,300,model;K;spk;local_t;gi;method;ASR;R3_escape;R5_escape;ACC_near;ACC_near_norm;AggResid;PESQ;STOI;SI_SDR,24136,4b8a9dfe9ce81205cb97b7dadb56f93a63fc607a5d4a1164830855d08710a356,results/evaluation/pgr_timbrewm_K2.csv
pgr,pgr_timbrewm_K3.csv,300,model;K;spk;local_t;gi;method;ASR;R3_escape;R5_escape;ACC_near;ACC_near_norm;AggResid;PESQ;STOI;SI_SDR,24113,c88ed503c80a14e1d7c795e2f1319dfdc903a1deaf0ee4fc498e9528492808b7,results/evaluation/pgr_timbrewm_K3.csv
pgr,pgr_timbrewm_K5.csv,300,model;K;spk;local_t;gi;method;ASR;R3_escape;R5_escape;ACC_near;ACC_near_norm;AggResid;PESQ;STOI;SI_SDR,24105,b882ddf1004911d071c1305a06abeb67896bf42db66b0104c144eb1d1ddd14c3,results/evaluation/pgr_timbrewm_K5.csv
pgr,pgr_timbrewm_K8.csv,300,model;K;spk;local_t;gi;method;ASR;R3_escape;R5_escape;ACC_near;ACC_near_norm;AggResid;PESQ;STOI;SI_SDR,24106,067bae85858841341cf4e4d08d5fc6304062b6ed93f49b0dff74c8f3574c0a57,results/evaluation/pgr_timbrewm_K8.csv
pgr,pgr_voicemark_K2.csv,300,model;K;spk;local_t;gi;method;ASR;R3_escape;R5_escape;ACC_near;ACC_near_norm;AggResid;PESQ;STOI;SI_SDR,24686,f8667e7906731c5285849af2f5ac7c696ea1a727a906756b1e32c5e9c15b0cb1,results/evaluation/pgr_voicemark_K2.csv
pgr,pgr_voicemark_K3.csv,300,model;K;spk;local_t;gi;method;ASR;R3_escape;R5_escape;ACC_near;ACC_near_norm;AggResid;PESQ;STOI;SI_SDR,24661,7bbb4841846129d6673991da7ae037d4ecf84f17033809fd8d07cbfd52788f4e,results/evaluation/pgr_voicemark_K3.csv
pgr,pgr_voicemark_K5.csv,300,model;K;spk;local_t;gi;method;ASR;R3_escape;R5_escape;ACC_near;ACC_near_norm;AggResid;PESQ;STOI;SI_SDR,24664,3b39f8e801a1003d1fd654ecc99067cd1e973622bf0ec51d9da6c398246f070e,results/evaluation/pgr_voicemark_K5.csv
pgr,pgr_voicemark_K8.csv,300,model;K;spk;local_t;gi;method;ASR;R3_escape;R5_escape;ACC_near;ACC_near_norm;AggResid;PESQ;STOI;SI_SDR,24667,988970a9e5053c8019560cf34ee555cde17937464ad9e4fff820e01c10ef3d65,results/evaluation/pgr_voicemark_K8.csv
pgr,pgr_wavmark_K2.csv,300,model;K;spk;local_t;gi;method;ASR;R3_escape;R5_escape;ACC_near;ACC_near_norm;AggResid;PESQ;STOI;SI_SDR,24105,7f0fe3d1ea20b09f628d6e2bd42ad994a0ae661ead79931cbe2ebf802c745a08,results/evaluation/pgr_wavmark_K2.csv
pgr,pgr_wavmark_K3.csv,300,model;K;spk;local_t;gi;method;ASR;R3_escape;R5_escape;ACC_near;ACC_near_norm;AggResid;PESQ;STOI;SI_SDR,24105,89f1fc2bdb8ae0a01b28f00b06cd29437b6d6d70829c4564b7ef12136ade0324,results/evaluation/pgr_wavmark_K3.csv
pgr,pgr_wavmark_K5.csv,300,model;K;spk;local_t;gi;method;ASR;R3_escape;R5_escape;ACC_near;ACC_near_norm;AggResid;PESQ;STOI;SI_SDR,24105,d6eaf54246c6abdd01355a3e1efd6bf37514b58fe66a27d6beaf44cfa1a2e45d,results/evaluation/pgr_wavmark_K5.csv
pgr,pgr_wavmark_K8.csv,300,model;K;spk;local_t;gi;method;ASR;R3_escape;R5_escape;ACC_near;ACC_near_norm;AggResid;PESQ;STOI;SI_SDR,24104,839441e642b41920559e25201bd46241cc31d32c8058e771db241df7411859af,results/evaluation/pgr_wavmark_K8.csv
pgr,pgr_wmcodec_K2.csv,300,model;K;spk;local_t;gi;method;ASR;R3_escape;R5_escape;ACC_near;ACC_near_norm;AggResid;PESQ;STOI;SI_SDR,24032,c177b020a6ddd3b064a206fde33b3c6342ffd600552741f695645a7002d5bf8f,results/evaluation/pgr_wmcodec_K2.csv
pgr,pgr_wmcodec_K3.csv,300,model;K;spk;local_t;gi;method;ASR;R3_escape;R5_escape;ACC_near;ACC_near_norm;AggResid;PESQ;STOI;SI_SDR,24022,ccba8fb3e122413779733eb688eff3af837e8dc9e1299a7adf631dfbfd094ba3,results/evaluation/pgr_wmcodec_K3.csv
pgr,pgr_wmcodec_K5.csv,300,model;K;spk;local_t;gi;method;ASR;R3_escape;R5_escape;ACC_near;ACC_near_norm;AggResid;PESQ;STOI;SI_SDR,24044,35413618267a95e021dffe985a77064212c3a7adc0a23c2fa625cec66a8eb5dc,results/evaluation/pgr_wmcodec_K5.csv
pgr,pgr_wmcodec_K8.csv,300,model;K;spk;local_t;gi;method;ASR;R3_escape;R5_escape;ACC_near;ACC_near_norm;AggResid;PESQ;STOI;SI_SDR,24045,45111c6e9365097a9a85a4c4cc3e0ef597c4fc58c65614989857fff2ab45592f,results/evaluation/pgr_wmcodec_K8.csv
pilot,pilot_block_fwp_audioseal_K5.csv,400,model;K;spk;local_t;gi;method;block_seconds;fade_seconds;selection_rule;ASR;R3_escape;R5_escape;NAC;PESQ;STOI;SI_SDR,42538,518583567fc303310f848cccc223f48797260e9a3e265b69495608457b8e92d8,results/evaluation/pilot_block_fwp_audioseal_K5.csv
pilot,pilot_block_fwp_audioseal_K5_B2p0.csv,400,model;K;spk;local_t;gi;method;block_seconds;fade_seconds;selection_rule;ASR;R3_escape;R5_escape;NAC;PESQ;STOI;SI_SDR,42538,e90f8f876b1b201163f1306bcc7e832be6c3a24caf909ef3fef7bb1cdc54c028,results/evaluation/pilot_block_fwp_audioseal_K5_B2p0.csv
pilot,pilot_block_fwp_audioseal_K5_N2.csv,400,model;K;spk;local_t;gi;method;block_seconds;fade_seconds;num_blocks;selection_rule;ASR;R3_escape;R5_escape;NAC;PESQ;STOI;SI_SDR,43349,a4f38fbf20fb96e55e5d5f39bf067ce806a76ca1cae12a53ca94d281e3b3db85,results/evaluation/pilot_block_fwp_audioseal_K5_N2.csv
pilot,pilot_block_fwp_audioseal_K5_N4.csv,400,model;K;spk;local_t;gi;method;block_seconds;fade_seconds;num_blocks;selection_rule;ASR;R3_escape;R5_escape;NAC;PESQ;STOI;SI_SDR,43349,bdace1a0b61f9845996efe4fbd35841efdeaa71ff5b41ad64b9b03c858161bae,results/evaluation/pilot_block_fwp_audioseal_K5_N4.csv
pilot,pilot_block_fwp_audioseal_K5_N8.csv,400,model;K;spk;local_t;gi;method;block_seconds;fade_seconds;num_blocks;selection_rule;ASR;R3_escape;R5_escape;NAC;PESQ;STOI;SI_SDR,43349,d18f1cb78be99db88414a93b77f95571c47269f3cf6ed27325d54532385fe6b1,results/evaluation/pilot_block_fwp_audioseal_K5_N8.csv
pilot,pilot_block_fwp_timbrewm_K5.csv,400,model;K;spk;local_t;gi;method;block_seconds;fade_seconds;selection_rule;ASR;R3_escape;R5_escape;NAC;PESQ;STOI;SI_SDR,42138,e30d83ac697a203f3f0aed31ea69dfc4dff4559902476f3d1db94785432a833c,results/evaluation/pilot_block_fwp_timbrewm_K5.csv
pilot,pilot_block_fwp_timbrewm_K5_B2p0.csv,400,model;K;spk;local_t;gi;method;block_seconds;fade_seconds;selection_rule;ASR;R3_escape;R5_escape;NAC;PESQ;STOI;SI_SDR,42138,ef55b18438e888da99b55d43c20007b514d8ac0c95b8feb4f9706b69dcfdddcc,results/evaluation/pilot_block_fwp_timbrewm_K5_B2p0.csv
pilot,pilot_block_fwp_timbrewm_K5_N2.csv,400,model;K;spk;local_t;gi;method;block_seconds;fade_seconds;num_blocks;selection_rule;ASR;R3_escape;R5_escape;NAC;PESQ;STOI;SI_SDR,42949,827267291bcad1e95df4abbde20db3578d973ffda9f8f340036f9b753e3d59c7,results/evaluation/pilot_block_fwp_timbrewm_K5_N2.csv
pilot,pilot_block_fwp_timbrewm_K5_N4.csv,400,model;K;spk;local_t;gi;method;block_seconds;fade_seconds;num_blocks;selection_rule;ASR;R3_escape;R5_escape;NAC;PESQ;STOI;SI_SDR,42949,636ec7c9fb3b129f8e575e849c32831da6a6ce0a3e49d890c8b80b8a6fa550d1,results/evaluation/pilot_block_fwp_timbrewm_K5_N4.csv
pilot,pilot_block_fwp_timbrewm_K5_N8.csv,400,model;K;spk;local_t;gi;method;block_seconds;fade_seconds;num_blocks;selection_rule;ASR;R3_escape;R5_escape;NAC;PESQ;STOI;SI_SDR,42949,b343cef259bd03f89fe5d08d20cc96d2e2c134e5f603727844711d725c841aaf,results/evaluation/pilot_block_fwp_timbrewm_K5_N8.csv
pulse_noise,pulse_noise_audioseal_K2.csv,600,model;K;spk;local_t;eps;r0;ASR,25432,2d582bc0d04c7e58136aed4141667acb988eb3eae175926f27fe7d3e134982ce,results/evaluation/pulse_noise_audioseal_K2.csv
pulse_noise,pulse_noise_audioseal_K3.csv,600,model;K;spk;local_t;eps;r0;ASR,25432,190a06904fbd9b4df5a94bd679ae5cb01e80cc6b9f0a6ad5f86d2a705ae10fff,results/evaluation/pulse_noise_audioseal_K3.csv
pulse_noise,pulse_noise_audioseal_K5.csv,600,model;K;spk;local_t;eps;r0;ASR,25432,73e9cfa565a2b17703747fb5394659c94ed6669418ff78bd5356110ebc10cb05,results/evaluation/pulse_noise_audioseal_K5.csv
pulse_noise,pulse_noise_audioseal_K8.csv,600,model;K;spk;local_t;eps;r0;ASR,25432,0cb0e1d77bfd5765a559783651680e16705398d64035076fbb052037ba8172f6,results/evaluation/pulse_noise_audioseal_K8.csv
pulse_noise,pulse_noise_timbrewm_K2.csv,600,model;K;spk;local_t;eps;r0;ASR,24832,ed660622e978e94d2f1cd0bebffc5ce8d7f0e4323cd9b134e2b4dd46cedfa429,results/evaluation/pulse_noise_timbrewm_K2.csv
pulse_noise,pulse_noise_timbrewm_K3.csv,600,model;K;spk;local_t;eps;r0;ASR,24832,d27eec767a165cb5a62546034254104c45e266baae5275e7b577be78f00eb019,results/evaluation/pulse_noise_timbrewm_K3.csv
pulse_noise,pulse_noise_timbrewm_K5.csv,600,model;K;spk;local_t;eps;r0;ASR,24832,78543356b35e8a7bb67384a5b196dd764c6b76bf8f3b37aeaed5e1fea92a8bb8,results/evaluation/pulse_noise_timbrewm_K5.csv
pulse_noise,pulse_noise_timbrewm_K8.csv,600,model;K;spk;local_t;eps;r0;ASR,24832,57a50cebee1d620bf33f6c5024d0a6f336ac0293e55c7610b260c9b8799eb759,results/evaluation/pulse_noise_timbrewm_K8.csv
pulse_noise,pulse_noise_voicemark_K2.csv,600,model;K;spk;local_t;eps;r0;ASR,25432,f4a4e1e209934222d310f2a2707bc2602dac7bc5715fa9c4e896f81177616eea,results/evaluation/pulse_noise_voicemark_K2.csv
pulse_noise,pulse_noise_voicemark_K3.csv,600,model;K;spk;local_t;eps;r0;ASR,25432,15114ff46dfb6e9b68157c4256b408c926e739fb41061c155c963ca71014ed5a,results/evaluation/pulse_noise_voicemark_K3.csv
pulse_noise,pulse_noise_voicemark_K5.csv,600,model;K;spk;local_t;eps;r0;ASR,25432,14dc11d04227dbeef6ac9a541710386c1c5dcf68d157fc1a22aac4c76061ff2c,results/evaluation/pulse_noise_voicemark_K5.csv
pulse_noise,pulse_noise_voicemark_K8.csv,600,model;K;spk;local_t;eps;r0;ASR,25432,9daac0798c439f1b76daaa9c69bbade88154bd7b3c8ce7bb1bc0a6c30b20dc36,results/evaluation/pulse_noise_voicemark_K8.csv
pulse_noise,pulse_noise_wavmark_K2.csv,600,model;K;spk;local_t;eps;r0;ASR,24232,69af24dba3f2824c0261ab0f2621c4d88be42faa9c2fd15c60760d9f6cb66149,results/evaluation/pulse_noise_wavmark_K2.csv
pulse_noise,pulse_noise_wavmark_K3.csv,600,model;K;spk;local_t;eps;r0;ASR,24232,28744b9d79075eb833a3895ac45781a6fb76eeca6b85937769df0a0a425ee0ec,results/evaluation/pulse_noise_wavmark_K3.csv
pulse_noise,pulse_noise_wavmark_K5.csv,600,model;K;spk;local_t;eps;r0;ASR,24232,30ddeb0b5250f1ebb6eebbb94402b366cb979d74e79b5c4cddb21f5b9e639d89,results/evaluation/pulse_noise_wavmark_K5.csv
pulse_noise,pulse_noise_wavmark_K8.csv,600,model;K;spk;local_t;eps;r0;ASR,24232,89c34bab6363faf8bcfbf7ed709d8cc1eb956c35f702f2a212a95e2683dded68,results/evaluation/pulse_noise_wavmark_K8.csv
pulse_noise,pulse_noise_wmcodec_K2.csv,600,model;K;spk;local_t;eps;r0;ASR,24232,356eebcbc35c911b5548dc6a1d2f0a3672768db303ed3241fb9b603e4a9f7741,results/evaluation/pulse_noise_wmcodec_K2.csv
pulse_noise,pulse_noise_wmcodec_K3.csv,600,model;K;spk;local_t;eps;r0;ASR,24232,2e6bc4e5277856663777571de4a6021d693a06e9081f71b36e55e8d5f4f63b6b,results/evaluation/pulse_noise_wmcodec_K3.csv
pulse_noise,pulse_noise_wmcodec_K5.csv,600,model;K;spk;local_t;eps;r0;ASR,24232,d7cd6a9f3427009ac5266eea4916b501ab71d7fde2a2828fa3d70a30e05be10e,results/evaluation/pulse_noise_wmcodec_K5.csv
pulse_noise,pulse_noise_wmcodec_K8.csv,600,model;K;spk;local_t;eps;r0;ASR,24232,964e4c170c2e4cefc7f40f937cd43c335b96a924bdd4d6ccad0ae0cc7606d3e7,results/evaluation/pulse_noise_wmcodec_K8.csv
quality_presence,quality_presence_audioseal_K2.csv,600,model;K;trial_id;spk;local_t;method;quality_reference;PESQ;STOI;SI_SDR;presence_supported;presence_score;presence_decision,67626,66689e48e2b127724e27ba7ae4da13d911f69ca5e85d7b881ba8ff883c91ec53,results/evaluation/quality_presence_audioseal_K2.csv
quality_presence,quality_presence_audioseal_K3.csv,600,model;K;trial_id;spk;local_t;method;quality_reference;PESQ;STOI;SI_SDR;presence_supported;presence_score;presence_decision,67626,848e2be43bf4fd5423f6bd5b243286af10a6d43576900210c1643da244af7628,results/evaluation/quality_presence_audioseal_K3.csv
quality_presence,quality_presence_audioseal_K5.csv,600,model;K;trial_id;spk;local_t;method;quality_reference;PESQ;STOI;SI_SDR;presence_supported;presence_score;presence_decision,67626,68f2a976aedf5883cb0430c948cf55954b17a0ad695e159d5c35628d04ee05da,results/evaluation/quality_presence_audioseal_K5.csv
quality_presence,quality_presence_audioseal_K8.csv,600,model;K;trial_id;spk;local_t;method;quality_reference;PESQ;STOI;SI_SDR;presence_supported;presence_score;presence_decision,67626,4d00ad09d25835856281cd9ae9a0f1fd1672ff702c451e7e32c71aea58973ba8,results/evaluation/quality_presence_audioseal_K8.csv
quality_presence,quality_presence_timbrewm_K2.csv,600,model;K;trial_id;spk;local_t;method;quality_reference;PESQ;STOI;SI_SDR;presence_supported;presence_score;presence_decision,62826,bbabed7121264159490fc7c167c86b0f36ebf51f1927b262be54234e038c1068,results/evaluation/quality_presence_timbrewm_K2.csv
quality_presence,quality_presence_timbrewm_K3.csv,600,model;K;trial_id;spk;local_t;method;quality_reference;PESQ;STOI;SI_SDR;presence_supported;presence_score;presence_decision,62826,52c8bbcd3df95755772b804b46480b0bae31e0432afa25fd34063e7fcc1ed5cf,results/evaluation/quality_presence_timbrewm_K3.csv
quality_presence,quality_presence_timbrewm_K5.csv,600,model;K;trial_id;spk;local_t;method;quality_reference;PESQ;STOI;SI_SDR;presence_supported;presence_score;presence_decision,62826,7af9351176ba945efbd0ca25800f864d6875bc77591b21e382387420034408f7,results/evaluation/quality_presence_timbrewm_K5.csv
quality_presence,quality_presence_timbrewm_K8.csv,600,model;K;trial_id;spk;local_t;method;quality_reference;PESQ;STOI;SI_SDR;presence_supported;presence_score;presence_decision,62826,b49ea7c8a84a1155f0affd65bced85dafd72280359f5b63e026f65c66e03ff91,results/evaluation/quality_presence_timbrewm_K8.csv
quality_presence,quality_presence_voicemark_K2.csv,600,model;K;trial_id;spk;local_t;method;quality_reference;PESQ;STOI;SI_SDR;presence_supported;presence_score;presence_decision,67614,7027691e5159b2e2c2d9dee3618acf215f3300b50b4e63000c1477c7608d7557,results/evaluation/quality_presence_voicemark_K2.csv
quality_presence,quality_presence_voicemark_K3.csv,600,model;K;trial_id;spk;local_t;method;quality_reference;PESQ;STOI;SI_SDR;presence_supported;presence_score;presence_decision,67597,7a859cc772f299d832b6b4515c9a634c16a7b492000ed280a9234510bdb0a5a6,results/evaluation/quality_presence_voicemark_K3.csv
quality_presence,quality_presence_voicemark_K5.csv,600,model;K;trial_id;spk;local_t;method;quality_reference;PESQ;STOI;SI_SDR;presence_supported;presence_score;presence_decision,67571,b8636e1285664dec5d39314d957642563fe096d66b2a1b86777aa8b3103a1ca8,results/evaluation/quality_presence_voicemark_K5.csv
quality_presence,quality_presence_voicemark_K8.csv,600,model;K;trial_id;spk;local_t;method;quality_reference;PESQ;STOI;SI_SDR;presence_supported;presence_score;presence_decision,67559,81b5d4717fe08c7a020663fe27c65d47bfda2857331c40b46ea222731719c199,results/evaluation/quality_presence_voicemark_K8.csv
quality_presence,quality_presence_wavmark_K2.csv,600,model;K;trial_id;spk;local_t;method;quality_reference;PESQ;STOI;SI_SDR;presence_supported;presence_score;presence_decision,66426,60e236470717dc94ecabfa7b278b9efb9d6bb45a5a75885b46554a7c49a1e066,results/evaluation/quality_presence_wavmark_K2.csv
quality_presence,quality_presence_wavmark_K3.csv,600,model;K;trial_id;spk;local_t;method;quality_reference;PESQ;STOI;SI_SDR;presence_supported;presence_score;presence_decision,66426,e2087e0b19955eca2b774a486b995115d54cc41a9a8577d1b32c56daf51055f9,results/evaluation/quality_presence_wavmark_K3.csv
quality_presence,quality_presence_wavmark_K5.csv,600,model;K;trial_id;spk;local_t;method;quality_reference;PESQ;STOI;SI_SDR;presence_supported;presence_score;presence_decision,66426,4ff431eb8c9c5e4dcbcffb1af5a9fe92ffbc393cf90868484c115614e1771584,results/evaluation/quality_presence_wavmark_K5.csv
quality_presence,quality_presence_wavmark_K8.csv,600,model;K;trial_id;spk;local_t;method;quality_reference;PESQ;STOI;SI_SDR;presence_supported;presence_score;presence_decision,66426,d2e07df4d1677f98ac1377c3c616aa42e8c249581793ae34d526f9a47a77f2bd,results/evaluation/quality_presence_wavmark_K8.csv
quality_presence,quality_presence_wmcodec_K2.csv,600,model;K;trial_id;spk;local_t;method;quality_reference;PESQ;STOI;SI_SDR;presence_supported;presence_score;presence_decision,62210,c3a09f0dcaa0b3023c400df9989585909954ba6deb6545a408e05e72c548684e,results/evaluation/quality_presence_wmcodec_K2.csv
quality_presence,quality_presence_wmcodec_K3.csv,600,model;K;trial_id;spk;local_t;method;quality_reference;PESQ;STOI;SI_SDR;presence_supported;presence_score;presence_decision,62171,35937177f331f5c4dd3fe82bdd06d65a1873682e070163d4eeca93a1514aab4b,results/evaluation/quality_presence_wmcodec_K3.csv
quality_presence,quality_presence_wmcodec_K5.csv,600,model;K;trial_id;spk;local_t;method;quality_reference;PESQ;STOI;SI_SDR;presence_supported;presence_score;presence_decision,62125,f36016e13d7484a87f451b6016071f2d836ac9b9200cd5d1d321f6165cd65b1e,results/evaluation/quality_presence_wmcodec_K5.csv
quality_presence,quality_presence_wmcodec_K8.csv,600,model;K;trial_id;spk;local_t;method;quality_reference;PESQ;STOI;SI_SDR;presence_supported;presence_score;presence_decision,62111,e07a3ef1f6f5dffe5fbc6961f0388a37ab6b42941ca3d955ef40ccecdd8aecbc,results/evaluation/quality_presence_wmcodec_K8.csv
registry_control,registry_control_audioseal_K2.csv,3000,model;K;N_registry;trial_id;spk;local_t;method;colluder_ids;top1_identity;top1_is_colluder;max_colluder_score;max_noncolluder_score;attribution_margin;best_colluder_rank;ASR;R3_escape;R5_escape,399521,0b2696208f6a179fce232153200cf02fb485507a28f8af3f26e37ba95c1dcfae,results/evaluation/registry_control_audioseal_K2.csv
registry_control,registry_control_audioseal_K3.csv,3000,model;K;N_registry;trial_id;spk;local_t;method;colluder_ids;top1_identity;top1_is_colluder;max_colluder_score;max_noncolluder_score;attribution_margin;best_colluder_rank;ASR;R3_escape;R5_escape,420009,4d28c69778704045c3947ca2b9095cfb7216472a05a41b52c7714d07011490bf,results/evaluation/registry_control_audioseal_K3.csv
registry_control,registry_control_audioseal_K5.csv,3000,model;K;N_registry;trial_id;spk;local_t;method;colluder_ids;top1_identity;top1_is_colluder;max_colluder_score;max_noncolluder_score;attribution_margin;best_colluder_rank;ASR;R3_escape;R5_escape,461089,a192e2c4ef7d3953f21099005e416814834891e08f007fd0f7ea034bdb321337,results/evaluation/registry_control_audioseal_K5.csv
registry_control,registry_control_audioseal_K8.csv,3000,model;K;N_registry;trial_id;spk;local_t;method;colluder_ids;top1_identity;top1_is_colluder;max_colluder_score;max_noncolluder_score;attribution_margin;best_colluder_rank;ASR;R3_escape;R5_escape,522550,3efaf90393bea04afc7aee3c32c41f9098bfb93890cfcc136f5cf43b8a7af02b,results/evaluation/registry_control_audioseal_K8.csv
registry_control,registry_control_timbrewm_K2.csv,600,model;K;N_registry;trial_id;spk;local_t;method;colluder_ids;top1_identity;top1_is_colluder;max_colluder_score;max_noncolluder_score;attribution_margin;best_colluder_rank;ASR;R3_escape;R5_escape,76251,4be97a8c0d761b46e8b79e3e71f4fd65e763e1c633b8526af1023d5aaeb2ec0a,results/evaluation/registry_control_timbrewm_K2.csv
registry_control,registry_control_timbrewm_K3.csv,600,model;K;N_registry;trial_id;spk;local_t;method;colluder_ids;top1_identity;top1_is_colluder;max_colluder_score;max_noncolluder_score;attribution_margin;best_colluder_rank;ASR;R3_escape;R5_escape,79075,448e5b44e9de81353130d0a77152c8a28c2fa8300e9ad7b22fe48c4983861ccf,results/evaluation/registry_control_timbrewm_K3.csv
registry_control,registry_control_timbrewm_K5.csv,600,model;K;N_registry;trial_id;spk;local_t;method;colluder_ids;top1_identity;top1_is_colluder;max_colluder_score;max_noncolluder_score;attribution_margin;best_colluder_rank;ASR;R3_escape;R5_escape,85064,22e346352662ad85aa00b76fa3f9e54c75211b7dcb9494fc5f63759a31c044fb,results/evaluation/registry_control_timbrewm_K5.csv
registry_control,registry_control_timbrewm_K8.csv,600,model;K;N_registry;trial_id;spk;local_t;method;colluder_ids;top1_identity;top1_is_colluder;max_colluder_score;max_noncolluder_score;attribution_margin;best_colluder_rank;ASR;R3_escape;R5_escape,93977,a327754addf0982fadf88ce95604a9e247e375754f0b0090755fb5f717afe576,results/evaluation/registry_control_timbrewm_K8.csv
registry_control,registry_control_voicemark_K2.csv,3000,model;K;N_registry;trial_id;spk;local_t;method;colluder_ids;top1_identity;top1_is_colluder;max_colluder_score;max_noncolluder_score;attribution_margin;best_colluder_rank;ASR;R3_escape;R5_escape,401609,11adffc2c46f3185a050a25421de1934505d9fbae2c8d70983a3656d434365df,results/evaluation/registry_control_voicemark_K2.csv
registry_control,registry_control_voicemark_K3.csv,3000,model;K;N_registry;trial_id;spk;local_t;method;colluder_ids;top1_identity;top1_is_colluder;max_colluder_score;max_noncolluder_score;attribution_margin;best_colluder_rank;ASR;R3_escape;R5_escape,422914,be081ff080cb074dc8d11478797e3baf42dcb33a98089403eee7424cd1d8328a,results/evaluation/registry_control_voicemark_K3.csv
registry_control,registry_control_voicemark_K5.csv,3000,model;K;N_registry;trial_id;spk;local_t;method;colluder_ids;top1_identity;top1_is_colluder;max_colluder_score;max_noncolluder_score;attribution_margin;best_colluder_rank;ASR;R3_escape;R5_escape,463749,de303bd0f866206ef832e16cbf809265abc26f9b3755ec7ecb64ceda0153f6e7,results/evaluation/registry_control_voicemark_K5.csv
registry_control,registry_control_voicemark_K8.csv,3000,model;K;N_registry;trial_id;spk;local_t;method;colluder_ids;top1_identity;top1_is_colluder;max_colluder_score;max_noncolluder_score;attribution_margin;best_colluder_rank;ASR;R3_escape;R5_escape,525293,f543fbfd44ae4cc43fc175d974eb090ad9df230573ac7ab08efd0eaee9fb0fab,results/evaluation/registry_control_voicemark_K8.csv
registry_control,registry_control_wavmark_K2.csv,3000,model;K;N_registry;trial_id;spk;local_t;method;colluder_ids;top1_identity;top1_is_colluder;max_colluder_score;max_noncolluder_score;attribution_margin;best_colluder_rank;ASR;R3_escape;R5_escape,264759,e2e9c913caf56cb07d757467b7505198d026f4ab501accd8b4a4c333d59150ee,results/evaluation/registry_control_wavmark_K2.csv
registry_control,registry_control_wavmark_K3.csv,3000,model;K;N_registry;trial_id;spk;local_t;method;colluder_ids;top1_identity;top1_is_colluder;max_colluder_score;max_noncolluder_score;attribution_margin;best_colluder_rank;ASR;R3_escape;R5_escape,285249,d85815a06aca5994f0c4cb526fb27b1c2724ba2d8e2461c903a1e5c72452519a,results/evaluation/registry_control_wavmark_K3.csv
registry_control,registry_control_wavmark_K5.csv,3000,model;K;N_registry;trial_id;spk;local_t;method;colluder_ids;top1_identity;top1_is_colluder;max_colluder_score;max_noncolluder_score;attribution_margin;best_colluder_rank;ASR;R3_escape;R5_escape,326638,de5e1fc8a6886ac9ad054997719175823348317b3d3d791c95e25441cce3a217,results/evaluation/registry_control_wavmark_K5.csv
registry_control,registry_control_wavmark_K8.csv,3000,model;K;N_registry;trial_id;spk;local_t;method;colluder_ids;top1_identity;top1_is_colluder;max_colluder_score;max_noncolluder_score;attribution_margin;best_colluder_rank;ASR;R3_escape;R5_escape,388193,79ecf2a65f8aeaaedcbc1080fcfd5be5ac691bf4c001b78e79e73555fd0b3487,results/evaluation/registry_control_wavmark_K8.csv
registry_control,registry_control_wmcodec_K2.csv,3000,model;K;N_registry;trial_id;spk;local_t;method;colluder_ids;top1_identity;top1_is_colluder;max_colluder_score;max_noncolluder_score;attribution_margin;best_colluder_rank;ASR;R3_escape;R5_escape,395879,119bc07d185719fd7d1183f6919d9cb71828a466a6294261b18252c9331dbc4c,results/evaluation/registry_control_wmcodec_K2.csv
registry_control,registry_control_wmcodec_K3.csv,3000,model;K;N_registry;trial_id;spk;local_t;method;colluder_ids;top1_identity;top1_is_colluder;max_colluder_score;max_noncolluder_score;attribution_margin;best_colluder_rank;ASR;R3_escape;R5_escape,416803,32e423aad74e20822c5c63e2a1f5dc6455b3c95874f1336f36927f2d900c7ac9,results/evaluation/registry_control_wmcodec_K3.csv
registry_control,registry_control_wmcodec_K5.csv,3000,model;K;N_registry;trial_id;spk;local_t;method;colluder_ids;top1_identity;top1_is_colluder;max_colluder_score;max_noncolluder_score;attribution_margin;best_colluder_rank;ASR;R3_escape;R5_escape,457461,c8ec573cea758b10555c6f02bc299748f087a3fdbc202e04465008c0495c6e6c,results/evaluation/registry_control_wmcodec_K5.csv
registry_control,registry_control_wmcodec_K8.csv,3000,model;K;N_registry;trial_id;spk;local_t;method;colluder_ids;top1_identity;top1_is_colluder;max_colluder_score;max_noncolluder_score;attribution_margin;best_colluder_rank;ASR;R3_escape;R5_escape,518626,668debcfefacbb2f1eca8d463b4b51ba830d44d83e37add788727c6819029eb7,results/evaluation/registry_control_wmcodec_K8.csv
rp,rp_audioseal_K2.csv,300,model;K;spk;local_t;gi;method;ASR;R3_escape;R5_escape;ACC_near;ACC_near_norm;AggResid;PESQ;STOI;SI_SDR,24404,353388841ae384a0f57f6778ace362e31d1850998f9f25283055f7b53d05d7cc,results/evaluation/rp_audioseal_K2.csv
rp,rp_audioseal_K3.csv,300,model;K;spk;local_t;gi;method;ASR;R3_escape;R5_escape;ACC_near;ACC_near_norm;AggResid;PESQ;STOI;SI_SDR,24405,08336ca3db83104096a947f304eb49b287aaa514b9a88f1d31a5db034e5dd696,results/evaluation/rp_audioseal_K3.csv
rp,rp_audioseal_K5.csv,300,model;K;spk;local_t;gi;method;ASR;R3_escape;R5_escape;ACC_near;ACC_near_norm;AggResid;PESQ;STOI;SI_SDR,24405,9035a335c05e091854fdd09f3827c90b4b65ead4454149c8c9e8783074f558c3,results/evaluation/rp_audioseal_K5.csv
rp,rp_audioseal_K8.csv,300,model;K;spk;local_t;gi;method;ASR;R3_escape;R5_escape;ACC_near;ACC_near_norm;AggResid;PESQ;STOI;SI_SDR,24404,42a56e276399ba898d4619886e3808404c9a91199fa9929b5b5447fabe4a2643,results/evaluation/rp_audioseal_K8.csv
rp,rp_timbrewm_K2.csv,300,model;K;spk;local_t;gi;method;ASR;R3_escape;R5_escape;ACC_near;ACC_near_norm;AggResid;PESQ;STOI;SI_SDR,23836,861f959ec953f46df7a4805adad3fcabc22b8d24453373552f49555aabc5babd,results/evaluation/rp_timbrewm_K2.csv
rp,rp_timbrewm_K3.csv,300,model;K;spk;local_t;gi;method;ASR;R3_escape;R5_escape;ACC_near;ACC_near_norm;AggResid;PESQ;STOI;SI_SDR,23853,1798b71044a932cfb976373ef8d20b36de86f8ba61fa3c146bc135084a1076cf,results/evaluation/rp_timbrewm_K3.csv
rp,rp_timbrewm_K5.csv,300,model;K;spk;local_t;gi;method;ASR;R3_escape;R5_escape;ACC_near;ACC_near_norm;AggResid;PESQ;STOI;SI_SDR,23842,bd0654a33b2f68758718fbf449a4df17124aa9bba07569430cc7d81af4a4a7ef,results/evaluation/rp_timbrewm_K5.csv
rp,rp_timbrewm_K8.csv,300,model;K;spk;local_t;gi;method;ASR;R3_escape;R5_escape;ACC_near;ACC_near_norm;AggResid;PESQ;STOI;SI_SDR,23836,5bb03690f1296f24a9e622efe08d2569385bf457f1c4d587531eb4d1b9750a25,results/evaluation/rp_timbrewm_K8.csv
rp,rp_voicemark_K2.csv,300,model;K;spk;local_t;gi;method;ASR;R3_escape;R5_escape;ACC_near;ACC_near_norm;AggResid;PESQ;STOI;SI_SDR,24386,b40c9a2b186d334d5d591f1d6550eb82e976ae499f60b7829fe35dcdfc4bf9fd,results/evaluation/rp_voicemark_K2.csv
rp,rp_voicemark_K3.csv,300,model;K;spk;local_t;gi;method;ASR;R3_escape;R5_escape;ACC_near;ACC_near_norm;AggResid;PESQ;STOI;SI_SDR,24351,1d826b2c769f22197a30472a8a59ac731949a1f403e80676b8f4220903c1d13b,results/evaluation/rp_voicemark_K3.csv
rp,rp_voicemark_K5.csv,300,model;K;spk;local_t;gi;method;ASR;R3_escape;R5_escape;ACC_near;ACC_near_norm;AggResid;PESQ;STOI;SI_SDR,24351,b291606d8b8802a776d929596a02ea30d59d9b35dfca168c1fb39f7a5db039bb,results/evaluation/rp_voicemark_K5.csv
rp,rp_voicemark_K8.csv,300,model;K;spk;local_t;gi;method;ASR;R3_escape;R5_escape;ACC_near;ACC_near_norm;AggResid;PESQ;STOI;SI_SDR,24350,c42fc02fd596a03c4c7ae19ebb373b2e55547200d48743508a318f90568f94ad,results/evaluation/rp_voicemark_K8.csv
rp,rp_wavmark_K2.csv,300,model;K;spk;local_t;gi;method;ASR;R3_escape;R5_escape;ACC_near;ACC_near_norm;AggResid;PESQ;STOI;SI_SDR,23805,e56a0b0ff3835cc3d9f190e93bc23e024d27a9865831bed0923bfea38d8794d3,results/evaluation/rp_wavmark_K2.csv
rp,rp_wavmark_K3.csv,300,model;K;spk;local_t;gi;method;ASR;R3_escape;R5_escape;ACC_near;ACC_near_norm;AggResid;PESQ;STOI;SI_SDR,23804,a83ba8ab3ba6c677ca715d8b90a3d30bfaf13eb5e99e6490cb3dabc727bf0da9,results/evaluation/rp_wavmark_K3.csv
rp,rp_wavmark_K5.csv,300,model;K;spk;local_t;gi;method;ASR;R3_escape;R5_escape;ACC_near;ACC_near_norm;AggResid;PESQ;STOI;SI_SDR,23805,51365d24d75f166e25c4eaeb8e230d82e2a8222086da9abc252a58323fbe18f3,results/evaluation/rp_wavmark_K5.csv
rp,rp_wavmark_K8.csv,300,model;K;spk;local_t;gi;method;ASR;R3_escape;R5_escape;ACC_near;ACC_near_norm;AggResid;PESQ;STOI;SI_SDR,23805,1465a52e9e738c5d1a6ae1c50914b1793321d8cddc5c0c23b4def132ff017981,results/evaluation/rp_wavmark_K8.csv
rp,rp_wmcodec_K2.csv,300,model;K;spk;local_t;gi;method;ASR;R3_escape;R5_escape;ACC_near;ACC_near_norm;AggResid;PESQ;STOI;SI_SDR,23732,aa4288939356a06bbdf63184233c2b0b4e0b92066ed69bcd88077d8714ef2a3f,results/evaluation/rp_wmcodec_K2.csv
rp,rp_wmcodec_K3.csv,300,model;K;spk;local_t;gi;method;ASR;R3_escape;R5_escape;ACC_near;ACC_near_norm;AggResid;PESQ;STOI;SI_SDR,23718,d2341aea4669dbce385315ad70678ecb5efe81a0ad593068fa44654cecdda5a5,results/evaluation/rp_wmcodec_K3.csv
rp,rp_wmcodec_K5.csv,300,model;K;spk;local_t;gi;method;ASR;R3_escape;R5_escape;ACC_near;ACC_near_norm;AggResid;PESQ;STOI;SI_SDR,23712,48ddc5cf5c83c80d25469c570cba7d1dbd1f26bc68230192b3505a50867d9fec,results/evaluation/rp_wmcodec_K5.csv
rp,rp_wmcodec_K8.csv,300,model;K;spk;local_t;gi;method;ASR;R3_escape;R5_escape;ACC_near;ACC_near_norm;AggResid;PESQ;STOI;SI_SDR,23742,fc5669e3316dbf9eeb5f40cb69ce601fd0ccafc48f2d7e20d418625540e0447d,results/evaluation/rp_wmcodec_K8.csv
tamper_arbitrary_matched_n1024,tamper_arbitrary_N1024_audioseal_K2.csv,6000,model;K;spk;local_t;gi;target;method;target_top1;N_registry;target_margin,374441,46d3a986c80a1aa1abfb583bafc4fe677beb44157429a995315a8e9fbcedce40,results/evaluation/tamper_arbitrary_N1024_audioseal_K2.csv
tamper_arbitrary_matched_n1024,tamper_arbitrary_N1024_audioseal_K3.csv,6000,model;K;spk;local_t;gi;target;method;target_top1;N_registry;target_margin,374431,d5f45036595f3032abd323c11ab006da6b1e89248e8428b59660011e1e3ce7fc,results/evaluation/tamper_arbitrary_N1024_audioseal_K3.csv
tamper_arbitrary_matched_n1024,tamper_arbitrary_N1024_audioseal_K5.csv,6000,model;K;spk;local_t;gi;target;method;target_top1;N_registry;target_margin,374341,7b40de851a83be81b4f732ea33eab8ab90ced27b644cb0b939f5d5807363f47a,results/evaluation/tamper_arbitrary_N1024_audioseal_K5.csv
tamper_arbitrary_matched_n1024,tamper_arbitrary_N1024_audioseal_K8.csv,6000,model;K;spk;local_t;gi;target;method;target_top1;N_registry;target_margin,374085,64e2914d0132ae10a5dea3eef0d231190bb82be8e516dc8de96578010019da36,results/evaluation/tamper_arbitrary_N1024_audioseal_K8.csv
tamper_arbitrary_matched_n1024,tamper_arbitrary_N1024_timbrewm_K2.csv,6000,model;K;spk;local_t;gi;target;method;target_top1;N_registry;target_margin,356535,9628f2300819269a979a1a1887d5abe162167f2ba90d01b68b499bf1e3f740b7,results/evaluation/tamper_arbitrary_N1024_timbrewm_K2.csv
tamper_arbitrary_matched_n1024,tamper_arbitrary_N1024_timbrewm_K3.csv,6000,model;K;spk;local_t;gi;target;method;target_top1;N_registry;target_margin,356601,bab1995d4bc9eb72a0ec9ded8285ffad2c39de851b8d89fa0da3e71a86b848f0,results/evaluation/tamper_arbitrary_N1024_timbrewm_K3.csv
tamper_arbitrary_matched_n1024,tamper_arbitrary_N1024_timbrewm_K5.csv,6000,model;K;spk;local_t;gi;target;method;target_top1;N_registry;target_margin,356592,390336443534c5fa028f129e80e6c4c5f10a95b504ed75df05ff04fe264c5945,results/evaluation/tamper_arbitrary_N1024_timbrewm_K5.csv
tamper_arbitrary_matched_n1024,tamper_arbitrary_N1024_timbrewm_K8.csv,6000,model;K;spk;local_t;gi;target;method;target_top1;N_registry;target_margin,356429,825cded4cac5c74b6acc430ae85a7aa30313760b45df7449f85b6199e0094c2c,results/evaluation/tamper_arbitrary_N1024_timbrewm_K8.csv
tamper_arbitrary_matched_n1024,tamper_arbitrary_N1024_voicemark_K2.csv,6000,model;K;spk;local_t;gi;target;method;target_top1;N_registry;target_margin,380013,23247e294ea83dd4efdbd0959314eaef4fa8b2e48a295c96b2caa28a63737889,results/evaluation/tamper_arbitrary_N1024_voicemark_K2.csv
tamper_arbitrary_matched_n1024,tamper_arbitrary_N1024_voicemark_K3.csv,6000,model;K;spk;local_t;gi;target;method;target_top1;N_registry;target_margin,380035,55cc8d7a6a64f8069f755e1ecb8bf63b4f1dec121dba14a78a402e742914668b,results/evaluation/tamper_arbitrary_N1024_voicemark_K3.csv
tamper_arbitrary_matched_n1024,tamper_arbitrary_N1024_voicemark_K5.csv,6000,model;K;spk;local_t;gi;target;method;target_top1;N_registry;target_margin,380093,e524808d4d6004849549f26a9bda60928a923a9b9f7a58750f7c3b56c67ddd33,results/evaluation/tamper_arbitrary_N1024_voicemark_K5.csv
tamper_arbitrary_matched_n1024,tamper_arbitrary_N1024_voicemark_K8.csv,6000,model;K;spk;local_t;gi;target;method;target_top1;N_registry;target_margin,379879,0fc3991fbc569f15ab8ff5211018b0cc133660d2f8078389ff97fc6d823136de,results/evaluation/tamper_arbitrary_N1024_voicemark_K8.csv
tamper_arbitrary_matched_n1024,tamper_arbitrary_N1024_wmcodec_K2.csv,6000,model;K;spk;local_t;gi;target;method;target_top1;N_registry;target_margin,367981,eca8e9b073f5b5732ef74b2edb8301e20f1c1045fbfc85732f7e388314c77e96,results/evaluation/tamper_arbitrary_N1024_wmcodec_K2.csv
tamper_arbitrary_matched_n1024,tamper_arbitrary_N1024_wmcodec_K3.csv,6000,model;K;spk;local_t;gi;target;method;target_top1;N_registry;target_margin,368036,9a97001f6bb1e25ba3202cd9b802b2c310166b1259b086bd480ca113fabc88b1,results/evaluation/tamper_arbitrary_N1024_wmcodec_K3.csv
tamper_arbitrary_matched_n1024,tamper_arbitrary_N1024_wmcodec_K5.csv,6000,model;K;spk;local_t;gi;target;method;target_top1;N_registry;target_margin,368034,321183af9920a6d46412fde85e39db51161a76cec9e1e449e030bfcaf700941d,results/evaluation/tamper_arbitrary_N1024_wmcodec_K5.csv
tamper_arbitrary_matched_n1024,tamper_arbitrary_N1024_wmcodec_K8.csv,6000,model;K;spk;local_t;gi;target;method;target_top1;N_registry;target_margin,367813,c4090a7df6405d79fb46319f27ab26d90833da6c9021e06803ce41171ecdffb6,results/evaluation/tamper_arbitrary_N1024_wmcodec_K8.csv
tamper_arbitrary,tamper_arbitrary_audioseal_K2.csv,6000,model;K;spk;local_t;gi;target;method;target_top1,272056,c0c307b339f454ae99a9cfc8edb2ebdfbd4f597168ebcac7fd0dc3957037d5e4,results/evaluation/tamper_arbitrary_audioseal_K2.csv
tamper_arbitrary,tamper_arbitrary_audioseal_K3.csv,6000,model;K;spk;local_t;gi;target;method;target_top1,272060,17c5e69db365dd961704ed739a9a399c7240f1b4cbea1687bbc5a7a453accf5b,results/evaluation/tamper_arbitrary_audioseal_K3.csv
tamper_arbitrary,tamper_arbitrary_audioseal_K5.csv,6000,model;K;spk;local_t;gi;target;method;target_top1,272138,1b77327cf25d2cc0a0c6362e0ef194ba9ec363fb1f02f62553b2f5bd98108737,results/evaluation/tamper_arbitrary_audioseal_K5.csv
tamper_arbitrary,tamper_arbitrary_audioseal_K8.csv,6000,model;K;spk;local_t;gi;target;method;target_top1,271986,624f161e1f116c1d0833377f6007d6671a8832296526e37bf12e84657b2f5ba4,results/evaluation/tamper_arbitrary_audioseal_K8.csv
tamper_arbitrary_detail,tamper_arbitrary_detail_wavmark_K2.csv,3000,model;trial_id;spk;local_t;K;target_id;target_hit;target_margin;d_hull,186275,1302cd75b39096ff0a8965e47e48d2cdd8bbd3e526beb2bd258d52cb42a62e84,results/evaluation/tamper_arbitrary_detail_wavmark_K2.csv
tamper_arbitrary_detail,tamper_arbitrary_detail_wavmark_K3.csv,3000,model;trial_id;spk;local_t;K;target_id;target_hit;target_margin;d_hull,185926,7f33b79796574de24af690be69c21c0fc61f31c438cdc2bc91622dcfebf955e0,results/evaluation/tamper_arbitrary_detail_wavmark_K3.csv
tamper_arbitrary_detail,tamper_arbitrary_detail_wavmark_K5.csv,3000,model;trial_id;spk;local_t;K;target_id;target_hit;target_margin;d_hull,185745,b3ed739231d8cb44ed2457cb6a736335f8f1760c83f9d6f93f11d90921c2c6ea,results/evaluation/tamper_arbitrary_detail_wavmark_K5.csv
tamper_arbitrary_detail,tamper_arbitrary_detail_wavmark_K8.csv,3000,model;trial_id;spk;local_t;K;target_id;target_hit;target_margin;d_hull,185582,740a7435a78f119ee72a3d2e5c6a02847e0974496b9e81547ed5874ed16802f9,results/evaluation/tamper_arbitrary_detail_wavmark_K8.csv
tamper_arbitrary_detail,tamper_arbitrary_detail_wavmark_summary.csv,4,model;K;n_trials;n_targets_per_trial;per_target_hit_rate;any_of_10_hit_rate,237,9343b8a6b52eec7b1bd32daf179b9b3c58d0c21ebae5ec7ad26cf547b63c7eae,results/evaluation/tamper_arbitrary_detail_wavmark_summary.csv
tamper_arbitrary,tamper_arbitrary_timbrewm_K2.csv,6000,model;K;spk;local_t;gi;target;method;target_top1,254518,f7ce8486afc57b455aa4bbc01e7a24af8b7504daabde4d87c2139ff1074393a4,results/evaluation/tamper_arbitrary_timbrewm_K2.csv
tamper_arbitrary,tamper_arbitrary_timbrewm_K3.csv,6000,model;K;spk;local_t;gi;target;method;target_top1,254584,2edafb2605049c1c4b223e95550a63f3b5f9e1572decae098a554d2d6a022029,results/evaluation/tamper_arbitrary_timbrewm_K3.csv
tamper_arbitrary,tamper_arbitrary_timbrewm_K5.csv,6000,model;K;spk;local_t;gi;target;method;target_top1,254610,98f402b475aff9c773383e4cbcd3cd83e9bdfe35498b362ee63588f376b0974e,results/evaluation/tamper_arbitrary_timbrewm_K5.csv
tamper_arbitrary,tamper_arbitrary_timbrewm_K8.csv,6000,model;K;spk;local_t;gi;target;method;target_top1,254574,f0298d55317757494f16df792adb796a66b5f3d283d7152c31ed52de61590b31,results/evaluation/tamper_arbitrary_timbrewm_K8.csv
tamper_arbitrary,tamper_arbitrary_voicemark_K2.csv,6000,model;K;spk;local_t;gi;target;method;target_top1,272056,a04476823df0117d951058b99b45daf51862839cbb39cb95aa34b3f60976980c,results/evaluation/tamper_arbitrary_voicemark_K2.csv
tamper_arbitrary,tamper_arbitrary_voicemark_K3.csv,6000,model;K;spk;local_t;gi;target;method;target_top1,272060,395dc2185189affef6796d3fa580de2872b9ace949709e84a0f8766904e5ce2a,results/evaluation/tamper_arbitrary_voicemark_K3.csv
tamper_arbitrary,tamper_arbitrary_voicemark_K5.csv,6000,model;K;spk;local_t;gi;target;method;target_top1,272138,fd1778860cb9c270f172d3d93b9e208e44c3f41fc4154b6deabac48606c1e4f7,results/evaluation/tamper_arbitrary_voicemark_K5.csv
tamper_arbitrary,tamper_arbitrary_voicemark_K8.csv,6000,model;K;spk;local_t;gi;target;method;target_top1,271986,9defa70cba50fa6c46f3ca632eb17f46069ab7b5b9b9d04fd0e80b352878f1f1,results/evaluation/tamper_arbitrary_voicemark_K8.csv
tamper_arbitrary,tamper_arbitrary_wavmark_K2.csv,6000,model;K;spk;local_t;gi;target;method;target_top1,260056,dbc0b104842e475add971c39adc54f18e7c935dadfc7e2a07a8cf724c695eb0a,results/evaluation/tamper_arbitrary_wavmark_K2.csv
tamper_arbitrary,tamper_arbitrary_wavmark_K3.csv,6000,model;K;spk;local_t;gi;target;method;target_top1,260060,ed684bf0f6b7d13359d0e1f30fc0446ac584bb0d2a1c7aff97dafb32ddb33dfe,results/evaluation/tamper_arbitrary_wavmark_K3.csv
tamper_arbitrary,tamper_arbitrary_wavmark_K5.csv,6000,model;K;spk;local_t;gi;target;method;target_top1,260138,5fd1baf8cc043324e9fc72ef2160d7ce83e6bf2505b68b66997c53ad86032467,results/evaluation/tamper_arbitrary_wavmark_K5.csv
tamper_arbitrary,tamper_arbitrary_wavmark_K8.csv,6000,model;K;spk;local_t;gi;target;method;target_top1,259986,e60711bdd07f86084ad2dc6ab749b7c57197137ccc81f287c12ad9ff7705199e,results/evaluation/tamper_arbitrary_wavmark_K8.csv
tamper_arbitrary,tamper_arbitrary_wmcodec_K2.csv,6000,model;K;spk;local_t;gi;target;method;target_top1,260056,896ab03fc2d58ae2cb96bd73edf7bc9ea68fee816bbfbd73e1fff6c476fef252,results/evaluation/tamper_arbitrary_wmcodec_K2.csv
tamper_arbitrary,tamper_arbitrary_wmcodec_K3.csv,6000,model;K;spk;local_t;gi;target;method;target_top1,260060,52eb37590455314228210bad81a71102e90cbb57f5efb7372e64a24ab8ce0015,results/evaluation/tamper_arbitrary_wmcodec_K3.csv
tamper_arbitrary,tamper_arbitrary_wmcodec_K5.csv,6000,model;K;spk;local_t;gi;target;method;target_top1,260138,9c7bdc43f58695a52de1f292e2397831edb303be21375f41a1dccb0840488500,results/evaluation/tamper_arbitrary_wmcodec_K5.csv
tamper_arbitrary,tamper_arbitrary_wmcodec_K8.csv,6000,model;K;spk;local_t;gi;target;method;target_top1,259986,8b0f5186a0dfee4381a77ad0f462dc180d2a986ab64efc2ea9b91eea42cfe162,results/evaluation/tamper_arbitrary_wmcodec_K8.csv
tamper,tamper_audioseal_K2.csv,6000,model;K;spk;local_t;gi;target;method;target_top1,272142,e039d4cf24b0d88722741099462f1cd4beaa7f8b5f4700eb24c2eb92ef5ec42d,results/evaluation/tamper_audioseal_K2.csv
tamper,tamper_audioseal_K3.csv,6000,model;K;spk;local_t;gi;target;method;target_top1,272080,10d5b76b6f204cbbfe6d100a9cdb396724056a351a4cbde994f46fa0fd0a2e1a,results/evaluation/tamper_audioseal_K3.csv
tamper,tamper_audioseal_K5.csv,6000,model;K;spk;local_t;gi;target;method;target_top1,272104,0d4d1089b5bc2b81e0e21f17b4ecefcc5dea909100bb7c81af5d7867dfb21756,results/evaluation/tamper_audioseal_K5.csv
tamper,tamper_audioseal_K8.csv,6000,model;K;spk;local_t;gi;target;method;target_top1,272016,b445dccd4941bf97c0812bb357f957bcbe3b72db8f7b8d10f5c69cc817d8b92b,results/evaluation/tamper_audioseal_K8.csv
tamper,tamper_timbrewm_K2.csv,6000,model;K;spk;local_t;gi;target;method;target_top1,254582,2726997fd8d5e0dfbe3ae06a0873ccf3bd349e7c8fb0b0d78cc4538e34ad1226,results/evaluation/tamper_timbrewm_K2.csv
tamper,tamper_timbrewm_K3.csv,6000,model;K;spk;local_t;gi;target;method;target_top1,254568,7f340a291648293d76ea7b5742aa43e3ccfabbb8019b254f5d0dccf949ba2de6,results/evaluation/tamper_timbrewm_K3.csv
tamper,tamper_timbrewm_K5.csv,6000,model;K;spk;local_t;gi;target;method;target_top1,254614,a07cfd831384dc732323d9bb2646e10f49a4044423a5f1d9fe8e46dc7f4a26e5,results/evaluation/tamper_timbrewm_K5.csv
tamper,tamper_timbrewm_K8.csv,6000,model;K;spk;local_t;gi;target;method;target_top1,254612,89405bcf1f7977519ca17e44c631912f8161b671698d78afecba6c740ef43db0,results/evaluation/tamper_timbrewm_K8.csv
tamper,tamper_voicemark_K2.csv,6000,model;K;spk;local_t;gi;target;method;target_top1,272146,6b860f67a421997c0363549a3fff04263f483d4a367f9e1f00525b48ef9e257a,results/evaluation/tamper_voicemark_K2.csv
tamper,tamper_voicemark_K3.csv,6000,model;K;spk;local_t;gi;target;method;target_top1,272080,70efe0361bba6b1b90fbd7d99d9a9d8e251756739bf6ca2084223bb6f17f7396,results/evaluation/tamper_voicemark_K3.csv
tamper,tamper_voicemark_K5.csv,6000,model;K;spk;local_t;gi;target;method;target_top1,272108,6c73b9d1dfb3b15b8a19ff34669a4cb0475cbf91d7aabbaa94140f83988e0dd1,results/evaluation/tamper_voicemark_K5.csv
tamper,tamper_voicemark_K8.csv,6000,model;K;spk;local_t;gi;target;method;target_top1,272018,2d56453be018eec99c031b732b9b13b82ed9c8ee33dcab4d56279de3bcf2c66e,results/evaluation/tamper_voicemark_K8.csv
tamper,tamper_wavmark_K2.csv,6000,model;K;spk;local_t;gi;target;method;target_top1,260142,efe5f741e2eb00a92caf64740a44daf1c822639cbc2d08b9c31d716fb1ff9bdf,results/evaluation/tamper_wavmark_K2.csv
tamper,tamper_wavmark_K3.csv,6000,model;K;spk;local_t;gi;target;method;target_top1,260080,69b7609b160afd78b644b08d7a46decafdede79f0e68e20a24ebff30cd93a139,results/evaluation/tamper_wavmark_K3.csv
tamper,tamper_wavmark_K5.csv,6000,model;K;spk;local_t;gi;target;method;target_top1,260108,b250575c65b46967ffbae2b28e16e8b110f38fc57e85af54646df01bb78823ca,results/evaluation/tamper_wavmark_K5.csv
tamper,tamper_wavmark_K8.csv,6000,model;K;spk;local_t;gi;target;method;target_top1,260018,bd73dee6e7f668c1d730cb010171c90711ba327ee7db91cfb6556606d0e46496,results/evaluation/tamper_wavmark_K8.csv
tamper,tamper_wmcodec_K2.csv,6000,model;K;spk;local_t;gi;target;method;target_top1,260146,02b8e22a87710916b7867c66e12d36759d2af62a44c6885df1332042ee242711,results/evaluation/tamper_wmcodec_K2.csv
tamper,tamper_wmcodec_K3.csv,6000,model;K;spk;local_t;gi;target;method;target_top1,260080,ecefcbdbba9b88c441d99c65a00c17b15d9547268500d0dc27abe02ab5dd2a8a,results/evaluation/tamper_wmcodec_K3.csv
tamper,tamper_wmcodec_K5.csv,6000,model;K;spk;local_t;gi;target;method;target_top1,260108,9ca4d9250b9b494c7eec8bdabd83558c97293505cc43829625fac0149b339adc,results/evaluation/tamper_wmcodec_K5.csv
tamper,tamper_wmcodec_K8.csv,6000,model;K;spk;local_t;gi;target;method;target_top1,260018,0b57b41a1100466b9ad62a52bc1d2bf60feb1878f5f6730b1d05e30069abcb04,results/evaluation/tamper_wmcodec_K8.csv
temporal_sensitivity,temporal_sensitivity_audioseal_K5.csv,1400,model;K;trial_id;spk;local_t;method;shift_ms;shifted_colluder_index;ASR;attribution_margin;PESQ;STOI,96988,700873797afef33aab408ab6f4d30fe027f41f0f1eb279e875f354061e7d3eac,results/evaluation/temporal_sensitivity_audioseal_K5.csv
temporal_sensitivity,temporal_sensitivity_timbrewm_K5.csv,1400,model;K;trial_id;spk;local_t;method;shift_ms;shifted_colluder_index;ASR;attribution_margin;PESQ;STOI,95763,edfa470f894fd106cccd3c1fb2fd7fdefd46c78a6ae23527b5a797bbd8e0c389,results/evaluation/temporal_sensitivity_timbrewm_K5.csv
temporal_sensitivity,temporal_sensitivity_voicemark_K5.csv,1400,model;K;trial_id;spk;local_t;method;shift_ms;shifted_colluder_index;ASR;attribution_margin;PESQ;STOI,98091,3e77a6f908affc5c959527e0033bdb707928f7970bfa083afe4936d57f4452f2,results/evaluation/temporal_sensitivity_voicemark_K5.csv
temporal_sensitivity,temporal_sensitivity_wavmark_K5.csv,1400,model;K;trial_id;spk;local_t;method;shift_ms;shifted_colluder_index;ASR;attribution_margin;PESQ;STOI,94188,ca70c61247336e6f52c8b593a5440b1aac6a3775f78b459698dbcaad012bdaf2,results/evaluation/temporal_sensitivity_wavmark_K5.csv
temporal_sensitivity,temporal_sensitivity_wmcodec_K5.csv,1400,model;K;trial_id;spk;local_t;method;shift_ms;shifted_colluder_index;ASR;attribution_margin;PESQ;STOI,95025,4ce502930e3fde5f2984d2046d9cc3468d247e5bd9397fa35a1be2c3f95db4e2,results/evaluation/temporal_sensitivity_wmcodec_K5.csv
