model,K,spk,local_t,gi,method,block_seconds,fade_seconds,num_blocks,selection_rule,ASR,R3_escape,R5_escape,NAC,PESQ,STOI,SI_SDR
timbrewm,5,chinese:SSB0005,0,0,mean,0.5,0.02,8,blockwise_max_pair_mse,1,1,1,0.8000,4.5486,0.9972,34.38
timbrewm,5,chinese:SSB0005,0,0,fwp,0.5,0.02,8,blockwise_max_pair_mse,1,1,1,0.8000,4.5820,0.9966,35.62
timbrewm,5,chinese:SSB0005,0,0,rp,0.5,0.02,8,blockwise_max_pair_mse,0,0,0,1.0000,4.4390,0.9924,31.32
timbrewm,5,chinese:SSB0005,0,0,eep,0.5,0.02,8,blockwise_max_pair_mse,0,0,0,1.0000,4.4390,0.9924,31.32
timbrewm,5,chinese:SSB0005,0,0,median,0.5,0.02,8,blockwise_max_pair_mse,1,1,1,0.8000,4.4319,0.9970,33.98
timbrewm,5,chinese:SSB0005,0,0,minimum,0.5,0.02,8,blockwise_max_pair_mse,1,1,1,0.8000,4.3797,0.9958,31.67
timbrewm,5,chinese:SSB0005,0,0,maximum,0.5,0.02,8,blockwise_max_pair_mse,1,1,0,0.8000,4.3683,0.9957,31.63
timbrewm,5,chinese:SSB0005,0,0,block_fwp50_smooth,0.5,0.02,8,blockwise_max_pair_mse,1,1,1,0.8000,4.5351,0.9945,33.16
timbrewm,5,chinese:SSB0009,0,1,mean,0.5,0.02,8,blockwise_max_pair_mse,1,1,1,0.9000,4.5564,0.9979,29.21
timbrewm,5,chinese:SSB0009,0,1,fwp,0.5,0.02,8,blockwise_max_pair_mse,1,1,1,0.8000,4.6028,0.9985,31.01
timbrewm,5,chinese:SSB0009,0,1,rp,0.5,0.02,8,blockwise_max_pair_mse,1,1,0,0.9000,4.4079,0.9970,26.91
timbrewm,5,chinese:SSB0009,0,1,eep,0.5,0.02,8,blockwise_max_pair_mse,1,1,1,0.8000,4.6028,0.9985,31.01
timbrewm,5,chinese:SSB0009,0,1,median,0.5,0.02,8,blockwise_max_pair_mse,1,1,1,0.9000,4.5129,0.9975,28.57
timbrewm,5,chinese:SSB0009,0,1,minimum,0.5,0.02,8,blockwise_max_pair_mse,1,1,1,0.9000,4.4667,0.9974,27.06
timbrewm,5,chinese:SSB0009,0,1,maximum,0.5,0.02,8,blockwise_max_pair_mse,1,1,1,0.9000,4.4864,0.9975,27.09
timbrewm,5,chinese:SSB0009,0,1,block_fwp50_smooth,0.5,0.02,8,blockwise_max_pair_mse,1,1,1,0.9000,4.5885,0.9986,30.98
timbrewm,5,chinese:SSB0011,0,2,mean,0.5,0.02,8,blockwise_max_pair_mse,1,1,1,0.9000,4.5166,0.9945,29.77
timbrewm,5,chinese:SSB0011,0,2,fwp,0.5,0.02,8,blockwise_max_pair_mse,1,1,1,0.6000,4.5126,0.9957,30.27
timbrewm,5,chinese:SSB0011,0,2,rp,0.5,0.02,8,blockwise_max_pair_mse,1,1,1,0.8000,4.1292,0.9862,25.41
timbrewm,5,chinese:SSB0011,0,2,eep,0.5,0.02,8,blockwise_max_pair_mse,1,0,0,0.9000,4.5523,0.9969,32.78
timbrewm,5,chinese:SSB0011,0,2,median,0.5,0.02,8,blockwise_max_pair_mse,1,1,1,0.9000,4.2890,0.9939,29.51
timbrewm,5,chinese:SSB0011,0,2,minimum,0.5,0.02,8,blockwise_max_pair_mse,1,1,1,0.8000,4.2004,0.9920,27.09
timbrewm,5,chinese:SSB0011,0,2,maximum,0.5,0.02,8,blockwise_max_pair_mse,1,1,1,0.9000,4.1896,0.9923,27.14
timbrewm,5,chinese:SSB0011,0,2,block_fwp50_smooth,0.5,0.02,8,blockwise_max_pair_mse,1,1,1,0.7000,4.4821,0.9947,29.78
timbrewm,5,chinese:SSB0012,0,3,mean,0.5,0.02,8,blockwise_max_pair_mse,1,1,0,0.9000,4.5452,0.9973,33.32
timbrewm,5,chinese:SSB0012,0,3,fwp,0.5,0.02,8,blockwise_max_pair_mse,1,1,1,0.9000,4.5776,0.9980,34.08
timbrewm,5,chinese:SSB0012,0,3,rp,0.5,0.02,8,blockwise_max_pair_mse,0,0,0,1.0000,4.6158,0.9984,35.13
timbrewm,5,chinese:SSB0012,0,3,eep,0.5,0.02,8,blockwise_max_pair_mse,1,0,0,0.9000,4.4851,0.9979,35.04
timbrewm,5,chinese:SSB0012,0,3,median,0.5,0.02,8,blockwise_max_pair_mse,1,0,0,0.9000,4.5151,0.9971,33.04
timbrewm,5,chinese:SSB0012,0,3,minimum,0.5,0.02,8,blockwise_max_pair_mse,1,1,0,0.9000,4.3300,0.9959,30.50
timbrewm,5,chinese:SSB0012,0,3,maximum,0.5,0.02,8,blockwise_max_pair_mse,1,1,1,0.9000,4.3481,0.9958,30.51
timbrewm,5,chinese:SSB0012,0,3,block_fwp50_smooth,0.5,0.02,8,blockwise_max_pair_mse,1,1,1,0.9000,4.4270,0.9957,31.19
timbrewm,5,chinese:SSB0016,0,4,mean,0.5,0.02,8,blockwise_max_pair_mse,1,0,0,0.9000,4.3987,0.9896,24.34
timbrewm,5,chinese:SSB0016,0,4,fwp,0.5,0.02,8,blockwise_max_pair_mse,0,0,0,1.0000,4.3693,0.9938,25.47
timbrewm,5,chinese:SSB0016,0,4,rp,0.5,0.02,8,blockwise_max_pair_mse,1,0,0,0.9000,4.5498,0.9951,27.28
timbrewm,5,chinese:SSB0016,0,4,eep,0.5,0.02,8,blockwise_max_pair_mse,1,1,0,0.9000,4.1955,0.9844,22.45
timbrewm,5,chinese:SSB0016,0,4,median,0.5,0.02,8,blockwise_max_pair_mse,1,0,0,0.9000,4.1112,0.9869,23.66
timbrewm,5,chinese:SSB0016,0,4,minimum,0.5,0.02,8,blockwise_max_pair_mse,1,0,0,0.9000,3.9527,0.9868,22.07
timbrewm,5,chinese:SSB0016,0,4,maximum,0.5,0.02,8,blockwise_max_pair_mse,1,0,0,0.9000,3.9514,0.9869,22.11
timbrewm,5,chinese:SSB0016,0,4,block_fwp50_smooth,0.5,0.02,8,blockwise_max_pair_mse,1,0,0,0.9000,4.3726,0.9936,25.46
timbrewm,5,chinese:SSB0018,0,5,mean,0.5,0.02,8,blockwise_max_pair_mse,1,1,1,0.9000,4.5425,0.9969,33.68
timbrewm,5,chinese:SSB0018,0,5,fwp,0.5,0.02,8,blockwise_max_pair_mse,1,1,1,0.7000,4.5063,0.9973,35.00
timbrewm,5,chinese:SSB0018,0,5,rp,0.5,0.02,8,blockwise_max_pair_mse,0,0,0,1.0000,4.3903,0.9934,30.80
timbrewm,5,chinese:SSB0018,0,5,eep,0.5,0.02,8,blockwise_max_pair_mse,1,1,0,0.9000,4.3671,0.9934,30.23
timbrewm,5,chinese:SSB0018,0,5,median,0.5,0.02,8,blockwise_max_pair_mse,1,1,1,0.9000,4.4328,0.9968,33.27
timbrewm,5,chinese:SSB0018,0,5,minimum,0.5,0.02,8,blockwise_max_pair_mse,1,1,1,0.8000,4.3285,0.9955,30.97
timbrewm,5,chinese:SSB0018,0,5,maximum,0.5,0.02,8,blockwise_max_pair_mse,1,1,1,0.8000,4.3246,0.9956,30.96
timbrewm,5,chinese:SSB0018,0,5,block_fwp50_smooth,0.5,0.02,8,blockwise_max_pair_mse,1,1,1,0.8000,4.4760,0.9959,33.81
timbrewm,5,chinese:SSB0033,0,6,mean,0.5,0.02,8,blockwise_max_pair_mse,1,1,1,0.9000,4.5256,0.9982,36.00
timbrewm,5,chinese:SSB0033,0,6,fwp,0.5,0.02,8,blockwise_max_pair_mse,0,0,0,1.0000,4.5156,0.9984,36.94
timbrewm,5,chinese:SSB0033,0,6,rp,0.5,0.02,8,blockwise_max_pair_mse,1,1,0,0.8000,4.5987,0.9989,39.01
timbrewm,5,chinese:SSB0033,0,6,eep,0.5,0.02,8,blockwise_max_pair_mse,1,0,0,0.9000,4.3664,0.9957,32.94
timbrewm,5,chinese:SSB0033,0,6,median,0.5,0.02,8,blockwise_max_pair_mse,1,1,1,0.9000,4.4966,0.9981,35.69
timbrewm,5,chinese:SSB0033,0,6,minimum,0.5,0.02,8,blockwise_max_pair_mse,1,1,1,0.8000,4.4538,0.9975,33.20
timbrewm,5,chinese:SSB0033,0,6,maximum,0.5,0.02,8,blockwise_max_pair_mse,1,1,1,0.8000,4.4590,0.9976,33.20
timbrewm,5,chinese:SSB0033,0,6,block_fwp50_smooth,0.5,0.02,8,blockwise_max_pair_mse,1,1,1,0.8000,4.4883,0.9979,35.82
timbrewm,5,chinese:SSB0038,0,7,mean,0.5,0.02,8,blockwise_max_pair_mse,1,1,1,0.7000,4.6068,0.9969,32.76
timbrewm,5,chinese:SSB0038,0,7,fwp,0.5,0.02,8,blockwise_max_pair_mse,1,1,1,0.7000,4.5848,0.9961,31.76
timbrewm,5,chinese:SSB0038,0,7,rp,0.5,0.02,8,blockwise_max_pair_mse,1,1,1,0.6000,4.5965,0.9980,34.03
timbrewm,5,chinese:SSB0038,0,7,eep,0.5,0.02,8,blockwise_max_pair_mse,1,1,1,0.7000,4.5848,0.9961,31.76
timbrewm,5,chinese:SSB0038,0,7,median,0.5,0.02,8,blockwise_max_pair_mse,1,1,1,0.7000,4.5326,0.9966,32.12
timbrewm,5,chinese:SSB0038,0,7,minimum,0.5,0.02,8,blockwise_max_pair_mse,1,1,1,0.7000,4.4284,0.9956,29.68
timbrewm,5,chinese:SSB0038,0,7,maximum,0.5,0.02,8,blockwise_max_pair_mse,1,1,1,0.7000,4.4288,0.9960,29.73
timbrewm,5,chinese:SSB0038,0,7,block_fwp50_smooth,0.5,0.02,8,blockwise_max_pair_mse,1,1,1,0.7000,4.5868,0.9962,31.92
timbrewm,5,chinese:SSB0043,0,8,mean,0.5,0.02,8,blockwise_max_pair_mse,1,1,1,0.8000,4.4844,0.9958,30.52
timbrewm,5,chinese:SSB0043,0,8,fwp,0.5,0.02,8,blockwise_max_pair_mse,1,1,1,0.8000,4.1921,0.9920,27.27
timbrewm,5,chinese:SSB0043,0,8,rp,0.5,0.02,8,blockwise_max_pair_mse,1,1,1,0.9000,4.0094,0.9893,26.05
timbrewm,5,chinese:SSB0043,0,8,eep,0.5,0.02,8,blockwise_max_pair_mse,1,1,1,0.9000,4.0094,0.9893,26.05
timbrewm,5,chinese:SSB0043,0,8,median,0.5,0.02,8,blockwise_max_pair_mse,1,1,1,0.8000,4.2777,0.9950,30.37
timbrewm,5,chinese:SSB0043,0,8,minimum,0.5,0.02,8,blockwise_max_pair_mse,1,1,1,0.8000,4.0742,0.9911,26.73
timbrewm,5,chinese:SSB0043,0,8,maximum,0.5,0.02,8,blockwise_max_pair_mse,1,1,1,0.8000,4.0560,0.9907,26.70
timbrewm,5,chinese:SSB0043,0,8,block_fwp50_smooth,0.5,0.02,8,blockwise_max_pair_mse,1,1,1,0.8000,4.2141,0.9936,27.62
timbrewm,5,chinese:SSB0057,0,9,mean,0.5,0.02,8,blockwise_max_pair_mse,0,0,0,1.0000,4.5588,0.9969,33.24
timbrewm,5,chinese:SSB0057,0,9,fwp,0.5,0.02,8,blockwise_max_pair_mse,1,1,1,0.6000,4.5854,0.9979,34.93
timbrewm,5,chinese:SSB0057,0,9,rp,0.5,0.02,8,blockwise_max_pair_mse,1,0,0,0.9000,4.5001,0.9948,30.87
timbrewm,5,chinese:SSB0057,0,9,eep,0.5,0.02,8,blockwise_max_pair_mse,1,0,0,0.9000,4.5001,0.9948,30.87
timbrewm,5,chinese:SSB0057,0,9,median,0.5,0.02,8,blockwise_max_pair_mse,0,0,0,1.0000,4.5044,0.9949,32.37
timbrewm,5,chinese:SSB0057,0,9,minimum,0.5,0.02,8,blockwise_max_pair_mse,0,0,0,1.0000,4.4147,0.9927,31.26
timbrewm,5,chinese:SSB0057,0,9,maximum,0.5,0.02,8,blockwise_max_pair_mse,1,0,0,0.9000,4.4307,0.9928,31.28
timbrewm,5,chinese:SSB0057,0,9,block_fwp50_smooth,0.5,0.02,8,blockwise_max_pair_mse,1,1,1,0.7000,4.5766,0.9977,34.60
timbrewm,5,chinese:SSB0073,0,10,mean,0.5,0.02,8,blockwise_max_pair_mse,1,0,0,0.9000,4.6039,0.9988,35.55
timbrewm,5,chinese:SSB0073,0,10,fwp,0.5,0.02,8,blockwise_max_pair_mse,1,1,0,0.9000,4.5053,0.9965,31.51
timbrewm,5,chinese:SSB0073,0,10,rp,0.5,0.02,8,blockwise_max_pair_mse,1,1,0,0.9000,4.5936,0.9987,35.16
timbrewm,5,chinese:SSB0073,0,10,eep,0.5,0.02,8,blockwise_max_pair_mse,1,1,0,0.9000,4.5053,0.9965,31.51
timbrewm,5,chinese:SSB0073,0,10,median,0.5,0.02,8,blockwise_max_pair_mse,0,0,0,1.0000,4.5260,0.9988,35.67
timbrewm,5,chinese:SSB0073,0,10,minimum,0.5,0.02,8,blockwise_max_pair_mse,1,1,1,0.8000,4.4628,0.9981,31.19
timbrewm,5,chinese:SSB0073,0,10,maximum,0.5,0.02,8,blockwise_max_pair_mse,1,1,1,0.8000,4.4639,0.9979,31.19
timbrewm,5,chinese:SSB0073,0,10,block_fwp50_smooth,0.5,0.02,8,blockwise_max_pair_mse,1,0,0,0.9000,4.5474,0.9976,32.46
timbrewm,5,chinese:SSB0080,0,11,mean,0.5,0.02,8,blockwise_max_pair_mse,1,1,1,0.8000,4.4324,0.9955,30.87
timbrewm,5,chinese:SSB0080,0,11,fwp,0.5,0.02,8,blockwise_max_pair_mse,1,1,1,0.8000,4.2092,0.9965,30.29
timbrewm,5,chinese:SSB0080,0,11,rp,0.5,0.02,8,blockwise_max_pair_mse,1,1,1,0.7000,4.5288,0.9960,32.65
timbrewm,5,chinese:SSB0080,0,11,eep,0.5,0.02,8,blockwise_max_pair_mse,1,1,0,0.8000,4.1538,0.9920,27.90
timbrewm,5,chinese:SSB0080,0,11,median,0.5,0.02,8,blockwise_max_pair_mse,1,1,1,0.8000,4.4294,0.9942,30.94
timbrewm,5,chinese:SSB0080,0,11,minimum,0.5,0.02,8,blockwise_max_pair_mse,1,1,1,0.8000,4.0681,0.9890,27.45
timbrewm,5,chinese:SSB0080,0,11,maximum,0.5,0.02,8,blockwise_max_pair_mse,1,1,1,0.8000,4.0714,0.9888,27.44
timbrewm,5,chinese:SSB0080,0,11,block_fwp50_smooth,0.5,0.02,8,blockwise_max_pair_mse,0,0,0,1.0000,4.1720,0.9936,28.78
timbrewm,5,chinese:SSB0112,0,12,mean,0.5,0.02,8,blockwise_max_pair_mse,1,1,1,0.9000,4.5733,0.9966,28.77
timbrewm,5,chinese:SSB0112,0,12,fwp,0.5,0.02,8,blockwise_max_pair_mse,1,1,1,0.7000,4.5149,0.9942,26.32
timbrewm,5,chinese:SSB0112,0,12,rp,0.5,0.02,8,blockwise_max_pair_mse,1,1,1,0.7000,4.5967,0.9975,30.34
timbrewm,5,chinese:SSB0112,0,12,eep,0.5,0.02,8,blockwise_max_pair_mse,1,1,1,0.7000,4.5149,0.9942,26.32
timbrewm,5,chinese:SSB0112,0,12,median,0.5,0.02,8,blockwise_max_pair_mse,1,1,1,0.9000,4.5006,0.9965,28.55
timbrewm,5,chinese:SSB0112,0,12,minimum,0.5,0.02,8,blockwise_max_pair_mse,1,1,1,0.8000,4.3367,0.9951,25.44
timbrewm,5,chinese:SSB0112,0,12,maximum,0.5,0.02,8,blockwise_max_pair_mse,1,1,1,0.7000,4.3413,0.9950,25.40
timbrewm,5,chinese:SSB0112,0,12,block_fwp50_smooth,0.5,0.02,8,blockwise_max_pair_mse,1,1,1,0.7000,4.5149,0.9942,26.32
timbrewm,5,chinese:SSB0122,0,13,mean,0.5,0.02,8,blockwise_max_pair_mse,1,1,1,0.8000,4.5511,0.9987,34.10
timbrewm,5,chinese:SSB0122,0,13,fwp,0.5,0.02,8,blockwise_max_pair_mse,1,1,1,0.8000,4.4946,0.9982,32.16
timbrewm,5,chinese:SSB0122,0,13,rp,0.5,0.02,8,blockwise_max_pair_mse,1,1,1,0.8000,4.4946,0.9982,32.16
timbrewm,5,chinese:SSB0122,0,13,eep,0.5,0.02,8,blockwise_max_pair_mse,1,1,1,0.8000,4.4946,0.9982,32.16
timbrewm,5,chinese:SSB0122,0,13,median,0.5,0.02,8,blockwise_max_pair_mse,1,1,1,0.8000,4.5555,0.9987,34.02
timbrewm,5,chinese:SSB0122,0,13,minimum,0.5,0.02,8,blockwise_max_pair_mse,1,1,1,0.7000,4.4289,0.9980,30.44
timbrewm,5,chinese:SSB0122,0,13,maximum,0.5,0.02,8,blockwise_max_pair_mse,1,1,1,0.7000,4.4301,0.9980,30.41
timbrewm,5,chinese:SSB0122,0,13,block_fwp50_smooth,0.5,0.02,8,blockwise_max_pair_mse,1,1,1,0.8000,4.4884,0.9979,31.74
timbrewm,5,chinese:SSB0133,0,14,mean,0.5,0.02,8,blockwise_max_pair_mse,1,1,1,0.8000,4.4936,0.9942,29.05
timbrewm,5,chinese:SSB0133,0,14,fwp,0.5,0.02,8,blockwise_max_pair_mse,1,1,1,0.8000,4.5621,0.9966,31.23
timbrewm,5,chinese:SSB0133,0,14,rp,0.5,0.02,8,blockwise_max_pair_mse,1,1,1,0.7000,4.3092,0.9892,26.09
timbrewm,5,chinese:SSB0133,0,14,eep,0.5,0.02,8,blockwise_max_pair_mse,1,1,1,0.7000,4.3092,0.9892,26.09
timbrewm,5,chinese:SSB0133,0,14,median,0.5,0.02,8,blockwise_max_pair_mse,1,1,0,0.9000,4.4443,0.9933,28.43
timbrewm,5,chinese:SSB0133,0,14,minimum,0.5,0.02,8,blockwise_max_pair_mse,1,1,1,0.9000,4.3836,0.9926,26.68
timbrewm,5,chinese:SSB0133,0,14,maximum,0.5,0.02,8,blockwise_max_pair_mse,1,1,1,0.8000,4.3759,0.9929,26.66
timbrewm,5,chinese:SSB0133,0,14,block_fwp50_smooth,0.5,0.02,8,blockwise_max_pair_mse,1,1,1,0.8000,4.4851,0.9960,29.88
timbrewm,5,chinese:SSB0139,0,15,mean,0.5,0.02,8,blockwise_max_pair_mse,1,1,1,0.8000,4.5915,0.9990,35.39
timbrewm,5,chinese:SSB0139,0,15,fwp,0.5,0.02,8,blockwise_max_pair_mse,1,1,1,0.7000,4.5356,0.9984,33.55
timbrewm,5,chinese:SSB0139,0,15,rp,0.5,0.02,8,blockwise_max_pair_mse,1,1,1,0.9000,4.4186,0.9973,30.96
timbrewm,5,chinese:SSB0139,0,15,eep,0.5,0.02,8,blockwise_max_pair_mse,1,0,0,0.9000,4.5174,0.9982,32.88
timbrewm,5,chinese:SSB0139,0,15,median,0.5,0.02,8,blockwise_max_pair_mse,1,1,1,0.9000,4.4610,0.9990,35.17
timbrewm,5,chinese:SSB0139,0,15,minimum,0.5,0.02,8,blockwise_max_pair_mse,1,1,1,0.8000,4.3525,0.9986,31.90
timbrewm,5,chinese:SSB0139,0,15,maximum,0.5,0.02,8,blockwise_max_pair_mse,1,1,1,0.8000,4.3482,0.9986,31.88
timbrewm,5,chinese:SSB0139,0,15,block_fwp50_smooth,0.5,0.02,8,blockwise_max_pair_mse,1,0,0,0.9000,4.5506,0.9987,34.01
timbrewm,5,chinese:SSB0145,0,16,mean,0.5,0.02,8,blockwise_max_pair_mse,1,1,1,0.8000,4.4832,0.9975,29.83
timbrewm,5,chinese:SSB0145,0,16,fwp,0.5,0.02,8,blockwise_max_pair_mse,1,1,1,0.8000,4.3877,0.9958,27.23
timbrewm,5,chinese:SSB0145,0,16,rp,0.5,0.02,8,blockwise_max_pair_mse,1,1,1,0.8000,4.3877,0.9958,27.23
timbrewm,5,chinese:SSB0145,0,16,eep,0.5,0.02,8,blockwise_max_pair_mse,1,1,1,0.8000,4.4998,0.9985,31.71
timbrewm,5,chinese:SSB0145,0,16,median,0.5,0.02,8,blockwise_max_pair_mse,1,1,0,0.9000,4.4541,0.9972,29.28
timbrewm,5,chinese:SSB0145,0,16,minimum,0.5,0.02,8,blockwise_max_pair_mse,1,1,0,0.9000,4.4436,0.9970,27.68
timbrewm,5,chinese:SSB0145,0,16,maximum,0.5,0.02,8,blockwise_max_pair_mse,1,1,1,0.9000,4.4394,0.9969,27.66
timbrewm,5,chinese:SSB0145,0,16,block_fwp50_smooth,0.5,0.02,8,blockwise_max_pair_mse,1,0,0,0.9000,4.4400,0.9966,28.49
timbrewm,5,chinese:SSB0149,0,17,mean,0.5,0.02,8,blockwise_max_pair_mse,0,0,0,1.0000,4.4666,0.9971,32.36
timbrewm,5,chinese:SSB0149,0,17,fwp,0.5,0.02,8,blockwise_max_pair_mse,1,1,1,0.9000,4.2200,0.9949,29.08
timbrewm,5,chinese:SSB0149,0,17,rp,0.5,0.02,8,blockwise_max_pair_mse,1,1,1,0.7000,4.3640,0.9985,33.71
timbrewm,5,chinese:SSB0149,0,17,eep,0.5,0.02,8,blockwise_max_pair_mse,0,0,0,1.0000,4.3631,0.9946,29.73
timbrewm,5,chinese:SSB0149,0,17,median,0.5,0.02,8,blockwise_max_pair_mse,0,0,0,1.0000,4.3880,0.9966,32.06
timbrewm,5,chinese:SSB0149,0,17,minimum,0.5,0.02,8,blockwise_max_pair_mse,1,1,0,0.9000,4.1995,0.9959,28.72
timbrewm,5,chinese:SSB0149,0,17,maximum,0.5,0.02,8,blockwise_max_pair_mse,1,0,0,0.9000,4.2011,0.9956,28.74
timbrewm,5,chinese:SSB0149,0,17,block_fwp50_smooth,0.5,0.02,8,blockwise_max_pair_mse,1,1,1,0.9000,4.2230,0.9949,29.16
timbrewm,5,chinese:SSB0193,0,18,mean,0.5,0.02,8,blockwise_max_pair_mse,1,1,1,0.8000,4.5130,0.9937,27.19
timbrewm,5,chinese:SSB0193,0,18,fwp,0.5,0.02,8,blockwise_max_pair_mse,1,1,1,0.7000,4.4483,0.9961,28.86
timbrewm,5,chinese:SSB0193,0,18,rp,0.5,0.02,8,blockwise_max_pair_mse,1,1,0,0.9000,4.3612,0.9880,24.59
timbrewm,5,chinese:SSB0193,0,18,eep,0.5,0.02,8,blockwise_max_pair_mse,1,1,1,0.8000,4.5259,0.9965,29.73
timbrewm,5,chinese:SSB0193,0,18,median,0.5,0.02,8,blockwise_max_pair_mse,1,1,1,0.8000,4.3869,0.9929,26.58
timbrewm,5,chinese:SSB0193,0,18,minimum,0.5,0.02,8,blockwise_max_pair_mse,1,1,1,0.8000,4.1993,0.9902,25.07
timbrewm,5,chinese:SSB0193,0,18,maximum,0.5,0.02,8,blockwise_max_pair_mse,1,1,1,0.8000,4.2096,0.9909,25.07
timbrewm,5,chinese:SSB0193,0,18,block_fwp50_smooth,0.5,0.02,8,blockwise_max_pair_mse,1,1,1,0.7000,4.4483,0.9961,28.86
timbrewm,5,chinese:SSB0197,0,19,mean,0.5,0.02,8,blockwise_max_pair_mse,1,1,0,0.9000,4.4697,0.9908,24.18
timbrewm,5,chinese:SSB0197,0,19,fwp,0.5,0.02,8,blockwise_max_pair_mse,1,1,1,0.8000,4.4013,0.9934,25.94
timbrewm,5,chinese:SSB0197,0,19,rp,0.5,0.02,8,blockwise_max_pair_mse,1,1,0,0.9000,4.3679,0.9847,21.88
timbrewm,5,chinese:SSB0197,0,19,eep,0.5,0.02,8,blockwise_max_pair_mse,1,0,0,0.9000,4.1663,0.9824,21.32
timbrewm,5,chinese:SSB0197,0,19,median,0.5,0.02,8,blockwise_max_pair_mse,1,1,1,0.9000,4.3391,0.9884,23.48
timbrewm,5,chinese:SSB0197,0,19,minimum,0.5,0.02,8,blockwise_max_pair_mse,1,1,1,0.8000,4.2025,0.9858,22.21
timbrewm,5,chinese:SSB0197,0,19,maximum,0.5,0.02,8,blockwise_max_pair_mse,1,1,1,0.8000,4.2124,0.9859,22.22
timbrewm,5,chinese:SSB0197,0,19,block_fwp50_smooth,0.5,0.02,8,blockwise_max_pair_mse,1,1,1,0.8000,4.4021,0.9929,25.49
timbrewm,5,chinese:SSB0200,0,20,mean,0.5,0.02,8,blockwise_max_pair_mse,1,1,1,0.8000,4.5129,0.9970,28.53
timbrewm,5,chinese:SSB0200,0,20,fwp,0.5,0.02,8,blockwise_max_pair_mse,1,1,1,0.9000,4.4188,0.9948,26.05
timbrewm,5,chinese:SSB0200,0,20,rp,0.5,0.02,8,blockwise_max_pair_mse,0,0,0,1.0000,4.5648,0.9982,31.11
timbrewm,5,chinese:SSB0200,0,20,eep,0.5,0.02,8,blockwise_max_pair_mse,1,1,1,0.7000,4.3269,0.9945,26.14
timbrewm,5,chinese:SSB0200,0,20,median,0.5,0.02,8,blockwise_max_pair_mse,1,1,1,0.8000,4.3964,0.9967,28.28
timbrewm,5,chinese:SSB0200,0,20,minimum,0.5,0.02,8,blockwise_max_pair_mse,1,1,1,0.8000,4.3101,0.9951,25.44
timbrewm,5,chinese:SSB0200,0,20,maximum,0.5,0.02,8,blockwise_max_pair_mse,1,1,1,0.8000,4.2759,0.9951,25.50
timbrewm,5,chinese:SSB0200,0,20,block_fwp50_smooth,0.5,0.02,8,blockwise_max_pair_mse,1,1,1,0.7000,4.3889,0.9952,26.84
timbrewm,5,chinese:SSB0241,0,21,mean,0.5,0.02,8,blockwise_max_pair_mse,1,1,1,0.8000,4.5851,0.9986,33.08
timbrewm,5,chinese:SSB0241,0,21,fwp,0.5,0.02,8,blockwise_max_pair_mse,1,1,1,0.7000,4.5963,0.9988,33.96
timbrewm,5,chinese:SSB0241,0,21,rp,0.5,0.02,8,blockwise_max_pair_mse,1,1,1,0.8000,4.5147,0.9976,30.73
timbrewm,5,chinese:SSB0241,0,21,eep,0.5,0.02,8,blockwise_max_pair_mse,1,1,1,0.8000,4.5643,0.9987,32.03
timbrewm,5,chinese:SSB0241,0,21,median,0.5,0.02,8,blockwise_max_pair_mse,1,1,1,0.8000,4.5393,0.9983,32.61
timbrewm,5,chinese:SSB0241,0,21,minimum,0.5,0.02,8,blockwise_max_pair_mse,1,1,1,0.8000,4.4228,0.9975,30.20
timbrewm,5,chinese:SSB0241,0,21,maximum,0.5,0.02,8,blockwise_max_pair_mse,1,1,1,0.8000,4.4239,0.9978,30.20
timbrewm,5,chinese:SSB0241,0,21,block_fwp50_smooth,0.5,0.02,8,blockwise_max_pair_mse,1,1,1,0.7000,4.5932,0.9987,33.70
timbrewm,5,chinese:SSB0246,0,22,mean,0.5,0.02,8,blockwise_max_pair_mse,1,0,0,0.9000,4.5511,0.9973,31.57
timbrewm,5,chinese:SSB0246,0,22,fwp,0.5,0.02,8,blockwise_max_pair_mse,1,0,0,0.9000,4.5325,0.9974,31.29
timbrewm,5,chinese:SSB0246,0,22,rp,0.5,0.02,8,blockwise_max_pair_mse,1,0,0,0.9000,4.5196,0.9962,29.90
timbrewm,5,chinese:SSB0246,0,22,eep,0.5,0.02,8,blockwise_max_pair_mse,1,1,1,0.8000,4.4636,0.9949,28.61
timbrewm,5,chinese:SSB0246,0,22,median,0.5,0.02,8,blockwise_max_pair_mse,1,0,0,0.9000,4.5256,0.9972,31.51
timbrewm,5,chinese:SSB0246,0,22,minimum,0.5,0.02,8,blockwise_max_pair_mse,1,0,0,0.9000,4.4097,0.9966,28.59
timbrewm,5,chinese:SSB0246,0,22,maximum,0.5,0.02,8,blockwise_max_pair_mse,1,1,0,0.9000,4.4050,0.9963,28.54
timbrewm,5,chinese:SSB0246,0,22,block_fwp50_smooth,0.5,0.02,8,blockwise_max_pair_mse,1,1,1,0.8000,4.5112,0.9968,30.51
timbrewm,5,chinese:SSB0261,0,23,mean,0.5,0.02,8,blockwise_max_pair_mse,1,1,1,0.8000,4.4444,0.9957,28.93
timbrewm,5,chinese:SSB0261,0,23,fwp,0.5,0.02,8,blockwise_max_pair_mse,1,1,1,0.7000,4.4802,0.9981,31.23
timbrewm,5,chinese:SSB0261,0,23,rp,0.5,0.02,8,blockwise_max_pair_mse,1,1,1,0.8000,4.3016,0.9945,26.74
timbrewm,5,chinese:SSB0261,0,23,eep,0.5,0.02,8,blockwise_max_pair_mse,1,1,1,0.7000,4.4455,0.9963,31.36
timbrewm,5,chinese:SSB0261,0,23,median,0.5,0.02,8,blockwise_max_pair_mse,1,1,1,0.9000,4.3705,0.9950,28.26
timbrewm,5,chinese:SSB0261,0,23,minimum,0.5,0.02,8,blockwise_max_pair_mse,1,1,1,0.8000,4.3490,0.9940,26.95
timbrewm,5,chinese:SSB0261,0,23,maximum,0.5,0.02,8,blockwise_max_pair_mse,1,1,1,0.8000,4.3516,0.9943,26.97
timbrewm,5,chinese:SSB0261,0,23,block_fwp50_smooth,0.5,0.02,8,blockwise_max_pair_mse,1,1,1,0.8000,4.4578,0.9980,31.03
timbrewm,5,chinese:SSB0267,0,24,mean,0.5,0.02,8,blockwise_max_pair_mse,1,1,1,0.8000,4.4629,0.9913,30.28
timbrewm,5,chinese:SSB0267,0,24,fwp,0.5,0.02,8,blockwise_max_pair_mse,1,1,1,0.9000,4.4046,0.9947,31.77
timbrewm,5,chinese:SSB0267,0,24,rp,0.5,0.02,8,blockwise_max_pair_mse,1,1,0,0.8000,4.0765,0.9837,26.89
timbrewm,5,chinese:SSB0267,0,24,eep,0.5,0.02,8,blockwise_max_pair_mse,1,0,0,0.9000,4.1535,0.9850,27.40
timbrewm,5,chinese:SSB0267,0,24,median,0.5,0.02,8,blockwise_max_pair_mse,1,1,1,0.8000,4.3419,0.9903,29.73
timbrewm,5,chinese:SSB0267,0,24,minimum,0.5,0.02,8,blockwise_max_pair_mse,1,1,1,0.8000,4.2411,0.9901,28.19
timbrewm,5,chinese:SSB0267,0,24,maximum,0.5,0.02,8,blockwise_max_pair_mse,1,1,1,0.8000,4.2124,0.9902,28.19
timbrewm,5,chinese:SSB0267,0,24,block_fwp50_smooth,0.5,0.02,8,blockwise_max_pair_mse,1,1,0,0.9000,4.3184,0.9910,29.43
timbrewm,5,chinese:SSB0273,0,25,mean,0.5,0.02,8,blockwise_max_pair_mse,0,0,0,1.0000,4.5885,0.9990,39.21
timbrewm,5,chinese:SSB0273,0,25,fwp,0.5,0.02,8,blockwise_max_pair_mse,1,1,1,0.8000,4.5750,0.9978,36.03
timbrewm,5,chinese:SSB0273,0,25,rp,0.5,0.02,8,blockwise_max_pair_mse,1,1,0,0.9000,4.4622,0.9979,35.25
timbrewm,5,chinese:SSB0273,0,25,eep,0.5,0.02,8,blockwise_max_pair_mse,1,1,1,0.9000,4.6102,0.9993,41.64
timbrewm,5,chinese:SSB0273,0,25,median,0.5,0.02,8,blockwise_max_pair_mse,0,0,0,1.0000,4.5562,0.9990,39.43
timbrewm,5,chinese:SSB0273,0,25,minimum,0.5,0.02,8,blockwise_max_pair_mse,1,0,0,0.9000,4.4523,0.9982,34.60
timbrewm,5,chinese:SSB0273,0,25,maximum,0.5,0.02,8,blockwise_max_pair_mse,1,0,0,0.9000,4.4556,0.9980,34.61
timbrewm,5,chinese:SSB0273,0,25,block_fwp50_smooth,0.5,0.02,8,blockwise_max_pair_mse,1,1,1,0.8000,4.5679,0.9978,35.78
timbrewm,5,chinese:SSB0287,0,26,mean,0.5,0.02,8,blockwise_max_pair_mse,1,0,0,0.9000,4.5143,0.9970,34.37
timbrewm,5,chinese:SSB0287,0,26,fwp,0.5,0.02,8,blockwise_max_pair_mse,1,1,0,0.9000,4.4782,0.9979,35.55
timbrewm,5,chinese:SSB0287,0,26,rp,0.5,0.02,8,blockwise_max_pair_mse,1,0,0,0.9000,4.3510,0.9958,32.36
timbrewm,5,chinese:SSB0287,0,26,eep,0.5,0.02,8,blockwise_max_pair_mse,1,0,0,0.9000,4.3510,0.9958,32.36
timbrewm,5,chinese:SSB0287,0,26,median,0.5,0.02,8,blockwise_max_pair_mse,1,0,0,0.9000,4.4552,0.9969,34.06
timbrewm,5,chinese:SSB0287,0,26,minimum,0.5,0.02,8,blockwise_max_pair_mse,1,1,0,0.9000,4.3729,0.9957,32.10
timbrewm,5,chinese:SSB0287,0,26,maximum,0.5,0.02,8,blockwise_max_pair_mse,1,1,0,0.9000,4.3634,0.9956,32.12
timbrewm,5,chinese:SSB0287,0,26,block_fwp50_smooth,0.5,0.02,8,blockwise_max_pair_mse,0,0,0,1.0000,4.4693,0.9976,35.12
timbrewm,5,chinese:SSB0288,0,27,mean,0.5,0.02,8,blockwise_max_pair_mse,1,1,1,0.9000,4.5320,0.9971,31.51
timbrewm,5,chinese:SSB0288,0,27,fwp,0.5,0.02,8,blockwise_max_pair_mse,1,1,1,0.7000,4.5528,0.9976,33.03
timbrewm,5,chinese:SSB0288,0,27,rp,0.5,0.02,8,blockwise_max_pair_mse,1,1,1,0.7000,4.5669,0.9975,33.28
timbrewm,5,chinese:SSB0288,0,27,eep,0.5,0.02,8,blockwise_max_pair_mse,1,1,1,0.8000,4.3581,0.9933,28.25
timbrewm,5,chinese:SSB0288,0,27,median,0.5,0.02,8,blockwise_max_pair_mse,1,1,1,0.9000,4.4295,0.9961,30.85
timbrewm,5,chinese:SSB0288,0,27,minimum,0.5,0.02,8,blockwise_max_pair_mse,1,1,1,0.9000,4.3690,0.9943,28.61
timbrewm,5,chinese:SSB0288,0,27,maximum,0.5,0.02,8,blockwise_max_pair_mse,1,1,1,0.9000,4.3648,0.9944,28.63
timbrewm,5,chinese:SSB0288,0,27,block_fwp50_smooth,0.5,0.02,8,blockwise_max_pair_mse,1,1,1,0.8000,4.4975,0.9967,30.81
timbrewm,5,chinese:SSB0299,0,28,mean,0.5,0.02,8,blockwise_max_pair_mse,1,1,1,0.8000,4.4466,0.9973,28.01
timbrewm,5,chinese:SSB0299,0,28,fwp,0.5,0.02,8,blockwise_max_pair_mse,1,1,1,0.8000,4.4405,0.9981,29.92
timbrewm,5,chinese:SSB0299,0,28,rp,0.5,0.02,8,blockwise_max_pair_mse,1,1,1,0.8000,4.4799,0.9983,30.35
timbrewm,5,chinese:SSB0299,0,28,eep,0.5,0.02,8,blockwise_max_pair_mse,1,1,1,0.8000,4.4799,0.9983,30.35
timbrewm,5,chinese:SSB0299,0,28,median,0.5,0.02,8,blockwise_max_pair_mse,1,1,1,0.8000,4.3224,0.9968,27.26
timbrewm,5,chinese:SSB0299,0,28,minimum,0.5,0.02,8,blockwise_max_pair_mse,1,1,1,0.7000,4.2688,0.9966,25.95
timbrewm,5,chinese:SSB0299,0,28,maximum,0.5,0.02,8,blockwise_max_pair_mse,1,1,1,0.8000,4.2243,0.9966,25.89
timbrewm,5,chinese:SSB0299,0,28,block_fwp50_smooth,0.5,0.02,8,blockwise_max_pair_mse,1,1,1,0.7000,4.3870,0.9976,28.58
timbrewm,5,chinese:SSB0307,0,29,mean,0.5,0.02,8,blockwise_max_pair_mse,1,1,1,0.8000,4.3367,0.9949,26.73
timbrewm,5,chinese:SSB0307,0,29,fwp,0.5,0.02,8,blockwise_max_pair_mse,1,1,1,0.8000,4.3060,0.9928,24.42
timbrewm,5,chinese:SSB0307,0,29,rp,0.5,0.02,8,blockwise_max_pair_mse,1,1,1,0.8000,4.3871,0.9900,23.55
timbrewm,5,chinese:SSB0307,0,29,eep,0.5,0.02,8,blockwise_max_pair_mse,1,1,1,0.8000,4.3060,0.9928,24.42
timbrewm,5,chinese:SSB0307,0,29,median,0.5,0.02,8,blockwise_max_pair_mse,1,1,1,0.8000,4.2870,0.9934,26.13
timbrewm,5,chinese:SSB0307,0,29,minimum,0.5,0.02,8,blockwise_max_pair_mse,1,1,1,0.8000,4.2411,0.9894,23.40
timbrewm,5,chinese:SSB0307,0,29,maximum,0.5,0.02,8,blockwise_max_pair_mse,1,1,1,0.8000,4.1492,0.9897,23.44
timbrewm,5,chinese:SSB0307,0,29,block_fwp50_smooth,0.5,0.02,8,blockwise_max_pair_mse,1,1,0,0.9000,4.3774,0.9919,24.17
timbrewm,5,chinese:SSB0309,0,30,mean,0.5,0.02,8,blockwise_max_pair_mse,0,0,0,1.0000,4.4946,0.9970,30.68
timbrewm,5,chinese:SSB0309,0,30,fwp,0.5,0.02,8,blockwise_max_pair_mse,1,1,1,0.7000,4.5650,0.9984,33.34
timbrewm,5,chinese:SSB0309,0,30,rp,0.5,0.02,8,blockwise_max_pair_mse,1,1,1,0.7000,4.4099,0.9954,28.61
timbrewm,5,chinese:SSB0309,0,30,eep,0.5,0.02,8,blockwise_max_pair_mse,1,0,0,0.9000,4.3759,0.9947,28.27
timbrewm,5,chinese:SSB0309,0,30,median,0.5,0.02,8,blockwise_max_pair_mse,0,0,0,1.0000,4.3157,0.9958,29.60
timbrewm,5,chinese:SSB0309,0,30,minimum,0.5,0.02,8,blockwise_max_pair_mse,0,0,0,1.0000,4.2496,0.9961,28.97
timbrewm,5,chinese:SSB0309,0,30,maximum,0.5,0.02,8,blockwise_max_pair_mse,0,0,0,1.0000,4.2485,0.9960,28.98
timbrewm,5,chinese:SSB0309,0,30,block_fwp50_smooth,0.5,0.02,8,blockwise_max_pair_mse,1,1,1,0.8000,4.5159,0.9979,32.21
timbrewm,5,chinese:SSB0315,0,31,mean,0.5,0.02,8,blockwise_max_pair_mse,0,0,0,1.0000,4.6098,0.9984,35.08
timbrewm,5,chinese:SSB0315,0,31,fwp,0.5,0.02,8,blockwise_max_pair_mse,1,1,1,0.7000,4.5416,0.9976,32.93
timbrewm,5,chinese:SSB0315,0,31,rp,0.5,0.02,8,blockwise_max_pair_mse,1,1,1,0.7000,4.5870,0.9982,34.82
timbrewm,5,chinese:SSB0315,0,31,eep,0.5,0.02,8,blockwise_max_pair_mse,1,1,1,0.8000,4.5742,0.9981,34.30
timbrewm,5,chinese:SSB0315,0,31,median,0.5,0.02,8,blockwise_max_pair_mse,0,0,0,1.0000,4.5929,0.9983,35.04
timbrewm,5,chinese:SSB0315,0,31,minimum,0.5,0.02,8,blockwise_max_pair_mse,0,0,0,1.0000,4.5136,0.9974,31.19
timbrewm,5,chinese:SSB0315,0,31,maximum,0.5,0.02,8,blockwise_max_pair_mse,0,0,0,1.0000,4.5057,0.9975,31.19
timbrewm,5,chinese:SSB0315,0,31,block_fwp50_smooth,0.5,0.02,8,blockwise_max_pair_mse,1,0,0,0.9000,4.5515,0.9980,33.91
timbrewm,5,chinese:SSB0316,0,32,mean,0.5,0.02,8,blockwise_max_pair_mse,1,1,1,0.8000,4.5422,0.9956,29.96
timbrewm,5,chinese:SSB0316,0,32,fwp,0.5,0.02,8,blockwise_max_pair_mse,1,1,1,0.9000,4.5423,0.9976,31.70
timbrewm,5,chinese:SSB0316,0,32,rp,0.5,0.02,8,blockwise_max_pair_mse,1,1,0,0.9000,4.3214,0.9917,26.45
timbrewm,5,chinese:SSB0316,0,32,eep,0.5,0.02,8,blockwise_max_pair_mse,1,0,0,0.9000,4.6307,0.9983,34.45
timbrewm,5,chinese:SSB0316,0,32,median,0.5,0.02,8,blockwise_max_pair_mse,1,1,1,0.8000,4.4680,0.9948,29.17
timbrewm,5,chinese:SSB0316,0,32,minimum,0.5,0.02,8,blockwise_max_pair_mse,1,1,1,0.8000,4.4174,0.9952,28.13
timbrewm,5,chinese:SSB0316,0,32,maximum,0.5,0.02,8,blockwise_max_pair_mse,1,1,1,0.8000,4.4286,0.9954,28.14
timbrewm,5,chinese:SSB0316,0,32,block_fwp50_smooth,0.5,0.02,8,blockwise_max_pair_mse,1,1,1,0.9000,4.5423,0.9976,31.70
timbrewm,5,chinese:SSB0323,0,33,mean,0.5,0.02,8,blockwise_max_pair_mse,1,0,0,0.9000,4.4764,0.9972,29.87
timbrewm,5,chinese:SSB0323,0,33,fwp,0.5,0.02,8,blockwise_max_pair_mse,1,1,1,0.8000,4.5485,0.9982,31.62
timbrewm,5,chinese:SSB0323,0,33,rp,0.5,0.02,8,blockwise_max_pair_mse,1,1,1,0.8000,4.2541,0.9943,27.01
timbrewm,5,chinese:SSB0323,0,33,eep,0.5,0.02,8,blockwise_max_pair_mse,1,1,1,0.8000,4.5867,0.9983,32.74
timbrewm,5,chinese:SSB0323,0,33,median,0.5,0.02,8,blockwise_max_pair_mse,1,0,0,0.9000,4.3026,0.9964,28.88
timbrewm,5,chinese:SSB0323,0,33,minimum,0.5,0.02,8,blockwise_max_pair_mse,1,1,1,0.9000,4.0980,0.9960,28.13
timbrewm,5,chinese:SSB0323,0,33,maximum,0.5,0.02,8,blockwise_max_pair_mse,1,1,1,0.9000,4.1082,0.9964,28.16
timbrewm,5,chinese:SSB0323,0,33,block_fwp50_smooth,0.5,0.02,8,blockwise_max_pair_mse,1,1,1,0.8000,4.3700,0.9973,29.85
timbrewm,5,chinese:SSB0338,0,34,mean,0.5,0.02,8,blockwise_max_pair_mse,1,1,0,0.9000,4.4547,0.9962,26.83
timbrewm,5,chinese:SSB0338,0,34,fwp,0.5,0.02,8,blockwise_max_pair_mse,1,1,1,0.8000,4.2268,0.9939,24.68
timbrewm,5,chinese:SSB0338,0,34,rp,0.5,0.02,8,blockwise_max_pair_mse,1,0,0,0.9000,4.2942,0.9936,24.41
timbrewm,5,chinese:SSB0338,0,34,eep,0.5,0.02,8,blockwise_max_pair_mse,1,0,0,0.9000,4.4273,0.9971,29.08
timbrewm,5,chinese:SSB0338,0,34,median,0.5,0.02,8,blockwise_max_pair_mse,1,0,0,0.9000,4.3468,0.9957,26.27
timbrewm,5,chinese:SSB0338,0,34,minimum,0.5,0.02,8,blockwise_max_pair_mse,1,1,1,0.9000,4.2511,0.9944,24.32
timbrewm,5,chinese:SSB0338,0,34,maximum,0.5,0.02,8,blockwise_max_pair_mse,1,1,0,0.9000,4.0550,0.9944,24.29
timbrewm,5,chinese:SSB0338,0,34,block_fwp50_smooth,0.5,0.02,8,blockwise_max_pair_mse,1,1,1,0.7000,4.3181,0.9956,26.18
timbrewm,5,chinese:SSB0339,0,35,mean,0.5,0.02,8,blockwise_max_pair_mse,1,1,1,0.7000,4.5364,0.9958,27.63
timbrewm,5,chinese:SSB0339,0,35,fwp,0.5,0.02,8,blockwise_max_pair_mse,1,1,1,0.8000,4.3274,0.9931,24.78
timbrewm,5,chinese:SSB0339,0,35,rp,0.5,0.02,8,blockwise_max_pair_mse,1,1,0,0.9000,4.3701,0.9923,24.70
timbrewm,5,chinese:SSB0339,0,35,eep,0.5,0.02,8,blockwise_max_pair_mse,1,1,1,0.8000,4.3087,0.9923,24.31
timbrewm,5,chinese:SSB0339,0,35,median,0.5,0.02,8,blockwise_max_pair_mse,1,1,1,0.7000,4.3412,0.9956,27.32
timbrewm,5,chinese:SSB0339,0,35,minimum,0.5,0.02,8,blockwise_max_pair_mse,1,1,1,0.7000,4.1899,0.9939,23.99
timbrewm,5,chinese:SSB0339,0,35,maximum,0.5,0.02,8,blockwise_max_pair_mse,1,1,1,0.7000,4.1821,0.9940,24.02
timbrewm,5,chinese:SSB0339,0,35,block_fwp50_smooth,0.5,0.02,8,blockwise_max_pair_mse,1,1,1,0.7000,4.3377,0.9928,24.78
timbrewm,5,chinese:SSB0341,0,36,mean,0.5,0.02,8,blockwise_max_pair_mse,1,1,1,0.8000,4.6003,0.9970,35.22
timbrewm,5,chinese:SSB0341,0,36,fwp,0.5,0.02,8,blockwise_max_pair_mse,1,1,1,0.7000,4.5848,0.9956,33.23
timbrewm,5,chinese:SSB0341,0,36,rp,0.5,0.02,8,blockwise_max_pair_mse,0,0,0,1.0000,4.5573,0.9983,36.97
timbrewm,5,chinese:SSB0341,0,36,eep,0.5,0.02,8,blockwise_max_pair_mse,1,1,0,0.8000,4.6062,0.9988,37.79
timbrewm,5,chinese:SSB0341,0,36,median,0.5,0.02,8,blockwise_max_pair_mse,1,1,1,0.8000,4.5452,0.9965,34.69
timbrewm,5,chinese:SSB0341,0,36,minimum,0.5,0.02,8,blockwise_max_pair_mse,1,1,1,0.8000,4.4216,0.9963,32.38
timbrewm,5,chinese:SSB0341,0,36,maximum,0.5,0.02,8,blockwise_max_pair_mse,1,1,1,0.8000,4.4429,0.9961,32.42
timbrewm,5,chinese:SSB0341,0,36,block_fwp50_smooth,0.5,0.02,8,blockwise_max_pair_mse,1,1,1,0.8000,4.5845,0.9956,33.16
timbrewm,5,chinese:SSB0342,0,37,mean,0.5,0.02,8,blockwise_max_pair_mse,1,1,0,0.9000,4.5770,0.9975,33.40
timbrewm,5,chinese:SSB0342,0,37,fwp,0.5,0.02,8,blockwise_max_pair_mse,1,0,0,0.9000,4.4671,0.9956,30.46
timbrewm,5,chinese:SSB0342,0,37,rp,0.5,0.02,8,blockwise_max_pair_mse,1,1,0,0.9000,4.6220,0.9986,36.04
timbrewm,5,chinese:SSB0342,0,37,eep,0.5,0.02,8,blockwise_max_pair_mse,1,1,0,0.8000,4.5259,0.9959,31.38
timbrewm,5,chinese:SSB0342,0,37,median,0.5,0.02,8,blockwise_max_pair_mse,1,1,0,0.9000,4.5090,0.9972,32.98
timbrewm,5,chinese:SSB0342,0,37,minimum,0.5,0.02,8,blockwise_max_pair_mse,1,1,1,0.8000,4.4041,0.9963,30.02
timbrewm,5,chinese:SSB0342,0,37,maximum,0.5,0.02,8,blockwise_max_pair_mse,1,1,1,0.8000,4.3785,0.9964,30.06
timbrewm,5,chinese:SSB0342,0,37,block_fwp50_smooth,0.5,0.02,8,blockwise_max_pair_mse,1,1,1,0.8000,4.5022,0.9962,31.34
timbrewm,5,chinese:SSB0354,0,38,mean,0.5,0.02,8,blockwise_max_pair_mse,1,1,1,0.9000,4.5758,0.9946,34.16
timbrewm,5,chinese:SSB0354,0,38,fwp,0.5,0.02,8,blockwise_max_pair_mse,1,1,1,0.7000,4.5156,0.9915,31.51
timbrewm,5,chinese:SSB0354,0,38,rp,0.5,0.02,8,blockwise_max_pair_mse,1,1,0,0.8000,4.5308,0.9911,31.75
timbrewm,5,chinese:SSB0354,0,38,eep,0.5,0.02,8,blockwise_max_pair_mse,1,1,1,0.8000,4.6055,0.9970,35.85
timbrewm,5,chinese:SSB0354,0,38,median,0.5,0.02,8,blockwise_max_pair_mse,1,1,0,0.8000,4.5391,0.9937,33.77
timbrewm,5,chinese:SSB0354,0,38,minimum,0.5,0.02,8,blockwise_max_pair_mse,1,1,1,0.8000,4.4317,0.9920,31.42
timbrewm,5,chinese:SSB0354,0,38,maximum,0.5,0.02,8,blockwise_max_pair_mse,1,1,1,0.9000,4.4447,0.9924,31.42
timbrewm,5,chinese:SSB0354,0,38,block_fwp50_smooth,0.5,0.02,8,blockwise_max_pair_mse,1,1,1,0.8000,4.5135,0.9916,31.55
timbrewm,5,chinese:SSB0366,0,39,mean,0.5,0.02,8,blockwise_max_pair_mse,1,1,1,0.9000,4.5160,0.9967,30.24
timbrewm,5,chinese:SSB0366,0,39,fwp,0.5,0.02,8,blockwise_max_pair_mse,1,1,1,0.8000,4.3387,0.9926,27.23
timbrewm,5,chinese:SSB0366,0,39,rp,0.5,0.02,8,blockwise_max_pair_mse,1,1,1,0.8000,4.5204,0.9955,29.80
timbrewm,5,chinese:SSB0366,0,39,eep,0.5,0.02,8,blockwise_max_pair_mse,1,0,0,0.9000,4.3708,0.9953,28.74
timbrewm,5,chinese:SSB0366,0,39,median,0.5,0.02,8,blockwise_max_pair_mse,1,1,0,0.9000,4.4346,0.9962,29.88
timbrewm,5,chinese:SSB0366,0,39,minimum,0.5,0.02,8,blockwise_max_pair_mse,1,1,1,0.9000,4.3034,0.9922,26.58
timbrewm,5,chinese:SSB0366,0,39,maximum,0.5,0.02,8,blockwise_max_pair_mse,1,1,1,0.9000,4.2934,0.9926,26.61
timbrewm,5,chinese:SSB0366,0,39,block_fwp50_smooth,0.5,0.02,8,blockwise_max_pair_mse,1,1,1,0.8000,4.3387,0.9926,27.23
timbrewm,5,chinese:SSB0375,0,40,mean,0.5,0.02,8,blockwise_max_pair_mse,1,1,1,0.9000,4.5888,0.9987,31.33
timbrewm,5,chinese:SSB0375,0,40,fwp,0.5,0.02,8,blockwise_max_pair_mse,1,1,1,0.6000,4.4771,0.9975,28.72
timbrewm,5,chinese:SSB0375,0,40,rp,0.5,0.02,8,blockwise_max_pair_mse,1,1,1,0.8000,4.5811,0.9992,33.56
timbrewm,5,chinese:SSB0375,0,40,eep,0.5,0.02,8,blockwise_max_pair_mse,1,1,1,0.6000,4.4771,0.9975,28.72
timbrewm,5,chinese:SSB0375,0,40,median,0.5,0.02,8,blockwise_max_pair_mse,1,0,0,0.9000,4.3977,0.9985,30.67
timbrewm,5,chinese:SSB0375,0,40,minimum,0.5,0.02,8,blockwise_max_pair_mse,1,1,1,0.8000,4.2767,0.9983,28.46
timbrewm,5,chinese:SSB0375,0,40,maximum,0.5,0.02,8,blockwise_max_pair_mse,1,1,0,0.9000,4.2662,0.9982,28.45
timbrewm,5,chinese:SSB0375,0,40,block_fwp50_smooth,0.5,0.02,8,blockwise_max_pair_mse,1,1,1,0.8000,4.5178,0.9979,29.26
timbrewm,5,chinese:SSB0379,0,41,mean,0.5,0.02,8,blockwise_max_pair_mse,1,1,1,0.8000,4.4427,0.9954,27.47
timbrewm,5,chinese:SSB0379,0,41,fwp,0.5,0.02,8,blockwise_max_pair_mse,1,1,1,0.8000,4.5119,0.9974,29.74
timbrewm,5,chinese:SSB0379,0,41,rp,0.5,0.02,8,blockwise_max_pair_mse,1,1,1,0.8000,4.5211,0.9977,30.23
timbrewm,5,chinese:SSB0379,0,41,eep,0.5,0.02,8,blockwise_max_pair_mse,1,0,0,0.9000,4.3073,0.9922,25.02
timbrewm,5,chinese:SSB0379,0,41,median,0.5,0.02,8,blockwise_max_pair_mse,1,1,1,0.8000,4.3598,0.9946,26.70
timbrewm,5,chinese:SSB0379,0,41,minimum,0.5,0.02,8,blockwise_max_pair_mse,1,1,1,0.7000,4.3146,0.9948,25.48
timbrewm,5,chinese:SSB0379,0,41,maximum,0.5,0.02,8,blockwise_max_pair_mse,1,1,1,0.7000,4.2889,0.9944,25.48
timbrewm,5,chinese:SSB0379,0,41,block_fwp50_smooth,0.5,0.02,8,blockwise_max_pair_mse,1,1,1,0.8000,4.5292,0.9975,29.61
timbrewm,5,chinese:SSB0380,0,42,mean,0.5,0.02,8,blockwise_max_pair_mse,1,1,1,0.9000,4.3831,0.9938,27.01
timbrewm,5,chinese:SSB0380,0,42,fwp,0.5,0.02,8,blockwise_max_pair_mse,1,1,1,0.8000,4.3936,0.9970,28.53
timbrewm,5,chinese:SSB0380,0,42,rp,0.5,0.02,8,blockwise_max_pair_mse,1,1,1,0.9000,4.1936,0.9888,24.66
timbrewm,5,chinese:SSB0380,0,42,eep,0.5,0.02,8,blockwise_max_pair_mse,1,1,1,0.8000,4.2694,0.9885,25.21
timbrewm,5,chinese:SSB0380,0,42,median,0.5,0.02,8,blockwise_max_pair_mse,1,1,1,0.9000,4.2428,0.9925,26.29
timbrewm,5,chinese:SSB0380,0,42,minimum,0.5,0.02,8,blockwise_max_pair_mse,1,1,1,0.9000,4.1448,0.9916,24.60
timbrewm,5,chinese:SSB0380,0,42,maximum,0.5,0.02,8,blockwise_max_pair_mse,1,1,1,0.9000,4.1313,0.9918,24.57
timbrewm,5,chinese:SSB0380,0,42,block_fwp50_smooth,0.5,0.02,8,blockwise_max_pair_mse,1,1,0,0.8000,4.2656,0.9932,26.47
timbrewm,5,chinese:SSB0382,0,43,mean,0.5,0.02,8,blockwise_max_pair_mse,1,1,1,0.9000,4.5560,0.9977,30.40
timbrewm,5,chinese:SSB0382,0,43,fwp,0.5,0.02,8,blockwise_max_pair_mse,1,1,1,0.8000,4.4667,0.9959,27.73
timbrewm,5,chinese:SSB0382,0,43,rp,0.5,0.02,8,blockwise_max_pair_mse,1,1,1,0.8000,4.5864,0.9978,30.76
timbrewm,5,chinese:SSB0382,0,43,eep,0.5,0.02,8,blockwise_max_pair_mse,1,1,1,0.8000,4.4846,0.9950,27.11
timbrewm,5,chinese:SSB0382,0,43,median,0.5,0.02,8,blockwise_max_pair_mse,1,1,1,0.9000,4.5120,0.9974,30.01
timbrewm,5,chinese:SSB0382,0,43,minimum,0.5,0.02,8,blockwise_max_pair_mse,1,1,1,0.9000,4.3815,0.9955,26.69
timbrewm,5,chinese:SSB0382,0,43,maximum,0.5,0.02,8,blockwise_max_pair_mse,1,1,1,0.9000,4.3881,0.9954,26.70
timbrewm,5,chinese:SSB0382,0,43,block_fwp50_smooth,0.5,0.02,8,blockwise_max_pair_mse,0,0,0,1.0000,4.4612,0.9957,27.71
timbrewm,5,chinese:SSB0385,0,44,mean,0.5,0.02,8,blockwise_max_pair_mse,1,1,1,0.8000,4.5701,0.9970,30.39
timbrewm,5,chinese:SSB0385,0,44,fwp,0.5,0.02,8,blockwise_max_pair_mse,1,1,1,0.7000,4.5856,0.9972,31.37
timbrewm,5,chinese:SSB0385,0,44,rp,0.5,0.02,8,blockwise_max_pair_mse,1,1,0,0.9000,4.4826,0.9946,27.71
timbrewm,5,chinese:SSB0385,0,44,eep,0.5,0.02,8,blockwise_max_pair_mse,1,1,1,0.7000,4.5856,0.9972,31.37
timbrewm,5,chinese:SSB0385,0,44,median,0.5,0.02,8,blockwise_max_pair_mse,1,1,1,0.8000,4.4564,0.9961,29.75
timbrewm,5,chinese:SSB0385,0,44,minimum,0.5,0.02,8,blockwise_max_pair_mse,1,1,1,0.8000,4.3727,0.9942,27.73
timbrewm,5,chinese:SSB0385,0,44,maximum,0.5,0.02,8,blockwise_max_pair_mse,1,1,1,0.8000,4.3746,0.9942,27.77
timbrewm,5,chinese:SSB0385,0,44,block_fwp50_smooth,0.5,0.02,8,blockwise_max_pair_mse,1,1,1,0.7000,4.5751,0.9971,31.28
timbrewm,5,chinese:SSB0393,0,45,mean,0.5,0.02,8,blockwise_max_pair_mse,0,0,0,1.0000,4.5480,0.9960,29.61
timbrewm,5,chinese:SSB0393,0,45,fwp,0.5,0.02,8,blockwise_max_pair_mse,1,1,1,0.7000,4.6002,0.9975,31.37
timbrewm,5,chinese:SSB0393,0,45,rp,0.5,0.02,8,blockwise_max_pair_mse,1,1,1,0.8000,4.5842,0.9983,33.09
timbrewm,5,chinese:SSB0393,0,45,eep,0.5,0.02,8,blockwise_max_pair_mse,1,1,1,0.8000,4.6056,0.9981,31.86
timbrewm,5,chinese:SSB0393,0,45,median,0.5,0.02,8,blockwise_max_pair_mse,0,0,0,1.0000,4.4519,0.9952,28.92
timbrewm,5,chinese:SSB0393,0,45,minimum,0.5,0.02,8,blockwise_max_pair_mse,0,0,0,1.0000,4.3940,0.9947,27.45
timbrewm,5,chinese:SSB0393,0,45,maximum,0.5,0.02,8,blockwise_max_pair_mse,1,0,0,0.9000,4.3933,0.9947,27.43
timbrewm,5,chinese:SSB0393,0,45,block_fwp50_smooth,0.5,0.02,8,blockwise_max_pair_mse,1,1,1,0.7000,4.5592,0.9973,30.51
timbrewm,5,chinese:SSB0394,0,46,mean,0.5,0.02,8,blockwise_max_pair_mse,1,1,1,0.8000,4.5487,0.9940,33.21
timbrewm,5,chinese:SSB0394,0,46,fwp,0.5,0.02,8,blockwise_max_pair_mse,1,0,0,0.9000,4.5923,0.9962,35.74
timbrewm,5,chinese:SSB0394,0,46,rp,0.5,0.02,8,blockwise_max_pair_mse,1,1,1,0.8000,4.4944,0.9907,31.31
timbrewm,5,chinese:SSB0394,0,46,eep,0.5,0.02,8,blockwise_max_pair_mse,1,0,0,0.9000,4.5923,0.9962,35.74
timbrewm,5,chinese:SSB0394,0,46,median,0.5,0.02,8,blockwise_max_pair_mse,1,1,0,0.8000,4.4748,0.9925,32.28
timbrewm,5,chinese:SSB0394,0,46,minimum,0.5,0.02,8,blockwise_max_pair_mse,1,1,1,0.8000,4.3614,0.9919,31.69
timbrewm,5,chinese:SSB0394,0,46,maximum,0.5,0.02,8,blockwise_max_pair_mse,1,1,1,0.8000,4.3755,0.9916,31.71
timbrewm,5,chinese:SSB0394,0,46,block_fwp50_smooth,0.5,0.02,8,blockwise_max_pair_mse,1,1,1,0.8000,4.5554,0.9939,33.52
timbrewm,5,chinese:SSB0395,0,47,mean,0.5,0.02,8,blockwise_max_pair_mse,1,1,1,0.9000,4.5031,0.9961,32.59
timbrewm,5,chinese:SSB0395,0,47,fwp,0.5,0.02,8,blockwise_max_pair_mse,1,0,0,0.9000,4.2311,0.9928,29.53
timbrewm,5,chinese:SSB0395,0,47,rp,0.5,0.02,8,blockwise_max_pair_mse,1,1,1,0.8000,4.6071,0.9979,34.93
timbrewm,5,chinese:SSB0395,0,47,eep,0.5,0.02,8,blockwise_max_pair_mse,1,0,0,0.9000,4.6028,0.9970,34.72
timbrewm,5,chinese:SSB0395,0,47,median,0.5,0.02,8,blockwise_max_pair_mse,1,1,0,0.9000,4.4494,0.9952,32.55
timbrewm,5,chinese:SSB0395,0,47,minimum,0.5,0.02,8,blockwise_max_pair_mse,1,0,0,0.9000,4.1361,0.9921,28.60
timbrewm,5,chinese:SSB0395,0,47,maximum,0.5,0.02,8,blockwise_max_pair_mse,1,0,0,0.9000,4.1286,0.9922,28.58
timbrewm,5,chinese:SSB0395,0,47,block_fwp50_smooth,0.5,0.02,8,blockwise_max_pair_mse,1,0,0,0.9000,4.2323,0.9931,29.84
timbrewm,5,chinese:SSB0407,0,48,mean,0.5,0.02,8,blockwise_max_pair_mse,1,1,1,0.8000,4.5786,0.9967,34.55
timbrewm,5,chinese:SSB0407,0,48,fwp,0.5,0.02,8,blockwise_max_pair_mse,1,0,0,0.9000,4.4322,0.9917,30.63
timbrewm,5,chinese:SSB0407,0,48,rp,0.5,0.02,8,blockwise_max_pair_mse,1,1,1,0.8000,4.4367,0.9922,30.40
timbrewm,5,chinese:SSB0407,0,48,eep,0.5,0.02,8,blockwise_max_pair_mse,1,1,1,0.8000,4.4367,0.9922,30.40
timbrewm,5,chinese:SSB0407,0,48,median,0.5,0.02,8,blockwise_max_pair_mse,1,1,1,0.8000,4.5022,0.9968,34.48
timbrewm,5,chinese:SSB0407,0,48,minimum,0.5,0.02,8,blockwise_max_pair_mse,1,1,1,0.8000,4.3583,0.9951,30.49
timbrewm,5,chinese:SSB0407,0,48,maximum,0.5,0.02,8,blockwise_max_pair_mse,1,1,1,0.8000,4.3468,0.9951,30.51
timbrewm,5,chinese:SSB0407,0,48,block_fwp50_smooth,0.5,0.02,8,blockwise_max_pair_mse,1,1,1,0.8000,4.4594,0.9934,31.77
timbrewm,5,chinese:SSB0415,0,49,mean,0.5,0.02,8,blockwise_max_pair_mse,1,0,0,0.9000,4.5729,0.9970,33.04
timbrewm,5,chinese:SSB0415,0,49,fwp,0.5,0.02,8,blockwise_max_pair_mse,0,0,0,1.0000,4.5636,0.9978,34.09
timbrewm,5,chinese:SSB0415,0,49,rp,0.5,0.02,8,blockwise_max_pair_mse,0,0,0,1.0000,4.5636,0.9978,34.09
timbrewm,5,chinese:SSB0415,0,49,eep,0.5,0.02,8,blockwise_max_pair_mse,1,1,1,0.8000,4.4636,0.9940,30.08
timbrewm,5,chinese:SSB0415,0,49,median,0.5,0.02,8,blockwise_max_pair_mse,1,0,0,0.9000,4.4966,0.9964,32.18
timbrewm,5,chinese:SSB0415,0,49,minimum,0.5,0.02,8,blockwise_max_pair_mse,1,1,1,0.9000,4.4581,0.9957,30.86
timbrewm,5,chinese:SSB0415,0,49,maximum,0.5,0.02,8,blockwise_max_pair_mse,1,1,1,0.9000,4.4592,0.9957,30.82
timbrewm,5,chinese:SSB0415,0,49,block_fwp50_smooth,0.5,0.02,8,blockwise_max_pair_mse,1,0,0,0.9000,4.5622,0.9977,33.99
