model,K,scheme,code_bits,info_bits,codebook_size,spk,local_t,gi,method,ASR,R3_escape,R5_escape,ACC_near,ACC_near_norm,PESQ,STOI,SI_SDR
audioseal,5,ecc1,16,11,2048,chinese:SSB0005,0,0,mean,1,1,0,8,0.7273,4.5989,0.9993,35.66
audioseal,5,ecc1,16,11,2048,chinese:SSB0005,0,0,fwp,1,1,1,7,0.6364,4.6090,0.9995,36.01
audioseal,5,ecc1,16,11,2048,chinese:SSB0005,1,1,mean,1,1,1,8,0.7273,4.5996,0.9994,36.12
audioseal,5,ecc1,16,11,2048,chinese:SSB0005,1,1,fwp,1,1,1,8,0.7273,4.5972,0.9993,35.74
audioseal,5,ecc1,16,11,2048,chinese:SSB0005,2,2,mean,1,1,1,9,0.8182,4.5831,0.9994,34.68
audioseal,5,ecc1,16,11,2048,chinese:SSB0005,2,2,fwp,1,1,1,8,0.7273,4.6045,0.9995,36.99
audioseal,5,ecc1,16,11,2048,chinese:SSB0009,0,3,mean,1,1,1,8,0.7273,4.6119,0.9997,35.65
audioseal,5,ecc1,16,11,2048,chinese:SSB0009,0,3,fwp,1,1,1,9,0.8182,4.5901,0.9995,33.14
audioseal,5,ecc1,16,11,2048,chinese:SSB0009,1,4,mean,1,1,0,8,0.7273,4.5825,0.9997,35.14
audioseal,5,ecc1,16,11,2048,chinese:SSB0009,1,4,fwp,1,1,1,7,0.6364,4.5992,0.9997,35.06
audioseal,5,ecc1,16,11,2048,chinese:SSB0009,2,5,mean,1,1,1,9,0.8182,4.5887,0.9997,35.09
audioseal,5,ecc1,16,11,2048,chinese:SSB0009,2,5,fwp,1,1,1,9,0.8182,4.5639,0.9994,32.50
audioseal,5,ecc1,16,11,2048,chinese:SSB0011,0,6,mean,1,0,0,8,0.7273,4.5743,0.9992,35.00
audioseal,5,ecc1,16,11,2048,chinese:SSB0011,0,6,fwp,1,1,1,7,0.6364,4.5481,0.9987,32.13
audioseal,5,ecc1,16,11,2048,chinese:SSB0011,1,7,mean,1,0,0,8,0.7273,4.5492,0.9989,34.21
audioseal,5,ecc1,16,11,2048,chinese:SSB0011,1,7,fwp,0,0,0,9,0.8182,4.5225,0.9985,32.85
audioseal,5,ecc1,16,11,2048,chinese:SSB0011,2,8,mean,1,1,1,8,0.7273,4.5659,0.9991,33.11
audioseal,5,ecc1,16,11,2048,chinese:SSB0011,2,8,fwp,1,1,1,8,0.7273,4.5604,0.9992,33.46
audioseal,5,ecc1,16,11,2048,chinese:SSB0012,0,9,mean,1,1,1,8,0.7273,4.5897,0.9994,33.16
audioseal,5,ecc1,16,11,2048,chinese:SSB0012,0,9,fwp,1,1,1,8,0.7273,4.5888,0.9993,32.89
audioseal,5,ecc1,16,11,2048,chinese:SSB0012,1,10,mean,1,1,1,8,0.7273,4.5887,0.9994,32.97
audioseal,5,ecc1,16,11,2048,chinese:SSB0012,1,10,fwp,1,1,1,6,0.5455,4.6098,0.9995,32.97
audioseal,5,ecc1,16,11,2048,chinese:SSB0012,2,11,mean,1,1,1,9,0.8182,4.5742,0.9993,32.17
audioseal,5,ecc1,16,11,2048,chinese:SSB0012,2,11,fwp,1,1,1,8,0.7273,4.5930,0.9996,33.40
audioseal,5,ecc1,16,11,2048,chinese:SSB0016,0,12,mean,1,1,1,9,0.8182,4.5615,0.9983,33.24
audioseal,5,ecc1,16,11,2048,chinese:SSB0016,0,12,fwp,1,1,1,8,0.7273,4.5705,0.9983,33.10
audioseal,5,ecc1,16,11,2048,chinese:SSB0016,1,13,mean,1,1,1,8,0.7273,4.5400,0.9987,33.46
audioseal,5,ecc1,16,11,2048,chinese:SSB0016,1,13,fwp,1,1,1,8,0.7273,4.4568,0.9972,30.23
audioseal,5,ecc1,16,11,2048,chinese:SSB0016,2,14,mean,1,1,1,9,0.8182,4.5459,0.9985,31.77
audioseal,5,ecc1,16,11,2048,chinese:SSB0016,2,14,fwp,1,1,1,8,0.7273,4.4749,0.9979,29.83
audioseal,5,ecc1,16,11,2048,chinese:SSB0018,0,15,mean,1,1,1,8,0.7273,4.5879,0.9997,33.60
audioseal,5,ecc1,16,11,2048,chinese:SSB0018,0,15,fwp,1,1,1,7,0.6364,4.6091,0.9997,34.66
audioseal,5,ecc1,16,11,2048,chinese:SSB0018,1,16,mean,1,1,0,9,0.8182,4.5831,0.9996,35.04
audioseal,5,ecc1,16,11,2048,chinese:SSB0018,1,16,fwp,1,1,1,9,0.8182,4.5749,0.9994,32.61
audioseal,5,ecc1,16,11,2048,chinese:SSB0018,2,17,mean,1,1,1,8,0.7273,4.5710,0.9997,34.71
audioseal,5,ecc1,16,11,2048,chinese:SSB0018,2,17,fwp,1,1,1,8,0.7273,4.6035,0.9997,35.24
audioseal,5,ecc1,16,11,2048,chinese:SSB0033,0,18,mean,1,0,0,10,0.9091,4.6006,0.9998,42.84
audioseal,5,ecc1,16,11,2048,chinese:SSB0033,0,18,fwp,1,1,1,8,0.7273,4.5751,0.9996,40.13
audioseal,5,ecc1,16,11,2048,chinese:SSB0033,1,19,mean,1,1,1,10,0.9091,4.6016,0.9996,41.02
audioseal,5,ecc1,16,11,2048,chinese:SSB0033,1,19,fwp,1,1,1,10,0.9091,4.5983,0.9997,41.38
audioseal,5,ecc1,16,11,2048,chinese:SSB0033,2,20,mean,1,1,1,9,0.8182,4.5737,0.9995,39.49
audioseal,5,ecc1,16,11,2048,chinese:SSB0033,2,20,fwp,1,1,1,8,0.7273,4.5663,0.9993,38.58
audioseal,5,ecc1,16,11,2048,chinese:SSB0038,0,21,mean,1,1,1,8,0.7273,4.5806,0.9988,35.20
audioseal,5,ecc1,16,11,2048,chinese:SSB0038,0,21,fwp,1,1,1,9,0.8182,4.6072,0.9993,35.42
audioseal,5,ecc1,16,11,2048,chinese:SSB0038,1,22,mean,1,1,1,7,0.6364,4.5749,0.9991,32.54
audioseal,5,ecc1,16,11,2048,chinese:SSB0038,1,22,fwp,1,1,1,6,0.5455,4.5824,0.9991,34.41
audioseal,5,ecc1,16,11,2048,chinese:SSB0038,2,23,mean,1,1,1,8,0.7273,4.5983,0.9992,37.95
audioseal,5,ecc1,16,11,2048,chinese:SSB0038,2,23,fwp,1,1,1,8,0.7273,4.5705,0.9985,34.58
audioseal,5,ecc1,16,11,2048,chinese:SSB0043,0,24,mean,1,1,1,8,0.7273,4.5744,0.9991,35.18
audioseal,5,ecc1,16,11,2048,chinese:SSB0043,0,24,fwp,1,1,1,9,0.8182,4.5060,0.9983,32.12
audioseal,5,ecc1,16,11,2048,chinese:SSB0043,1,25,mean,1,1,1,8,0.7273,4.5725,0.9993,34.75
audioseal,5,ecc1,16,11,2048,chinese:SSB0043,1,25,fwp,1,0,0,9,0.8182,4.5709,0.9993,35.24
audioseal,5,ecc1,16,11,2048,chinese:SSB0043,2,26,mean,1,1,1,10,0.9091,4.5599,0.9992,34.04
audioseal,5,ecc1,16,11,2048,chinese:SSB0043,2,26,fwp,1,1,1,7,0.6364,4.5318,0.9989,32.42
audioseal,5,ecc1,16,11,2048,chinese:SSB0057,0,27,mean,1,1,1,10,0.9091,4.5893,0.9987,33.22
audioseal,5,ecc1,16,11,2048,chinese:SSB0057,0,27,fwp,1,1,1,7,0.6364,4.6098,0.9990,36.04
audioseal,5,ecc1,16,11,2048,chinese:SSB0057,1,28,mean,1,1,1,9,0.8182,4.6032,0.9992,39.05
audioseal,5,ecc1,16,11,2048,chinese:SSB0057,1,28,fwp,1,0,0,11,1.0000,4.5696,0.9982,36.45
audioseal,5,ecc1,16,11,2048,chinese:SSB0057,2,29,mean,1,1,1,9,0.8182,4.6062,0.9993,39.59
audioseal,5,ecc1,16,11,2048,chinese:SSB0057,2,29,fwp,1,1,1,6,0.5455,4.5854,0.9987,36.00
audioseal,5,ecc1,16,11,2048,chinese:SSB0073,0,30,mean,1,0,0,8,0.7273,4.6224,0.9999,33.62
audioseal,5,ecc1,16,11,2048,chinese:SSB0073,0,30,fwp,1,1,1,7,0.6364,4.5908,0.9997,30.49
audioseal,5,ecc1,16,11,2048,chinese:SSB0073,1,31,mean,1,0,0,8,0.7273,4.5849,0.9997,31.55
audioseal,5,ecc1,16,11,2048,chinese:SSB0073,1,31,fwp,1,1,1,9,0.8182,4.5925,0.9998,33.32
audioseal,5,ecc1,16,11,2048,chinese:SSB0073,2,32,mean,1,1,1,10,0.9091,4.5904,0.9997,32.64
audioseal,5,ecc1,16,11,2048,chinese:SSB0073,2,32,fwp,0,0,0,11,1.0000,4.5826,0.9995,31.32
audioseal,5,ecc1,16,11,2048,chinese:SSB0080,0,33,mean,1,1,1,9,0.8182,4.5814,0.9988,30.61
audioseal,5,ecc1,16,11,2048,chinese:SSB0080,0,33,fwp,1,1,1,8,0.7273,4.5878,0.9991,30.89
audioseal,5,ecc1,16,11,2048,chinese:SSB0080,1,34,mean,1,1,1,8,0.7273,4.5421,0.9985,27.45
audioseal,5,ecc1,16,11,2048,chinese:SSB0080,1,34,fwp,1,1,1,7,0.6364,4.5719,0.9989,29.89
audioseal,5,ecc1,16,11,2048,chinese:SSB0080,2,35,mean,1,1,1,8,0.7273,4.5997,0.9993,34.07
audioseal,5,ecc1,16,11,2048,chinese:SSB0080,2,35,fwp,1,1,1,8,0.7273,4.5664,0.9984,31.52
audioseal,5,ecc1,16,11,2048,chinese:SSB0112,0,36,mean,1,1,1,8,0.7273,4.5814,0.9994,32.62
audioseal,5,ecc1,16,11,2048,chinese:SSB0112,0,36,fwp,1,1,1,8,0.7273,4.5811,0.9992,30.64
audioseal,5,ecc1,16,11,2048,chinese:SSB0112,1,37,mean,1,0,0,9,0.8182,4.5424,0.9988,28.57
audioseal,5,ecc1,16,11,2048,chinese:SSB0112,1,37,fwp,1,1,1,8,0.7273,4.4916,0.9981,24.47
audioseal,5,ecc1,16,11,2048,chinese:SSB0112,2,38,mean,1,1,1,8,0.7273,4.5657,0.9993,32.26
audioseal,5,ecc1,16,11,2048,chinese:SSB0112,2,38,fwp,1,1,0,9,0.8182,4.5328,0.9986,29.52
audioseal,5,ecc1,16,11,2048,chinese:SSB0122,0,39,mean,1,1,1,8,0.7273,4.5948,0.9997,37.82
audioseal,5,ecc1,16,11,2048,chinese:SSB0122,0,39,fwp,1,1,0,9,0.8182,4.6123,0.9997,37.73
audioseal,5,ecc1,16,11,2048,chinese:SSB0122,1,40,mean,1,1,1,9,0.8182,4.5814,0.9995,35.89
audioseal,5,ecc1,16,11,2048,chinese:SSB0122,1,40,fwp,1,1,1,8,0.7273,4.5645,0.9994,33.16
audioseal,5,ecc1,16,11,2048,chinese:SSB0122,2,41,mean,1,1,1,8,0.7273,4.5818,0.9993,34.43
audioseal,5,ecc1,16,11,2048,chinese:SSB0122,2,41,fwp,1,1,1,10,0.9091,4.5989,0.9995,35.05
audioseal,5,ecc1,16,11,2048,chinese:SSB0133,0,42,mean,1,1,1,9,0.8182,4.5629,0.9987,36.53
audioseal,5,ecc1,16,11,2048,chinese:SSB0133,0,42,fwp,1,1,1,8,0.7273,4.5793,0.9988,36.19
audioseal,5,ecc1,16,11,2048,chinese:SSB0133,1,43,mean,1,1,1,8,0.7273,4.5924,0.9991,39.17
audioseal,5,ecc1,16,11,2048,chinese:SSB0133,1,43,fwp,1,1,1,7,0.6364,4.5482,0.9979,35.28
audioseal,5,ecc1,16,11,2048,chinese:SSB0133,2,44,mean,1,1,1,8,0.7273,4.5600,0.9990,36.96
audioseal,5,ecc1,16,11,2048,chinese:SSB0133,2,44,fwp,1,1,1,8,0.7273,4.5191,0.9975,34.09
audioseal,5,ecc1,16,11,2048,chinese:SSB0139,0,45,mean,1,1,1,8,0.7273,4.6129,0.9999,35.41
audioseal,5,ecc1,16,11,2048,chinese:SSB0139,0,45,fwp,1,1,1,8,0.7273,4.6031,0.9999,34.78
audioseal,5,ecc1,16,11,2048,chinese:SSB0139,1,46,mean,1,1,1,8,0.7273,4.5912,0.9998,34.80
audioseal,5,ecc1,16,11,2048,chinese:SSB0139,1,46,fwp,1,1,1,9,0.8182,4.5941,0.9998,33.91
audioseal,5,ecc1,16,11,2048,chinese:SSB0139,2,47,mean,1,1,0,8,0.7273,4.5978,0.9997,34.17
audioseal,5,ecc1,16,11,2048,chinese:SSB0139,2,47,fwp,1,1,1,8,0.7273,4.5792,0.9996,32.17
audioseal,5,ecc1,16,11,2048,chinese:SSB0145,0,48,mean,1,1,1,7,0.6364,4.5778,0.9992,32.63
audioseal,5,ecc1,16,11,2048,chinese:SSB0145,0,48,fwp,1,1,1,7,0.6364,4.6027,0.9994,34.24
audioseal,5,ecc1,16,11,2048,chinese:SSB0145,1,49,mean,1,1,0,9,0.8182,4.5721,0.9993,33.55
audioseal,5,ecc1,16,11,2048,chinese:SSB0145,1,49,fwp,1,1,1,8,0.7273,4.5986,0.9995,34.57
audioseal,5,ecc1,16,11,2048,chinese:SSB0145,2,50,mean,1,1,1,9,0.8182,4.5916,0.9991,34.25
audioseal,5,ecc1,16,11,2048,chinese:SSB0145,2,50,fwp,1,1,1,7,0.6364,4.5785,0.9987,32.39
audioseal,5,ecc1,16,11,2048,chinese:SSB0149,0,51,mean,1,1,1,6,0.5455,4.5941,0.9998,35.72
audioseal,5,ecc1,16,11,2048,chinese:SSB0149,0,51,fwp,1,0,0,9,0.8182,4.5773,0.9996,33.45
audioseal,5,ecc1,16,11,2048,chinese:SSB0149,1,52,mean,1,0,0,8,0.7273,4.5784,0.9997,34.88
audioseal,5,ecc1,16,11,2048,chinese:SSB0149,1,52,fwp,1,0,0,8,0.7273,4.5674,0.9996,32.11
audioseal,5,ecc1,16,11,2048,chinese:SSB0149,2,53,mean,1,1,1,9,0.8182,4.5994,0.9998,36.58
audioseal,5,ecc1,16,11,2048,chinese:SSB0149,2,53,fwp,1,1,0,9,0.8182,4.5620,0.9997,32.58
audioseal,5,ecc1,16,11,2048,chinese:SSB0193,0,54,mean,1,1,1,8,0.7273,4.5692,0.9994,31.44
audioseal,5,ecc1,16,11,2048,chinese:SSB0193,0,54,fwp,1,0,0,8,0.7273,4.5256,0.9989,28.57
audioseal,5,ecc1,16,11,2048,chinese:SSB0193,1,55,mean,1,1,1,8,0.7273,4.5295,0.9994,30.32
audioseal,5,ecc1,16,11,2048,chinese:SSB0193,1,55,fwp,1,1,1,8,0.7273,4.4732,0.9988,27.05
audioseal,5,ecc1,16,11,2048,chinese:SSB0193,2,56,mean,0,0,0,11,1.0000,4.5601,0.9992,28.75
audioseal,5,ecc1,16,11,2048,chinese:SSB0193,2,56,fwp,1,1,1,9,0.8182,4.5691,0.9995,31.28
audioseal,5,ecc1,16,11,2048,chinese:SSB0197,0,57,mean,1,0,0,9,0.8182,4.5365,0.9898,28.28
audioseal,5,ecc1,16,11,2048,chinese:SSB0197,0,57,fwp,1,0,0,10,0.9091,4.5558,0.9908,30.63
audioseal,5,ecc1,16,11,2048,chinese:SSB0197,1,58,mean,1,1,1,7,0.6364,4.5288,0.9883,27.84
audioseal,5,ecc1,16,11,2048,chinese:SSB0197,1,58,fwp,1,1,1,8,0.7273,4.5659,0.9910,29.71
audioseal,5,ecc1,16,11,2048,chinese:SSB0197,2,59,mean,1,1,1,9,0.8182,4.5511,0.9926,29.94
audioseal,5,ecc1,16,11,2048,chinese:SSB0197,2,59,fwp,1,0,0,8,0.7273,4.5251,0.9883,27.29
audioseal,5,ecc1,16,11,2048,chinese:SSB0200,0,60,mean,1,1,0,8,0.7273,4.6004,0.9996,31.48
audioseal,5,ecc1,16,11,2048,chinese:SSB0200,0,60,fwp,1,1,1,8,0.7273,4.5700,0.9995,29.17
audioseal,5,ecc1,16,11,2048,chinese:SSB0200,1,61,mean,1,1,1,10,0.9091,4.5876,0.9996,31.02
audioseal,5,ecc1,16,11,2048,chinese:SSB0200,1,61,fwp,1,0,0,10,0.9091,4.5446,0.9993,28.97
audioseal,5,ecc1,16,11,2048,chinese:SSB0200,2,62,mean,1,0,0,10,0.9091,4.5726,0.9992,27.17
audioseal,5,ecc1,16,11,2048,chinese:SSB0200,2,62,fwp,1,1,0,8,0.7273,4.5603,0.9995,28.99
audioseal,5,ecc1,16,11,2048,chinese:SSB0241,0,63,mean,1,1,1,8,0.7273,4.5892,0.9993,32.67
audioseal,5,ecc1,16,11,2048,chinese:SSB0241,0,63,fwp,1,1,1,7,0.6364,4.6023,0.9996,35.10
audioseal,5,ecc1,16,11,2048,chinese:SSB0241,1,64,mean,1,1,1,9,0.8182,4.6134,0.9995,39.69
audioseal,5,ecc1,16,11,2048,chinese:SSB0241,1,64,fwp,1,1,1,8,0.7273,4.6043,0.9994,36.98
audioseal,5,ecc1,16,11,2048,chinese:SSB0241,2,65,mean,1,1,1,7,0.6364,4.5981,0.9993,39.26
audioseal,5,ecc1,16,11,2048,chinese:SSB0241,2,65,fwp,1,1,1,8,0.7273,4.5697,0.9986,36.25
audioseal,5,ecc1,16,11,2048,chinese:SSB0246,0,66,mean,1,0,0,8,0.7273,4.5656,0.9992,34.69
audioseal,5,ecc1,16,11,2048,chinese:SSB0246,0,66,fwp,1,1,1,8,0.7273,4.5424,0.9990,32.89
audioseal,5,ecc1,16,11,2048,chinese:SSB0246,1,67,mean,1,1,1,10,0.9091,4.5726,0.9988,33.21
audioseal,5,ecc1,16,11,2048,chinese:SSB0246,1,67,fwp,1,1,1,6,0.5455,4.5495,0.9983,31.73
audioseal,5,ecc1,16,11,2048,chinese:SSB0246,2,68,mean,1,1,1,9,0.8182,4.5878,0.9989,33.76
audioseal,5,ecc1,16,11,2048,chinese:SSB0246,2,68,fwp,1,1,1,10,0.9091,4.5530,0.9984,31.55
audioseal,5,ecc1,16,11,2048,chinese:SSB0261,0,69,mean,1,1,1,7,0.6364,4.5602,0.9996,33.48
audioseal,5,ecc1,16,11,2048,chinese:SSB0261,0,69,fwp,1,1,1,8,0.7273,4.5298,0.9992,31.28
audioseal,5,ecc1,16,11,2048,chinese:SSB0261,1,70,mean,1,1,1,8,0.7273,4.5826,0.9995,32.15
audioseal,5,ecc1,16,11,2048,chinese:SSB0261,1,70,fwp,1,1,1,9,0.8182,4.6044,0.9997,34.48
audioseal,5,ecc1,16,11,2048,chinese:SSB0261,2,71,mean,1,1,1,10,0.9091,4.5994,0.9997,32.34
audioseal,5,ecc1,16,11,2048,chinese:SSB0261,2,71,fwp,1,1,1,8,0.7273,4.6058,0.9998,33.83
audioseal,5,ecc1,16,11,2048,chinese:SSB0267,0,72,mean,1,1,0,9,0.8182,4.5711,0.9984,33.72
audioseal,5,ecc1,16,11,2048,chinese:SSB0267,0,72,fwp,1,1,1,8,0.7273,4.5797,0.9988,34.00
audioseal,5,ecc1,16,11,2048,chinese:SSB0267,1,73,mean,1,1,1,7,0.6364,4.5710,0.9990,36.40
audioseal,5,ecc1,16,11,2048,chinese:SSB0267,1,73,fwp,1,1,1,9,0.8182,4.5093,0.9984,32.95
audioseal,5,ecc1,16,11,2048,chinese:SSB0267,2,74,mean,1,1,1,8,0.7273,4.5718,0.9987,34.63
audioseal,5,ecc1,16,11,2048,chinese:SSB0267,2,74,fwp,1,1,1,8,0.7273,4.5430,0.9978,32.43
audioseal,5,ecc1,16,11,2048,chinese:SSB0273,0,75,mean,0,0,0,8,0.7273,4.6077,0.9999,36.60
audioseal,5,ecc1,16,11,2048,chinese:SSB0273,0,75,fwp,1,1,1,8,0.7273,4.5867,0.9998,34.57
audioseal,5,ecc1,16,11,2048,chinese:SSB0273,1,76,mean,1,1,1,9,0.8182,4.5948,0.9998,34.42
audioseal,5,ecc1,16,11,2048,chinese:SSB0273,1,76,fwp,1,1,1,8,0.7273,4.5820,0.9997,32.79
audioseal,5,ecc1,16,11,2048,chinese:SSB0273,2,77,mean,0,0,0,11,1.0000,4.5943,0.9998,34.11
audioseal,5,ecc1,16,11,2048,chinese:SSB0273,2,77,fwp,1,1,0,9,0.8182,4.6182,0.9999,35.81
audioseal,5,ecc1,16,11,2048,chinese:SSB0287,0,78,mean,1,1,1,9,0.8182,4.6147,0.9998,37.16
audioseal,5,ecc1,16,11,2048,chinese:SSB0287,0,78,fwp,1,1,1,10,0.9091,4.5870,0.9994,33.93
audioseal,5,ecc1,16,11,2048,chinese:SSB0287,1,79,mean,1,1,1,8,0.7273,4.5945,0.9996,35.92
audioseal,5,ecc1,16,11,2048,chinese:SSB0287,1,79,fwp,1,1,1,9,0.8182,4.5753,0.9993,33.14
audioseal,5,ecc1,16,11,2048,chinese:SSB0287,2,80,mean,1,1,1,9,0.8182,4.5971,0.9997,35.84
audioseal,5,ecc1,16,11,2048,chinese:SSB0287,2,80,fwp,1,1,1,8,0.7273,4.6061,0.9997,36.76
audioseal,5,ecc1,16,11,2048,chinese:SSB0288,0,81,mean,1,1,1,9,0.8182,4.5890,0.9982,36.75
audioseal,5,ecc1,16,11,2048,chinese:SSB0288,0,81,fwp,1,1,0,8,0.7273,4.6055,0.9983,37.82
audioseal,5,ecc1,16,11,2048,chinese:SSB0288,1,82,mean,1,0,0,10,0.9091,4.5695,0.9970,34.42
audioseal,5,ecc1,16,11,2048,chinese:SSB0288,1,82,fwp,1,1,1,9,0.8182,4.5845,0.9980,37.06
audioseal,5,ecc1,16,11,2048,chinese:SSB0288,2,83,mean,1,1,1,10,0.9091,4.5682,0.9980,39.77
audioseal,5,ecc1,16,11,2048,chinese:SSB0288,2,83,fwp,1,1,1,9,0.8182,4.5537,0.9968,35.33
audioseal,5,ecc1,16,11,2048,chinese:SSB0299,0,84,mean,1,1,1,8,0.7273,4.5583,0.9998,34.39
audioseal,5,ecc1,16,11,2048,chinese:SSB0299,0,84,fwp,1,1,1,10,0.9091,4.5557,0.9998,33.98
audioseal,5,ecc1,16,11,2048,chinese:SSB0299,1,85,mean,1,1,0,9,0.8182,4.5791,0.9998,35.04
audioseal,5,ecc1,16,11,2048,chinese:SSB0299,1,85,fwp,1,1,1,9,0.8182,4.5525,0.9998,33.90
audioseal,5,ecc1,16,11,2048,chinese:SSB0299,2,86,mean,1,1,0,9,0.8182,4.5751,0.9995,31.47
audioseal,5,ecc1,16,11,2048,chinese:SSB0299,2,86,fwp,1,1,1,9,0.8182,4.5867,0.9997,33.58
audioseal,5,ecc1,16,11,2048,chinese:SSB0307,0,87,mean,1,1,1,9,0.8182,4.5488,0.9980,31.07
audioseal,5,ecc1,16,11,2048,chinese:SSB0307,0,87,fwp,1,1,1,10,0.9091,4.4959,0.9965,28.71
audioseal,5,ecc1,16,11,2048,chinese:SSB0307,1,88,mean,1,0,0,10,0.9091,4.5532,0.9988,31.68
audioseal,5,ecc1,16,11,2048,chinese:SSB0307,1,88,fwp,1,1,1,9,0.8182,4.5390,0.9984,30.49
audioseal,5,ecc1,16,11,2048,chinese:SSB0307,2,89,mean,1,1,1,7,0.6364,4.5464,0.9982,29.35
audioseal,5,ecc1,16,11,2048,chinese:SSB0307,2,89,fwp,1,1,1,10,0.9091,4.5007,0.9976,26.84
audioseal,5,ecc1,16,11,2048,chinese:SSB0309,0,90,mean,0,0,0,8,0.7273,4.5714,0.9986,32.24
audioseal,5,ecc1,16,11,2048,chinese:SSB0309,0,90,fwp,1,1,1,9,0.8182,4.5923,0.9992,34.77
audioseal,5,ecc1,16,11,2048,chinese:SSB0309,1,91,mean,1,1,1,9,0.8182,4.5633,0.9984,31.66
audioseal,5,ecc1,16,11,2048,chinese:SSB0309,1,91,fwp,1,1,1,7,0.6364,4.5825,0.9987,33.95
audioseal,5,ecc1,16,11,2048,chinese:SSB0309,2,92,mean,1,1,1,8,0.7273,4.5826,0.9991,33.64
audioseal,5,ecc1,16,11,2048,chinese:SSB0309,2,92,fwp,1,1,1,8,0.7273,4.5671,0.9988,31.68
audioseal,5,ecc1,16,11,2048,chinese:SSB0315,0,93,mean,1,1,1,9,0.8182,4.5897,0.9997,35.02
audioseal,5,ecc1,16,11,2048,chinese:SSB0315,0,93,fwp,1,1,1,8,0.7273,4.5917,0.9997,35.34
audioseal,5,ecc1,16,11,2048,chinese:SSB0315,1,94,mean,1,1,1,7,0.6364,4.5627,0.9996,33.90
audioseal,5,ecc1,16,11,2048,chinese:SSB0315,1,94,fwp,1,1,1,8,0.7273,4.5338,0.9990,31.08
audioseal,5,ecc1,16,11,2048,chinese:SSB0315,2,95,mean,1,0,0,8,0.7273,4.5993,0.9998,38.21
audioseal,5,ecc1,16,11,2048,chinese:SSB0315,2,95,fwp,1,1,1,7,0.6364,4.5586,0.9995,33.52
audioseal,5,ecc1,16,11,2048,chinese:SSB0316,0,96,mean,1,1,1,9,0.8182,4.5982,0.9994,33.62
audioseal,5,ecc1,16,11,2048,chinese:SSB0316,0,96,fwp,1,1,1,9,0.8182,4.6167,0.9996,35.55
audioseal,5,ecc1,16,11,2048,chinese:SSB0316,1,97,mean,1,1,1,7,0.6364,4.5849,0.9993,34.69
audioseal,5,ecc1,16,11,2048,chinese:SSB0316,1,97,fwp,1,1,1,9,0.8182,4.5772,0.9992,33.22
audioseal,5,ecc1,16,11,2048,chinese:SSB0316,2,98,mean,1,1,1,7,0.6364,4.6039,0.9995,35.54
audioseal,5,ecc1,16,11,2048,chinese:SSB0316,2,98,fwp,1,1,1,8,0.7273,4.5833,0.9993,33.67
audioseal,5,ecc1,16,11,2048,chinese:SSB0323,0,99,mean,1,0,0,9,0.8182,4.5867,0.9997,36.52
audioseal,5,ecc1,16,11,2048,chinese:SSB0323,0,99,fwp,0,0,0,11,1.0000,4.6005,0.9998,37.33
audioseal,5,ecc1,16,11,2048,chinese:SSB0323,1,100,mean,1,0,0,9,0.8182,4.5966,0.9998,36.72
audioseal,5,ecc1,16,11,2048,chinese:SSB0323,1,100,fwp,1,1,1,7,0.6364,4.5799,0.9997,34.96
audioseal,5,ecc1,16,11,2048,chinese:SSB0323,2,101,mean,1,1,1,10,0.9091,4.5989,0.9998,36.16
audioseal,5,ecc1,16,11,2048,chinese:SSB0323,2,101,fwp,1,1,1,7,0.6364,4.5759,0.9995,34.41
audioseal,5,ecc1,16,11,2048,chinese:SSB0338,0,102,mean,1,1,1,10,0.9091,4.5390,0.9996,28.75
audioseal,5,ecc1,16,11,2048,chinese:SSB0338,0,102,fwp,1,1,1,8,0.7273,4.5582,0.9997,30.08
audioseal,5,ecc1,16,11,2048,chinese:SSB0338,1,103,mean,1,1,1,8,0.7273,4.5391,0.9997,28.59
audioseal,5,ecc1,16,11,2048,chinese:SSB0338,1,103,fwp,1,1,1,8,0.7273,4.4970,0.9995,26.77
audioseal,5,ecc1,16,11,2048,chinese:SSB0338,2,104,mean,1,0,0,10,0.9091,4.5884,0.9998,31.50
audioseal,5,ecc1,16,11,2048,chinese:SSB0338,2,104,fwp,1,1,1,9,0.8182,4.5672,0.9997,29.01
audioseal,5,ecc1,16,11,2048,chinese:SSB0339,0,105,mean,1,1,1,8,0.7273,4.5513,0.9994,33.10
audioseal,5,ecc1,16,11,2048,chinese:SSB0339,0,105,fwp,1,1,1,8,0.7273,4.4933,0.9986,29.21
audioseal,5,ecc1,16,11,2048,chinese:SSB0339,1,106,mean,1,1,1,9,0.8182,4.5495,0.9991,31.72
audioseal,5,ecc1,16,11,2048,chinese:SSB0339,1,106,fwp,1,1,1,9,0.8182,4.5711,0.9994,33.26
audioseal,5,ecc1,16,11,2048,chinese:SSB0339,2,107,mean,1,0,0,9,0.8182,4.5587,0.9994,32.28
audioseal,5,ecc1,16,11,2048,chinese:SSB0339,2,107,fwp,1,1,0,8,0.7273,4.5139,0.9988,29.89
audioseal,5,ecc1,16,11,2048,chinese:SSB0341,0,108,mean,1,1,1,9,0.8182,4.6142,0.9998,40.71
audioseal,5,ecc1,16,11,2048,chinese:SSB0341,0,108,fwp,1,1,1,8,0.7273,4.5881,0.9993,36.77
audioseal,5,ecc1,16,11,2048,chinese:SSB0341,1,109,mean,1,1,1,9,0.8182,4.6048,0.9996,38.97
audioseal,5,ecc1,16,11,2048,chinese:SSB0341,1,109,fwp,1,1,1,8,0.7273,4.6019,0.9993,37.48
audioseal,5,ecc1,16,11,2048,chinese:SSB0341,2,110,mean,1,1,1,7,0.6364,4.5909,0.9993,36.97
audioseal,5,ecc1,16,11,2048,chinese:SSB0341,2,110,fwp,1,1,1,8,0.7273,4.5795,0.9990,34.99
audioseal,5,ecc1,16,11,2048,chinese:SSB0342,0,111,mean,0,0,0,11,1.0000,4.5828,0.9993,35.18
audioseal,5,ecc1,16,11,2048,chinese:SSB0342,0,111,fwp,1,1,1,7,0.6364,4.5977,0.9994,37.02
audioseal,5,ecc1,16,11,2048,chinese:SSB0342,1,112,mean,1,1,0,8,0.7273,4.5497,0.9991,35.40
audioseal,5,ecc1,16,11,2048,chinese:SSB0342,1,112,fwp,1,1,1,9,0.8182,4.5190,0.9984,32.17
audioseal,5,ecc1,16,11,2048,chinese:SSB0342,2,113,mean,1,1,1,8,0.7273,4.5284,0.9988,32.87
audioseal,5,ecc1,16,11,2048,chinese:SSB0342,2,113,fwp,1,1,1,7,0.6364,4.5590,0.9990,34.35
audioseal,5,ecc1,16,11,2048,chinese:SSB0354,0,114,mean,1,1,1,10,0.9091,4.5751,0.9988,37.88
audioseal,5,ecc1,16,11,2048,chinese:SSB0354,0,114,fwp,1,1,1,10,0.9091,4.5430,0.9984,36.18
audioseal,5,ecc1,16,11,2048,chinese:SSB0354,1,115,mean,0,0,0,11,1.0000,4.5875,0.9992,39.88
audioseal,5,ecc1,16,11,2048,chinese:SSB0354,1,115,fwp,1,1,1,9,0.8182,4.5422,0.9982,35.64
audioseal,5,ecc1,16,11,2048,chinese:SSB0354,2,116,mean,1,1,1,9,0.8182,4.5898,0.9987,37.98
audioseal,5,ecc1,16,11,2048,chinese:SSB0354,2,116,fwp,1,1,1,9,0.8182,4.5448,0.9975,33.96
audioseal,5,ecc1,16,11,2048,chinese:SSB0366,0,117,mean,1,1,1,9,0.8182,4.5646,0.9989,29.66
audioseal,5,ecc1,16,11,2048,chinese:SSB0366,0,117,fwp,1,1,1,9,0.8182,4.5805,0.9993,31.63
audioseal,5,ecc1,16,11,2048,chinese:SSB0366,1,118,mean,1,1,1,8,0.7273,4.5570,0.9986,28.14
audioseal,5,ecc1,16,11,2048,chinese:SSB0366,1,118,fwp,1,1,1,9,0.8182,4.5789,0.9989,29.00
audioseal,5,ecc1,16,11,2048,chinese:SSB0366,2,119,mean,1,1,1,9,0.8182,4.5517,0.9986,31.90
audioseal,5,ecc1,16,11,2048,chinese:SSB0366,2,119,fwp,1,1,1,9,0.8182,4.4999,0.9979,28.82
audioseal,5,ecc1,16,11,2048,chinese:SSB0375,0,120,mean,1,1,1,10,0.9091,4.5980,0.9996,34.13
audioseal,5,ecc1,16,11,2048,chinese:SSB0375,0,120,fwp,1,1,0,9,0.8182,4.6018,0.9997,33.86
audioseal,5,ecc1,16,11,2048,chinese:SSB0375,1,121,mean,1,1,1,8,0.7273,4.5961,0.9995,33.55
audioseal,5,ecc1,16,11,2048,chinese:SSB0375,1,121,fwp,1,1,1,8,0.7273,4.5716,0.9991,31.09
audioseal,5,ecc1,16,11,2048,chinese:SSB0375,2,122,mean,0,0,0,8,0.7273,4.5761,0.9995,30.23
audioseal,5,ecc1,16,11,2048,chinese:SSB0375,2,122,fwp,1,1,1,7,0.6364,4.5827,0.9996,32.07
audioseal,5,ecc1,16,11,2048,chinese:SSB0379,0,123,mean,1,1,0,8,0.7273,4.5464,0.9994,30.05
audioseal,5,ecc1,16,11,2048,chinese:SSB0379,0,123,fwp,1,1,1,10,0.9091,4.5274,0.9992,28.13
audioseal,5,ecc1,16,11,2048,chinese:SSB0379,1,124,mean,1,1,1,10,0.9091,4.5609,0.9994,30.62
audioseal,5,ecc1,16,11,2048,chinese:SSB0379,1,124,fwp,1,1,1,6,0.5455,4.5692,0.9994,30.86
audioseal,5,ecc1,16,11,2048,chinese:SSB0379,2,125,mean,1,1,1,8,0.7273,4.6018,0.9997,34.12
audioseal,5,ecc1,16,11,2048,chinese:SSB0379,2,125,fwp,1,1,1,9,0.8182,4.5853,0.9996,32.46
audioseal,5,ecc1,16,11,2048,chinese:SSB0380,0,126,mean,1,1,1,10,0.9091,4.5501,0.9992,29.71
audioseal,5,ecc1,16,11,2048,chinese:SSB0380,0,126,fwp,1,1,1,8,0.7273,4.5159,0.9989,27.28
audioseal,5,ecc1,16,11,2048,chinese:SSB0380,1,127,mean,0,0,0,11,1.0000,4.5687,0.9994,30.04
audioseal,5,ecc1,16,11,2048,chinese:SSB0380,1,127,fwp,1,1,1,8,0.7273,4.5496,0.9992,27.88
audioseal,5,ecc1,16,11,2048,chinese:SSB0380,2,128,mean,0,0,0,9,0.8182,4.5578,0.9992,29.34
audioseal,5,ecc1,16,11,2048,chinese:SSB0380,2,128,fwp,1,1,1,8,0.7273,4.5038,0.9985,27.81
audioseal,5,ecc1,16,11,2048,chinese:SSB0382,0,129,mean,1,1,1,8,0.7273,4.5798,0.9997,30.27
audioseal,5,ecc1,16,11,2048,chinese:SSB0382,0,129,fwp,1,1,1,8,0.7273,4.5894,0.9997,31.93
audioseal,5,ecc1,16,11,2048,chinese:SSB0382,1,130,mean,1,1,0,8,0.7273,4.5583,0.9996,29.33
audioseal,5,ecc1,16,11,2048,chinese:SSB0382,1,130,fwp,1,0,0,9,0.8182,4.5709,0.9997,31.37
audioseal,5,ecc1,16,11,2048,chinese:SSB0382,2,131,mean,1,1,0,10,0.9091,4.5681,0.9996,32.75
audioseal,5,ecc1,16,11,2048,chinese:SSB0382,2,131,fwp,1,1,1,8,0.7273,4.5431,0.9994,30.55
audioseal,5,ecc1,16,11,2048,chinese:SSB0385,0,132,mean,1,1,1,8,0.7273,4.6048,0.9997,33.56
audioseal,5,ecc1,16,11,2048,chinese:SSB0385,0,132,fwp,1,1,1,9,0.8182,4.6097,0.9999,34.92
audioseal,5,ecc1,16,11,2048,chinese:SSB0385,1,133,mean,1,1,0,9,0.8182,4.5963,0.9997,32.37
audioseal,5,ecc1,16,11,2048,chinese:SSB0385,1,133,fwp,1,1,1,10,0.9091,4.5890,0.9996,31.64
audioseal,5,ecc1,16,11,2048,chinese:SSB0385,2,134,mean,1,1,1,9,0.8182,4.5841,0.9998,34.45
audioseal,5,ecc1,16,11,2048,chinese:SSB0385,2,134,fwp,1,1,1,8,0.7273,4.5503,0.9996,31.82
audioseal,5,ecc1,16,11,2048,chinese:SSB0393,0,135,mean,1,1,1,9,0.8182,4.5725,0.9990,34.49
audioseal,5,ecc1,16,11,2048,chinese:SSB0393,0,135,fwp,1,1,1,10,0.9091,4.5421,0.9985,32.55
audioseal,5,ecc1,16,11,2048,chinese:SSB0393,1,136,mean,1,1,1,7,0.6364,4.6008,0.9992,35.15
audioseal,5,ecc1,16,11,2048,chinese:SSB0393,1,136,fwp,1,1,1,7,0.6364,4.5957,0.9993,35.74
audioseal,5,ecc1,16,11,2048,chinese:SSB0393,2,137,mean,1,1,1,10,0.9091,4.5894,0.9987,34.54
audioseal,5,ecc1,16,11,2048,chinese:SSB0393,2,137,fwp,1,1,1,8,0.7273,4.5917,0.9990,36.66
audioseal,5,ecc1,16,11,2048,chinese:SSB0394,0,138,mean,1,1,1,9,0.8182,4.5872,0.9959,36.53
audioseal,5,ecc1,16,11,2048,chinese:SSB0394,0,138,fwp,1,1,1,11,1.0000,4.5658,0.9933,34.46
audioseal,5,ecc1,16,11,2048,chinese:SSB0394,1,139,mean,1,1,1,8,0.7273,4.5658,0.9954,32.55
audioseal,5,ecc1,16,11,2048,chinese:SSB0394,1,139,fwp,1,1,1,10,0.9091,4.5982,0.9968,33.94
audioseal,5,ecc1,16,11,2048,chinese:SSB0394,2,140,mean,1,1,1,9,0.8182,4.5760,0.9958,38.59
audioseal,5,ecc1,16,11,2048,chinese:SSB0394,2,140,fwp,1,1,1,9,0.8182,4.5490,0.9923,34.66
audioseal,5,ecc1,16,11,2048,chinese:SSB0395,0,141,mean,1,1,1,9,0.8182,4.5644,0.9950,32.39
audioseal,5,ecc1,16,11,2048,chinese:SSB0395,0,141,fwp,1,0,0,8,0.7273,4.5869,0.9970,33.29
audioseal,5,ecc1,16,11,2048,chinese:SSB0395,1,142,mean,1,1,1,8,0.7273,4.5839,0.9966,35.13
audioseal,5,ecc1,16,11,2048,chinese:SSB0395,1,142,fwp,1,1,1,7,0.6364,4.5410,0.9920,31.06
audioseal,5,ecc1,16,11,2048,chinese:SSB0395,2,143,mean,1,1,1,7,0.6364,4.5779,0.9943,33.28
audioseal,5,ecc1,16,11,2048,chinese:SSB0395,2,143,fwp,1,1,1,8,0.7273,4.5445,0.9917,31.27
audioseal,5,ecc1,16,11,2048,chinese:SSB0407,0,144,mean,1,1,1,9,0.8182,4.5950,0.9994,38.12
audioseal,5,ecc1,16,11,2048,chinese:SSB0407,0,144,fwp,1,1,1,8,0.7273,4.5589,0.9987,36.02
audioseal,5,ecc1,16,11,2048,chinese:SSB0407,1,145,mean,1,1,1,7,0.6364,4.5987,0.9994,39.61
audioseal,5,ecc1,16,11,2048,chinese:SSB0407,1,145,fwp,1,1,1,7,0.6364,4.5716,0.9990,37.39
audioseal,5,ecc1,16,11,2048,chinese:SSB0407,2,146,mean,1,1,1,9,0.8182,4.5618,0.9988,36.05
audioseal,5,ecc1,16,11,2048,chinese:SSB0407,2,146,fwp,1,1,1,8,0.7273,4.5472,0.9982,34.38
audioseal,5,ecc1,16,11,2048,chinese:SSB0415,0,147,mean,1,1,1,9,0.8182,4.6053,0.9985,35.62
audioseal,5,ecc1,16,11,2048,chinese:SSB0415,0,147,fwp,1,1,1,8,0.7273,4.6203,0.9988,34.71
audioseal,5,ecc1,16,11,2048,chinese:SSB0415,1,148,mean,1,0,0,7,0.6364,4.5963,0.9987,37.87
audioseal,5,ecc1,16,11,2048,chinese:SSB0415,1,148,fwp,1,1,1,7,0.6364,4.5847,0.9980,34.01
audioseal,5,ecc1,16,11,2048,chinese:SSB0415,2,149,mean,1,0,0,11,1.0000,4.5881,0.9986,36.38
audioseal,5,ecc1,16,11,2048,chinese:SSB0415,2,149,fwp,1,0,0,8,0.7273,4.5717,0.9979,34.01
audioseal,5,ecc1,16,11,2048,english:103,0,150,mean,1,1,1,8,0.7273,4.5834,0.9975,33.40
audioseal,5,ecc1,16,11,2048,english:103,0,150,fwp,1,1,1,8,0.7273,4.5455,0.9950,31.60
audioseal,5,ecc1,16,11,2048,english:103,1,151,mean,1,1,1,8,0.7273,4.5857,0.9965,33.34
audioseal,5,ecc1,16,11,2048,english:103,1,151,fwp,1,0,0,9,0.8182,4.5394,0.9938,30.83
audioseal,5,ecc1,16,11,2048,english:103,2,152,mean,1,1,1,9,0.8182,4.5684,0.9972,33.59
audioseal,5,ecc1,16,11,2048,english:103,2,152,fwp,1,0,0,9,0.8182,4.5308,0.9953,31.13
audioseal,5,ecc1,16,11,2048,english:1034,0,153,mean,1,1,1,8,0.7273,4.6139,0.9965,36.71
audioseal,5,ecc1,16,11,2048,english:1034,0,153,fwp,1,1,1,7,0.6364,4.6142,0.9967,36.69
audioseal,5,ecc1,16,11,2048,english:1034,1,154,mean,1,1,0,8,0.7273,4.6231,0.9965,37.25
audioseal,5,ecc1,16,11,2048,english:1034,1,154,fwp,1,1,1,8,0.7273,4.5882,0.9944,33.45
audioseal,5,ecc1,16,11,2048,english:1034,2,155,mean,1,1,1,8,0.7273,4.6258,0.9959,37.69
audioseal,5,ecc1,16,11,2048,english:1034,2,155,fwp,1,1,1,7,0.6364,4.6090,0.9935,33.82
audioseal,5,ecc1,16,11,2048,english:1040,0,156,mean,1,1,1,9,0.8182,4.5991,0.9994,35.73
audioseal,5,ecc1,16,11,2048,english:1040,0,156,fwp,1,0,0,10,0.9091,4.5912,0.9992,33.81
audioseal,5,ecc1,16,11,2048,english:1040,1,157,mean,1,1,1,9,0.8182,4.6108,0.9995,35.48
audioseal,5,ecc1,16,11,2048,english:1040,1,157,fwp,1,1,1,8,0.7273,4.5849,0.9990,32.20
audioseal,5,ecc1,16,11,2048,english:1040,2,158,mean,1,1,1,10,0.9091,4.6122,0.9995,35.88
audioseal,5,ecc1,16,11,2048,english:1040,2,158,fwp,1,1,1,7,0.6364,4.6212,0.9995,35.85
audioseal,5,ecc1,16,11,2048,english:1069,0,159,mean,1,1,1,8,0.7273,4.6118,0.9998,35.00
audioseal,5,ecc1,16,11,2048,english:1069,0,159,fwp,1,1,0,8,0.7273,4.6180,0.9998,34.61
audioseal,5,ecc1,16,11,2048,english:1069,1,160,mean,0,0,0,11,1.0000,4.6006,0.9997,34.40
audioseal,5,ecc1,16,11,2048,english:1069,1,160,fwp,1,1,1,8,0.7273,4.6114,0.9998,36.54
audioseal,5,ecc1,16,11,2048,english:1069,2,161,mean,1,1,1,8,0.7273,4.5953,0.9997,32.15
audioseal,5,ecc1,16,11,2048,english:1069,2,161,fwp,1,1,1,8,0.7273,4.6122,0.9998,34.59
audioseal,5,ecc1,16,11,2048,english:1081,0,162,mean,0,0,0,11,1.0000,4.6010,0.9996,37.98
audioseal,5,ecc1,16,11,2048,english:1081,0,162,fwp,1,1,1,8,0.7273,4.6225,0.9998,39.27
audioseal,5,ecc1,16,11,2048,english:1081,1,163,mean,1,0,0,10,0.9091,4.6206,0.9997,40.11
audioseal,5,ecc1,16,11,2048,english:1081,1,163,fwp,1,1,1,9,0.8182,4.6164,0.9998,41.82
audioseal,5,ecc1,16,11,2048,english:1081,2,164,mean,1,1,1,9,0.8182,4.6228,0.9998,40.49
audioseal,5,ecc1,16,11,2048,english:1081,2,164,fwp,1,1,1,7,0.6364,4.6246,0.9998,40.39
audioseal,5,ecc1,16,11,2048,english:1088,0,165,mean,1,1,1,8,0.7273,4.6078,0.9997,39.16
audioseal,5,ecc1,16,11,2048,english:1088,0,165,fwp,1,1,1,8,0.7273,4.5726,0.9994,36.15
audioseal,5,ecc1,16,11,2048,english:1088,1,166,mean,1,1,1,8,0.7273,4.6033,0.9997,39.98
audioseal,5,ecc1,16,11,2048,english:1088,1,166,fwp,1,1,1,8,0.7273,4.5794,0.9996,37.87
audioseal,5,ecc1,16,11,2048,english:1088,2,167,mean,1,1,0,10,0.9091,4.6211,0.9998,42.30
audioseal,5,ecc1,16,11,2048,english:1088,2,167,fwp,1,1,0,9,0.8182,4.5919,0.9995,38.28
audioseal,5,ecc1,16,11,2048,english:1098,0,168,mean,1,0,0,11,1.0000,4.6061,0.9998,40.28
audioseal,5,ecc1,16,11,2048,english:1098,0,168,fwp,1,1,1,10,0.9091,4.5904,0.9998,38.07
audioseal,5,ecc1,16,11,2048,english:1098,1,169,mean,1,1,1,9,0.8182,4.5873,0.9997,37.64
audioseal,5,ecc1,16,11,2048,english:1098,1,169,fwp,1,1,1,10,0.9091,4.5916,0.9998,38.89
audioseal,5,ecc1,16,11,2048,english:1098,2,170,mean,1,0,0,9,0.8182,4.5843,0.9997,38.53
audioseal,5,ecc1,16,11,2048,english:1098,2,170,fwp,1,1,1,9,0.8182,4.6087,0.9998,40.74
audioseal,5,ecc1,16,11,2048,english:1116,0,171,mean,1,0,0,9,0.8182,4.5688,0.9993,31.74
audioseal,5,ecc1,16,11,2048,english:1116,0,171,fwp,1,1,1,9,0.8182,4.5965,0.9996,33.74
audioseal,5,ecc1,16,11,2048,english:1116,1,172,mean,1,1,1,10,0.9091,4.5768,0.9994,31.80
audioseal,5,ecc1,16,11,2048,english:1116,1,172,fwp,1,1,1,8,0.7273,4.5924,0.9995,32.95
audioseal,5,ecc1,16,11,2048,english:1116,2,173,mean,0,0,0,10,0.9091,4.6120,0.9998,35.08
audioseal,5,ecc1,16,11,2048,english:1116,2,173,fwp,1,1,1,8,0.7273,4.6006,0.9996,32.50
audioseal,5,ecc1,16,11,2048,english:118,0,174,mean,0,0,0,11,1.0000,4.5872,0.9982,35.51
audioseal,5,ecc1,16,11,2048,english:118,0,174,fwp,0,0,0,9,0.8182,4.5732,0.9973,33.56
audioseal,5,ecc1,16,11,2048,english:118,1,175,mean,1,1,1,8,0.7273,4.5843,0.9982,36.21
audioseal,5,ecc1,16,11,2048,english:118,1,175,fwp,1,1,1,8,0.7273,4.5997,0.9985,36.85
audioseal,5,ecc1,16,11,2048,english:118,2,176,mean,1,1,1,9,0.8182,4.5971,0.9986,35.11
audioseal,5,ecc1,16,11,2048,english:118,2,176,fwp,1,1,0,8,0.7273,4.5796,0.9980,34.39
audioseal,5,ecc1,16,11,2048,english:1183,0,177,mean,1,1,1,10,0.9091,4.5972,0.9996,34.09
audioseal,5,ecc1,16,11,2048,english:1183,0,177,fwp,1,1,1,9,0.8182,4.6106,0.9996,32.93
audioseal,5,ecc1,16,11,2048,english:1183,1,178,mean,1,0,0,8,0.7273,4.5677,0.9995,32.05
audioseal,5,ecc1,16,11,2048,english:1183,1,178,fwp,1,1,1,7,0.6364,4.5725,0.9995,31.83
audioseal,5,ecc1,16,11,2048,english:1183,2,179,mean,1,0,0,9,0.8182,4.6136,0.9997,35.71
audioseal,5,ecc1,16,11,2048,english:1183,2,179,fwp,1,1,1,8,0.7273,4.5695,0.9994,33.11
audioseal,5,ecc1,16,11,2048,english:1235,0,180,mean,1,1,1,10,0.9091,4.5826,0.9964,33.19
audioseal,5,ecc1,16,11,2048,english:1235,0,180,fwp,1,1,1,9,0.8182,4.5922,0.9971,33.72
audioseal,5,ecc1,16,11,2048,english:1235,1,181,mean,1,1,1,10,0.9091,4.5801,0.9962,33.10
audioseal,5,ecc1,16,11,2048,english:1235,1,181,fwp,1,1,1,7,0.6364,4.5446,0.9928,31.25
audioseal,5,ecc1,16,11,2048,english:1235,2,182,mean,1,1,1,10,0.9091,4.5613,0.9959,32.18
audioseal,5,ecc1,16,11,2048,english:1235,2,182,fwp,1,1,1,7,0.6364,4.5394,0.9947,30.82
audioseal,5,ecc1,16,11,2048,english:1246,0,183,mean,1,1,1,9,0.8182,4.5715,0.9994,34.37
audioseal,5,ecc1,16,11,2048,english:1246,0,183,fwp,1,1,1,8,0.7273,4.5555,0.9989,32.59
audioseal,5,ecc1,16,11,2048,english:1246,1,184,mean,1,1,1,9,0.8182,4.5761,0.9992,31.89
audioseal,5,ecc1,16,11,2048,english:1246,1,184,fwp,1,1,1,7,0.6364,4.5866,0.9995,33.78
audioseal,5,ecc1,16,11,2048,english:1246,2,185,mean,1,1,1,9,0.8182,4.5857,0.9994,33.15
audioseal,5,ecc1,16,11,2048,english:1246,2,185,fwp,1,1,1,8,0.7273,4.5591,0.9988,31.01
audioseal,5,ecc1,16,11,2048,english:125,0,186,mean,1,1,1,9,0.8182,4.5552,0.9975,30.10
audioseal,5,ecc1,16,11,2048,english:125,0,186,fwp,1,1,1,7,0.6364,4.5859,0.9980,31.47
audioseal,5,ecc1,16,11,2048,english:125,1,187,mean,1,0,0,9,0.8182,4.6019,0.9984,34.75
audioseal,5,ecc1,16,11,2048,english:125,1,187,fwp,1,1,1,8,0.7273,4.5731,0.9967,31.56
audioseal,5,ecc1,16,11,2048,english:125,2,188,mean,1,1,1,7,0.6364,4.6086,0.9979,32.38
audioseal,5,ecc1,16,11,2048,english:125,2,188,fwp,1,1,0,8,0.7273,4.5851,0.9960,30.10
audioseal,5,ecc1,16,11,2048,english:1263,0,189,mean,1,1,1,7,0.6364,4.5817,0.9996,33.44
audioseal,5,ecc1,16,11,2048,english:1263,0,189,fwp,1,1,1,8,0.7273,4.5788,0.9997,33.47
audioseal,5,ecc1,16,11,2048,english:1263,1,190,mean,1,1,1,9,0.8182,4.5845,0.9996,31.86
audioseal,5,ecc1,16,11,2048,english:1263,1,190,fwp,1,1,1,10,0.9091,4.5898,0.9995,31.85
audioseal,5,ecc1,16,11,2048,english:1263,2,191,mean,1,1,1,8,0.7273,4.5874,0.9997,33.73
audioseal,5,ecc1,16,11,2048,english:1263,2,191,fwp,1,1,1,8,0.7273,4.5735,0.9997,33.09
audioseal,5,ecc1,16,11,2048,english:1334,0,192,mean,1,0,0,9,0.8182,4.6148,0.9986,35.66
audioseal,5,ecc1,16,11,2048,english:1334,0,192,fwp,0,0,0,11,1.0000,4.6179,0.9989,35.02
audioseal,5,ecc1,16,11,2048,english:1334,1,193,mean,1,1,1,9,0.8182,4.6187,0.9987,38.10
audioseal,5,ecc1,16,11,2048,english:1334,1,193,fwp,1,1,1,9,0.8182,4.5835,0.9971,33.52
audioseal,5,ecc1,16,11,2048,english:1334,2,194,mean,1,1,1,8,0.7273,4.5876,0.9982,34.23
audioseal,5,ecc1,16,11,2048,english:1334,2,194,fwp,1,1,1,6,0.5455,4.5825,0.9973,32.73
audioseal,5,ecc1,16,11,2048,english:1355,0,195,mean,1,1,1,8,0.7273,4.6077,0.9996,38.62
audioseal,5,ecc1,16,11,2048,english:1355,0,195,fwp,1,1,1,8,0.7273,4.5901,0.9992,35.54
audioseal,5,ecc1,16,11,2048,english:1355,1,196,mean,0,0,0,11,1.0000,4.6038,0.9997,39.58
audioseal,5,ecc1,16,11,2048,english:1355,1,196,fwp,1,1,1,6,0.5455,4.5706,0.9994,36.36
audioseal,5,ecc1,16,11,2048,english:1355,2,197,mean,1,1,1,8,0.7273,4.6048,0.9997,39.42
audioseal,5,ecc1,16,11,2048,english:1355,2,197,fwp,1,1,1,8,0.7273,4.6123,0.9997,38.38
audioseal,5,ecc1,16,11,2048,english:1363,0,198,mean,1,1,1,8,0.7273,4.6106,0.9979,41.08
audioseal,5,ecc1,16,11,2048,english:1363,0,198,fwp,1,1,0,9,0.8182,4.5822,0.9967,36.98
audioseal,5,ecc1,16,11,2048,english:1363,1,199,mean,1,1,1,9,0.8182,4.6111,0.9984,40.68
audioseal,5,ecc1,16,11,2048,english:1363,1,199,fwp,1,1,1,9,0.8182,4.5829,0.9969,37.94
audioseal,5,ecc1,16,11,2048,english:1363,2,200,mean,1,1,0,9,0.8182,4.5976,0.9978,37.54
audioseal,5,ecc1,16,11,2048,english:1363,2,200,fwp,1,1,1,10,0.9091,4.5922,0.9982,36.82
audioseal,5,ecc1,16,11,2048,english:1447,0,201,mean,1,1,1,9,0.8182,4.5496,0.9923,32.15
audioseal,5,ecc1,16,11,2048,english:1447,0,201,fwp,1,1,1,8,0.7273,4.5686,0.9943,33.74
audioseal,5,ecc1,16,11,2048,english:1447,1,202,mean,0,0,0,11,1.0000,4.5888,0.9966,34.21
audioseal,5,ecc1,16,11,2048,english:1447,1,202,fwp,1,1,1,9,0.8182,4.5655,0.9948,32.84
audioseal,5,ecc1,16,11,2048,english:1447,2,203,mean,0,0,0,11,1.0000,4.5712,0.9948,33.53
audioseal,5,ecc1,16,11,2048,english:1447,2,203,fwp,1,1,0,8,0.7273,4.5494,0.9920,32.09
audioseal,5,ecc1,16,11,2048,english:1455,0,204,mean,0,0,0,11,1.0000,4.6108,0.9995,35.69
audioseal,5,ecc1,16,11,2048,english:1455,0,204,fwp,1,1,1,8,0.7273,4.5554,0.9987,31.54
audioseal,5,ecc1,16,11,2048,english:1455,1,205,mean,1,1,1,8,0.7273,4.5970,0.9995,35.79
audioseal,5,ecc1,16,11,2048,english:1455,1,205,fwp,1,1,0,8,0.7273,4.5489,0.9986,31.79
audioseal,5,ecc1,16,11,2048,english:1455,2,206,mean,1,1,1,8,0.7273,4.5300,0.9987,31.76
audioseal,5,ecc1,16,11,2048,english:1455,2,206,fwp,1,1,1,8,0.7273,4.5751,0.9991,33.71
audioseal,5,ecc1,16,11,2048,english:150,0,207,mean,1,0,0,11,1.0000,4.6062,0.9992,33.77
audioseal,5,ecc1,16,11,2048,english:150,0,207,fwp,1,1,1,9,0.8182,4.6153,0.9993,35.04
audioseal,5,ecc1,16,11,2048,english:150,1,208,mean,0,0,0,8,0.7273,4.5639,0.9984,31.51
audioseal,5,ecc1,16,11,2048,english:150,1,208,fwp,1,1,1,9,0.8182,4.6046,0.9992,34.23
audioseal,5,ecc1,16,11,2048,english:150,2,209,mean,1,1,1,9,0.8182,4.5908,0.9990,34.05
audioseal,5,ecc1,16,11,2048,english:150,2,209,fwp,1,1,1,10,0.9091,4.6033,0.9991,34.12
audioseal,5,ecc1,16,11,2048,english:1502,0,210,mean,1,1,1,7,0.6364,4.5880,0.9984,38.60
audioseal,5,ecc1,16,11,2048,english:1502,0,210,fwp,1,1,1,7,0.6364,4.5648,0.9966,36.41
audioseal,5,ecc1,16,11,2048,english:1502,1,211,mean,1,1,1,10,0.9091,4.5711,0.9974,35.87
audioseal,5,ecc1,16,11,2048,english:1502,1,211,fwp,1,0,0,9,0.8182,4.5812,0.9977,37.29
audioseal,5,ecc1,16,11,2048,english:1502,2,212,mean,1,1,1,8,0.7273,4.5936,0.9975,37.87
audioseal,5,ecc1,16,11,2048,english:1502,2,212,fwp,1,1,1,7,0.6364,4.5618,0.9960,35.44
audioseal,5,ecc1,16,11,2048,english:1553,0,213,mean,1,1,1,9,0.8182,4.5726,0.9993,33.10
audioseal,5,ecc1,16,11,2048,english:1553,0,213,fwp,1,1,1,8,0.7273,4.5895,0.9995,33.88
audioseal,5,ecc1,16,11,2048,english:1553,1,214,mean,1,1,1,8,0.7273,4.5970,0.9995,36.02
audioseal,5,ecc1,16,11,2048,english:1553,1,214,fwp,1,0,0,8,0.7273,4.5773,0.9993,33.75
audioseal,5,ecc1,16,11,2048,english:1553,2,215,mean,1,1,1,9,0.8182,4.5859,0.9995,36.59
audioseal,5,ecc1,16,11,2048,english:1553,2,215,fwp,1,1,1,8,0.7273,4.5965,0.9995,37.12
audioseal,5,ecc1,16,11,2048,english:1578,0,216,mean,1,1,1,8,0.7273,4.5864,0.9982,36.09
audioseal,5,ecc1,16,11,2048,english:1578,0,216,fwp,1,1,1,9,0.8182,4.5832,0.9982,36.04
audioseal,5,ecc1,16,11,2048,english:1578,1,217,mean,1,1,1,9,0.8182,4.5970,0.9980,35.93
audioseal,5,ecc1,16,11,2048,english:1578,1,217,fwp,1,1,1,6,0.5455,4.5739,0.9972,34.07
audioseal,5,ecc1,16,11,2048,english:1578,2,218,mean,0,0,0,11,1.0000,4.6094,0.9990,38.87
audioseal,5,ecc1,16,11,2048,english:1578,2,218,fwp,1,1,1,7,0.6364,4.5899,0.9979,35.30
audioseal,5,ecc1,16,11,2048,english:1594,0,219,mean,1,1,1,9,0.8182,4.5791,0.9993,31.42
audioseal,5,ecc1,16,11,2048,english:1594,0,219,fwp,1,1,1,9,0.8182,4.5598,0.9989,29.07
audioseal,5,ecc1,16,11,2048,english:1594,1,220,mean,1,1,1,8,0.7273,4.5775,0.9994,30.57
audioseal,5,ecc1,16,11,2048,english:1594,1,220,fwp,0,0,0,8,0.7273,4.5463,0.9989,28.32
audioseal,5,ecc1,16,11,2048,english:1594,2,221,mean,1,1,0,9,0.8182,4.5870,0.9993,28.73
audioseal,5,ecc1,16,11,2048,english:1594,2,221,fwp,1,0,0,10,0.9091,4.5917,0.9995,30.88
audioseal,5,ecc1,16,11,2048,english:1624,0,222,mean,1,1,1,9,0.8182,4.5854,0.9993,35.91
audioseal,5,ecc1,16,11,2048,english:1624,0,222,fwp,1,1,1,8,0.7273,4.5583,0.9986,34.27
audioseal,5,ecc1,16,11,2048,english:1624,1,223,mean,1,0,0,10,0.9091,4.5915,0.9995,37.19
audioseal,5,ecc1,16,11,2048,english:1624,1,223,fwp,1,1,0,9,0.8182,4.6048,0.9996,36.74
audioseal,5,ecc1,16,11,2048,english:1624,2,224,mean,1,1,0,8,0.7273,4.5963,0.9993,34.85
audioseal,5,ecc1,16,11,2048,english:1624,2,224,fwp,1,1,1,9,0.8182,4.5658,0.9986,32.64
audioseal,5,ecc1,16,11,2048,english:163,0,225,mean,0,0,0,11,1.0000,4.6036,0.9979,38.86
audioseal,5,ecc1,16,11,2048,english:163,0,225,fwp,1,0,0,11,1.0000,4.5931,0.9975,38.22
audioseal,5,ecc1,16,11,2048,english:163,1,226,mean,1,1,0,8,0.7273,4.6164,0.9990,40.91
audioseal,5,ecc1,16,11,2048,english:163,1,226,fwp,1,1,0,8,0.7273,4.6174,0.9989,40.35
audioseal,5,ecc1,16,11,2048,english:163,2,227,mean,1,1,0,9,0.8182,4.5764,0.9980,38.24
audioseal,5,ecc1,16,11,2048,english:163,2,227,fwp,1,1,1,8,0.7273,4.5634,0.9976,37.19
audioseal,5,ecc1,16,11,2048,english:1723,0,228,mean,1,1,1,9,0.8182,4.6058,0.9987,35.51
audioseal,5,ecc1,16,11,2048,english:1723,0,228,fwp,1,1,1,9,0.8182,4.6088,0.9991,35.11
audioseal,5,ecc1,16,11,2048,english:1723,1,229,mean,1,1,1,9,0.8182,4.5938,0.9985,35.26
audioseal,5,ecc1,16,11,2048,english:1723,1,229,fwp,1,1,1,8,0.7273,4.5936,0.9987,35.52
audioseal,5,ecc1,16,11,2048,english:1723,2,230,mean,1,1,1,9,0.8182,4.5772,0.9979,33.65
audioseal,5,ecc1,16,11,2048,english:1723,2,230,fwp,1,1,1,9,0.8182,4.5983,0.9984,35.08
audioseal,5,ecc1,16,11,2048,english:1737,0,231,mean,1,1,0,9,0.8182,4.5931,0.9993,36.40
audioseal,5,ecc1,16,11,2048,english:1737,0,231,fwp,0,0,0,11,1.0000,4.5631,0.9988,33.02
audioseal,5,ecc1,16,11,2048,english:1737,1,232,mean,1,1,0,9,0.8182,4.5730,0.9989,33.04
audioseal,5,ecc1,16,11,2048,english:1737,1,232,fwp,1,1,1,9,0.8182,4.5684,0.9992,34.40
audioseal,5,ecc1,16,11,2048,english:1737,2,233,mean,1,1,1,7,0.6364,4.5827,0.9991,32.95
audioseal,5,ecc1,16,11,2048,english:1737,2,233,fwp,1,1,1,8,0.7273,4.6081,0.9993,34.53
audioseal,5,ecc1,16,11,2048,english:1743,0,234,mean,1,1,1,8,0.7273,4.6030,0.9998,34.76
audioseal,5,ecc1,16,11,2048,english:1743,0,234,fwp,1,1,1,8,0.7273,4.5987,0.9998,33.73
audioseal,5,ecc1,16,11,2048,english:1743,1,235,mean,1,1,1,9,0.8182,4.5952,0.9998,34.09
audioseal,5,ecc1,16,11,2048,english:1743,1,235,fwp,1,1,1,8,0.7273,4.5973,0.9998,34.05
audioseal,5,ecc1,16,11,2048,english:1743,2,236,mean,1,1,1,9,0.8182,4.6174,0.9999,37.15
audioseal,5,ecc1,16,11,2048,english:1743,2,236,fwp,1,1,1,8,0.7273,4.5999,0.9998,35.07
audioseal,5,ecc1,16,11,2048,english:1841,0,237,mean,1,1,1,8,0.7273,4.5981,0.9998,36.80
audioseal,5,ecc1,16,11,2048,english:1841,0,237,fwp,1,1,1,8,0.7273,4.5834,0.9996,33.20
audioseal,5,ecc1,16,11,2048,english:1841,1,238,mean,1,0,0,10,0.9091,4.5942,0.9998,34.34
audioseal,5,ecc1,16,11,2048,english:1841,1,238,fwp,1,1,1,10,0.9091,4.5718,0.9997,32.71
audioseal,5,ecc1,16,11,2048,english:1841,2,239,mean,1,1,1,8,0.7273,4.6001,0.9998,36.58
audioseal,5,ecc1,16,11,2048,english:1841,2,239,fwp,1,1,1,8,0.7273,4.5761,0.9996,32.95
audioseal,5,ecc1,16,11,2048,english:1867,0,240,mean,1,1,1,8,0.7273,4.5924,0.9998,31.35
audioseal,5,ecc1,16,11,2048,english:1867,0,240,fwp,1,1,1,8,0.7273,4.6086,0.9999,32.17
audioseal,5,ecc1,16,11,2048,english:1867,1,241,mean,1,1,1,9,0.8182,4.5738,0.9998,29.88
audioseal,5,ecc1,16,11,2048,english:1867,1,241,fwp,1,1,1,9,0.8182,4.6111,0.9999,30.54
audioseal,5,ecc1,16,11,2048,english:1867,2,242,mean,1,1,1,10,0.9091,4.6023,0.9999,34.23
audioseal,5,ecc1,16,11,2048,english:1867,2,242,fwp,1,1,1,8,0.7273,4.5811,0.9998,30.55
audioseal,5,ecc1,16,11,2048,english:1898,0,243,mean,1,0,0,8,0.7273,4.5854,0.9987,33.28
audioseal,5,ecc1,16,11,2048,english:1898,0,243,fwp,1,0,0,11,1.0000,4.5961,0.9990,34.74
audioseal,5,ecc1,16,11,2048,english:1898,1,244,mean,1,1,1,9,0.8182,4.5758,0.9984,33.43
audioseal,5,ecc1,16,11,2048,english:1898,1,244,fwp,1,1,1,8,0.7273,4.5736,0.9984,33.07
audioseal,5,ecc1,16,11,2048,english:1898,2,245,mean,1,1,0,8,0.7273,4.5776,0.9990,33.47
audioseal,5,ecc1,16,11,2048,english:1898,2,245,fwp,1,1,1,7,0.6364,4.5798,0.9987,34.36
audioseal,5,ecc1,16,11,2048,english:19,0,246,mean,1,1,1,7,0.6364,4.5975,0.9961,38.71
audioseal,5,ecc1,16,11,2048,english:19,0,246,fwp,1,1,1,8,0.7273,4.5735,0.9930,37.01
audioseal,5,ecc1,16,11,2048,english:19,1,247,mean,1,0,0,8,0.7273,4.6147,0.9978,39.86
audioseal,5,ecc1,16,11,2048,english:19,1,247,fwp,1,1,1,9,0.8182,4.5950,0.9957,37.73
audioseal,5,ecc1,16,11,2048,english:19,2,248,mean,1,1,1,7,0.6364,4.5986,0.9965,37.15
audioseal,5,ecc1,16,11,2048,english:19,2,248,fwp,1,1,1,9,0.8182,4.6084,0.9966,37.82
audioseal,5,ecc1,16,11,2048,english:1926,0,249,mean,1,1,1,8,0.7273,4.5843,0.9996,35.32
audioseal,5,ecc1,16,11,2048,english:1926,0,249,fwp,1,1,1,8,0.7273,4.6107,0.9997,34.96
audioseal,5,ecc1,16,11,2048,english:1926,1,250,mean,1,1,1,9,0.8182,4.5974,0.9995,31.50
audioseal,5,ecc1,16,11,2048,english:1926,1,250,fwp,1,1,1,10,0.9091,4.6064,0.9996,33.85
audioseal,5,ecc1,16,11,2048,english:1926,2,251,mean,1,1,1,8,0.7273,4.5883,0.9996,36.24
audioseal,5,ecc1,16,11,2048,english:1926,2,251,fwp,1,1,1,9,0.8182,4.5867,0.9995,34.82
audioseal,5,ecc1,16,11,2048,english:196,0,252,mean,1,1,1,8,0.7273,4.5979,0.9995,37.29
audioseal,5,ecc1,16,11,2048,english:196,0,252,fwp,1,1,1,8,0.7273,4.5749,0.9993,34.75
audioseal,5,ecc1,16,11,2048,english:196,1,253,mean,1,1,1,7,0.6364,4.5909,0.9994,36.22
audioseal,5,ecc1,16,11,2048,english:196,1,253,fwp,1,1,1,9,0.8182,4.5709,0.9989,32.60
audioseal,5,ecc1,16,11,2048,english:196,2,254,mean,1,1,1,9,0.8182,4.6022,0.9996,35.82
audioseal,5,ecc1,16,11,2048,english:196,2,254,fwp,1,1,1,6,0.5455,4.5968,0.9995,34.97
audioseal,5,ecc1,16,11,2048,english:1963,0,255,mean,1,1,1,9,0.8182,4.6265,1.0000,42.05
audioseal,5,ecc1,16,11,2048,english:1963,0,255,fwp,1,0,0,8,0.7273,4.6180,0.9999,38.92
audioseal,5,ecc1,16,11,2048,english:1963,1,256,mean,1,1,1,9,0.8182,4.6252,1.0000,42.60
audioseal,5,ecc1,16,11,2048,english:1963,1,256,fwp,1,1,1,9,0.8182,4.6162,1.0000,39.95
audioseal,5,ecc1,16,11,2048,english:1963,2,257,mean,1,1,1,10,0.9091,4.6160,0.9999,36.92
audioseal,5,ecc1,16,11,2048,english:1963,2,257,fwp,1,1,1,8,0.7273,4.6157,1.0000,38.35
audioseal,5,ecc1,16,11,2048,english:1970,0,258,mean,1,1,1,9,0.8182,4.5940,0.9983,38.21
audioseal,5,ecc1,16,11,2048,english:1970,0,258,fwp,1,1,1,8,0.7273,4.5641,0.9966,34.42
audioseal,5,ecc1,16,11,2048,english:1970,1,259,mean,1,1,1,10,0.9091,4.6056,0.9983,38.33
audioseal,5,ecc1,16,11,2048,english:1970,1,259,fwp,0,0,0,11,1.0000,4.5682,0.9970,33.75
audioseal,5,ecc1,16,11,2048,english:1970,2,260,mean,1,1,1,10,0.9091,4.6087,0.9987,35.78
audioseal,5,ecc1,16,11,2048,english:1970,2,260,fwp,1,0,0,9,0.8182,4.6194,0.9994,37.84
audioseal,5,ecc1,16,11,2048,english:198,0,261,mean,1,1,1,9,0.8182,4.5630,0.9994,32.73
audioseal,5,ecc1,16,11,2048,english:198,0,261,fwp,1,1,1,8,0.7273,4.5353,0.9990,30.54
audioseal,5,ecc1,16,11,2048,english:198,1,262,mean,0,0,0,11,1.0000,4.5621,0.9993,32.56
audioseal,5,ecc1,16,11,2048,english:198,1,262,fwp,1,1,1,9,0.8182,4.5351,0.9989,30.88
audioseal,5,ecc1,16,11,2048,english:198,2,263,mean,0,0,0,11,1.0000,4.5811,0.9994,33.91
audioseal,5,ecc1,16,11,2048,english:198,2,263,fwp,1,1,1,7,0.6364,4.5570,0.9991,31.73
audioseal,5,ecc1,16,11,2048,english:1992,0,264,mean,1,1,1,8,0.7273,4.5427,0.9984,36.09
audioseal,5,ecc1,16,11,2048,english:1992,0,264,fwp,1,1,1,9,0.8182,4.5281,0.9979,34.85
audioseal,5,ecc1,16,11,2048,english:1992,1,265,mean,1,1,1,8,0.7273,4.5842,0.9989,37.40
audioseal,5,ecc1,16,11,2048,english:1992,1,265,fwp,1,1,1,8,0.7273,4.6017,0.9993,39.18
audioseal,5,ecc1,16,11,2048,english:1992,2,266,mean,1,0,0,8,0.7273,4.5945,0.9995,41.56
audioseal,5,ecc1,16,11,2048,english:1992,2,266,fwp,1,1,1,7,0.6364,4.5613,0.9987,37.20
audioseal,5,ecc1,16,11,2048,english:200,0,267,mean,1,1,1,7,0.6364,4.5692,0.9991,35.59
audioseal,5,ecc1,16,11,2048,english:200,0,267,fwp,1,1,1,7,0.6364,4.5835,0.9992,37.08
audioseal,5,ecc1,16,11,2048,english:200,1,268,mean,1,1,1,8,0.7273,4.5648,0.9992,36.87
audioseal,5,ecc1,16,11,2048,english:200,1,268,fwp,1,1,1,9,0.8182,4.5388,0.9987,34.65
audioseal,5,ecc1,16,11,2048,english:200,2,269,mean,1,1,1,9,0.8182,4.5820,0.9992,37.57
audioseal,5,ecc1,16,11,2048,english:200,2,269,fwp,1,1,1,7,0.6364,4.5491,0.9987,35.23
audioseal,5,ecc1,16,11,2048,english:2002,0,270,mean,1,1,1,10,0.9091,4.6151,0.9998,39.22
audioseal,5,ecc1,16,11,2048,english:2002,0,270,fwp,1,1,1,7,0.6364,4.5823,0.9996,35.09
audioseal,5,ecc1,16,11,2048,english:2002,1,271,mean,1,1,1,9,0.8182,4.6160,0.9997,38.03
audioseal,5,ecc1,16,11,2048,english:2002,1,271,fwp,1,1,1,8,0.7273,4.5851,0.9995,34.20
audioseal,5,ecc1,16,11,2048,english:2002,2,272,mean,1,1,1,9,0.8182,4.5930,0.9997,37.95
audioseal,5,ecc1,16,11,2048,english:2002,2,272,fwp,1,1,1,10,0.9091,4.5719,0.9996,35.08
audioseal,5,ecc1,16,11,2048,english:2007,0,273,mean,1,1,1,8,0.7273,4.5762,0.9997,31.83
audioseal,5,ecc1,16,11,2048,english:2007,0,273,fwp,0,0,0,9,0.8182,4.5814,0.9998,32.80
audioseal,5,ecc1,16,11,2048,english:2007,1,274,mean,1,0,0,9,0.8182,4.5642,0.9994,30.21
audioseal,5,ecc1,16,11,2048,english:2007,1,274,fwp,1,1,1,8,0.7273,4.5839,0.9996,31.21
audioseal,5,ecc1,16,11,2048,english:2007,2,275,mean,1,0,0,9,0.8182,4.6007,0.9995,36.17
audioseal,5,ecc1,16,11,2048,english:2007,2,275,fwp,1,1,1,7,0.6364,4.5738,0.9993,33.37
audioseal,5,ecc1,16,11,2048,english:201,0,276,mean,1,1,1,9,0.8182,4.5908,0.9997,31.91
audioseal,5,ecc1,16,11,2048,english:201,0,276,fwp,1,1,1,8,0.7273,4.5713,0.9995,30.08
audioseal,5,ecc1,16,11,2048,english:201,1,277,mean,1,1,1,9,0.8182,4.5950,0.9997,33.24
audioseal,5,ecc1,16,11,2048,english:201,1,277,fwp,1,1,1,8,0.7273,4.5809,0.9996,31.85
audioseal,5,ecc1,16,11,2048,english:201,2,278,mean,1,1,1,8,0.7273,4.6089,0.9998,36.61
audioseal,5,ecc1,16,11,2048,english:201,2,278,fwp,1,1,1,8,0.7273,4.5878,0.9996,34.40
audioseal,5,ecc1,16,11,2048,english:2092,0,279,mean,1,1,1,8,0.7273,4.5908,0.9896,36.16
audioseal,5,ecc1,16,11,2048,english:2092,0,279,fwp,1,1,1,9,0.8182,4.5987,0.9927,36.91
audioseal,5,ecc1,16,11,2048,english:2092,1,280,mean,1,1,1,10,0.9091,4.5982,0.9900,38.58
audioseal,5,ecc1,16,11,2048,english:2092,1,280,fwp,1,1,1,8,0.7273,4.5693,0.9820,35.04
audioseal,5,ecc1,16,11,2048,english:2092,2,281,mean,1,1,1,8,0.7273,4.6020,0.9934,36.30
audioseal,5,ecc1,16,11,2048,english:2092,2,281,fwp,1,1,1,9,0.8182,4.5819,0.9892,34.49
audioseal,5,ecc1,16,11,2048,english:211,0,282,mean,1,1,1,10,0.9091,4.5984,0.9990,36.08
audioseal,5,ecc1,16,11,2048,english:211,0,282,fwp,1,1,1,9,0.8182,4.5667,0.9986,33.84
audioseal,5,ecc1,16,11,2048,english:211,1,283,mean,0,0,0,11,1.0000,4.5930,0.9989,36.86
audioseal,5,ecc1,16,11,2048,english:211,1,283,fwp,1,1,1,8,0.7273,4.5761,0.9985,35.20
audioseal,5,ecc1,16,11,2048,english:211,2,284,mean,1,1,1,8,0.7273,4.5809,0.9987,36.68
audioseal,5,ecc1,16,11,2048,english:211,2,284,fwp,1,1,1,10,0.9091,4.5708,0.9982,34.84
audioseal,5,ecc1,16,11,2048,english:2136,0,285,mean,1,1,1,9,0.8182,4.5994,0.9997,37.02
audioseal,5,ecc1,16,11,2048,english:2136,0,285,fwp,1,1,1,8,0.7273,4.6206,0.9999,37.66
audioseal,5,ecc1,16,11,2048,english:2136,1,286,mean,1,1,1,9,0.8182,4.6024,0.9996,33.37
audioseal,5,ecc1,16,11,2048,english:2136,1,286,fwp,1,1,0,8,0.7273,4.6066,0.9997,34.61
audioseal,5,ecc1,16,11,2048,english:2136,2,287,mean,1,0,0,8,0.7273,4.6148,0.9997,34.72
audioseal,5,ecc1,16,11,2048,english:2136,2,287,fwp,1,1,1,9,0.8182,4.6230,0.9998,35.74
audioseal,5,ecc1,16,11,2048,english:2159,0,288,mean,1,1,1,7,0.6364,4.6105,0.9995,33.69
audioseal,5,ecc1,16,11,2048,english:2159,0,288,fwp,1,1,1,8,0.7273,4.5884,0.9991,31.95
audioseal,5,ecc1,16,11,2048,english:2159,1,289,mean,1,1,1,9,0.8182,4.6063,0.9991,33.41
audioseal,5,ecc1,16,11,2048,english:2159,1,289,fwp,1,1,1,8,0.7273,4.6140,0.9992,34.28
audioseal,5,ecc1,16,11,2048,english:2159,2,290,mean,1,1,1,9,0.8182,4.5944,0.9991,32.86
audioseal,5,ecc1,16,11,2048,english:2159,2,290,fwp,1,1,1,9,0.8182,4.6074,0.9994,35.11
audioseal,5,ecc1,16,11,2048,english:2182,0,291,mean,1,1,1,9,0.8182,4.5950,0.9984,35.00
audioseal,5,ecc1,16,11,2048,english:2182,0,291,fwp,1,0,0,9,0.8182,4.5516,0.9971,31.24
audioseal,5,ecc1,16,11,2048,english:2182,1,292,mean,1,1,1,10,0.9091,4.5910,0.9984,34.42
audioseal,5,ecc1,16,11,2048,english:2182,1,292,fwp,1,1,1,7,0.6364,4.5748,0.9978,33.34
audioseal,5,ecc1,16,11,2048,english:2182,2,293,mean,1,1,1,8,0.7273,4.5878,0.9982,36.80
audioseal,5,ecc1,16,11,2048,english:2182,2,293,fwp,1,1,1,8,0.7273,4.5621,0.9976,34.64
audioseal,5,ecc1,16,11,2048,english:2196,0,294,mean,1,1,1,9,0.8182,4.6076,0.9999,34.83
audioseal,5,ecc1,16,11,2048,english:2196,0,294,fwp,1,1,1,9,0.8182,4.6041,0.9999,34.36
audioseal,5,ecc1,16,11,2048,english:2196,1,295,mean,1,1,1,9,0.8182,4.5764,0.9998,32.92
audioseal,5,ecc1,16,11,2048,english:2196,1,295,fwp,1,1,1,8,0.7273,4.5371,0.9997,29.97
audioseal,5,ecc1,16,11,2048,english:2196,2,296,mean,1,1,1,9,0.8182,4.6038,0.9998,31.00
audioseal,5,ecc1,16,11,2048,english:2196,2,296,fwp,1,1,1,8,0.7273,4.6030,0.9999,31.94
audioseal,5,ecc1,16,11,2048,english:226,0,297,mean,1,1,1,9,0.8182,4.5949,0.9965,31.98
audioseal,5,ecc1,16,11,2048,english:226,0,297,fwp,1,1,1,8,0.7273,4.5844,0.9967,33.41
audioseal,5,ecc1,16,11,2048,english:226,1,298,mean,1,1,1,9,0.8182,4.5809,0.9960,31.32
audioseal,5,ecc1,16,11,2048,english:226,1,298,fwp,1,1,1,8,0.7273,4.5982,0.9974,32.09
audioseal,5,ecc1,16,11,2048,english:226,2,299,mean,1,1,0,10,0.9091,4.5919,0.9960,32.03
audioseal,5,ecc1,16,11,2048,english:226,2,299,fwp,1,0,0,10,0.9091,4.5602,0.9930,28.43
